0,0,0,0,0,0,0,0,0,0,0,0,0,0,0,0,0,1.92888e-09,3.72458e-09,7.09081e-09,1.32287e-08,2.37931e-08,4.02953e-08,6.25393e-08,8.72511e-08,1.09462e-07,1.2595e-07,1.36562e-07,1.42805e-07,1.46316e-07,1.48268e-07,1.49372e-07,1.50022e-07,1.50427e-07,1.50697e-07,1.50886e-07,1.51022e-07,1.51117e-07,1.51179e-07,1.5121e-07,1.5121e-07,1.51179e-07,1.51117e-07,1.51022e-07,1.50886e-07,1.50697e-07,1.50427e-07,1.50022e-07,1.49372e-07,1.48268e-07,1.46316e-07,1.42805e-07,1.36562e-07,1.2595e-07,1.09462e-07,8.72512e-08,6.25393e-08,4.02952e-08,2.37931e-08,1.32287e-08,7.0908e-09,3.72458e-09,1.92888e-09,0,0,0,0,0,0,0,0,0,0,0,0,0,0,0,0,0
0,0,0,0,0,0,0,0,0,0,0,0,0,0,0,1.05212e-09,2.06298e-09,4.03059e-09,7.81862e-09,1.50074e-08,2.81998e-08,5.09131e-08,8.59816e-08,1.32091e-07,1.81659e-07,2.24757e-07,2.5588e-07,2.7555e-07,2.87058e-07,2.93594e-07,2.97335e-07,2.9956e-07,3.00966e-07,3.0192e-07,3.02609e-07,3.03123e-07,3.0351e-07,3.0379e-07,3.03976e-07,3.04069e-07,3.04069e-07,3.03976e-07,3.03791e-07,3.03511e-07,3.03124e-07,3.02609e-07,3.0192e-07,3.00967e-07,2.9956e-07,2.97335e-07,2.93594e-07,2.87059e-07,2.7555e-07,2.5588e-07,2.24758e-07,1.81659e-07,1.32091e-07,8.59818e-08,5.0913e-08,2.81997e-08,1.50073e-08,7.81859e-09,4.03056e-09,2.06296e-09,1.05211e-09,0,0,0,0,0,0,0,0,0,0,0,0,0,0,0
0,0,0,0,0,0,0,0,0,0,0,0,0,0,1.09188e-09,2.17471e-09,4.2635e-09,8.35306e-09,1.63071e-08,3.15179e-08,5.96019e-08,1.07956e-07,1.81866e-07,2.77135e-07,3.77131e-07,4.62288e-07,5.2315e-07,5.61888e-07,5.8533e-07,5.99619e-07,6.08791e-07,6.1515e-07,6.19912e-07,6.23688e-07,6.26771e-07,6.29293e-07,6.31304e-07,6.32819e-07,6.33837e-07,6.34344e-07,6.34344e-07,6.33838e-07,6.32819e-07,6.31304e-07,6.29294e-07,6.26773e-07,6.2369e-07,6.19912e-07,6.15151e-07,6.08792e-07,5.9962e-07,5.85331e-07,5.61888e-07,5.2315e-07,4.62288e-07,3.77131e-07,2.77135e-07,1.81866e-07,1.07956e-07,5.96017e-08,3.15177e-08,1.6307e-08,8.353e-09,4.26345e-09,2.1747e-09,1.09188e-09,0,0,0,0,0,0,0,0,0,0,0,0,0,0
0,0,0,0,0,0,0,0,0,0,0,0,0,1.09229e-09,2.19486e-09,4.31173e-09,8.49724e-09,1.67334e-08,3.28406e-08,6.38594e-08,1.21458e-07,2.2066e-07,3.71097e-07,5.62226e-07,7.59684e-07,9.26202e-07,1.04566e-06,1.12379e-06,1.17399e-06,1.20769e-06,1.23215e-06,1.25138e-06,1.26741e-06,1.28117e-06,1.29301e-06,1.30305e-06,1.31124e-06,1.3175e-06,1.32175e-06,1.32385e-06,1.32385e-06,1.32175e-06,1.3175e-06,1.31125e-06,1.30305e-06,1.29301e-06,1.28117e-06,1.26741e-06,1.25138e-06,1.23215e-06,1.20769e-06,1.17399e-06,1.12379e-06,1.04566e-06,9.26203e-07,7.59683e-07,5.62226e-07,3.71096e-07,2.20659e-07,1.21457e-07,6.3859e-08,3.28404e-08,1.67333e-08,8.49716e-09,4.31168e-09,2.19483e-09,1.09227e-09,0,0,0,0,0,0,0,0,0,0,0,0,0
0,0,0,0,0,0,0,0,0,0,0,0,1.08501e-09,2.19408e-09,4.3104e-09,8.50799e-09,1.68128e-08,3.32226e-08,6.54879e-08,1.28033e-07,2.44819e-07,4.46176e-07,7.49962e-07,1.13228e-06,1.52387e-06,1.85377e-06,2.09409e-06,2.25775e-06,2.37057e-06,2.45367e-06,2.52015e-06,2.57694e-06,2.62736e-06,2.67253e-06,2.71257e-06,2.74708e-06,2.77554e-06,2.79741e-06,2.81232e-06,2.81967e-06,2.81967e-06,2.81232e-06,2.79741e-06,2.77554e-06,2.74709e-06,2.71257e-06,2.67253e-06,2.62736e-06,2.57695e-06,2.52014e-06,2.45367e-06,2.37056e-06,2.25774e-06,2.09408e-06,1.85376e-06,1.52387e-06,1.13228e-06,7.4996e-07,4.46174e-07,2.44817e-07,1.28032e-07,6.54875e-08,3.32223e-08,1.68127e-08,8.50791e-09,4.31035e-09,2.19406e-09,1.085e-09,0,0,0,0,0,0,0,0,0,0,0,0
0,0,0,0,0,0,0,0,0,0,0,0,2.19223e-09,4.28161e-09,8.43912e-09,1.66788e-08,3.30174e-08,6.5408e-08,1.29403e-07,2.54199e-07,4.88488e-07,8.93334e-07,1.50275e-06,2.26601e-06,3.04574e-06,3.70666e-06,4.19951e-06,4.55128e-06,4.81128e-06,5.01899e-06,5.19812e-06,5.36007e-06,5.50903e-06,5.64529e-06,5.76732e-06,5.87298e-06,5.96015e-06,6.02709e-06,6.07267e-06,6.09506e-06,6.09505e-06,6.07267e-06,6.02708e-06,5.96014e-06,5.87298e-06,5.76732e-06,5.64529e-06,5.50903e-06,5.36006e-06,5.19809e-06,5.01897e-06,4.81125e-06,4.55127e-06,4.1995e-06,3.70665e-06,3.04573e-06,2.266e-06,1.50274e-06,8.93327e-07,4.88484e-07,2.54197e-07,1.29402e-07,6.54073e-08,3.3017e-08,1.66786e-08,8.43902e-09,4.28155e-09,2.19221e-09,0,0,0,0,0,0,0,0,0,0,0,0
0,0,0,0,0,0,0,0,0,0,0,2.13996e-09,4.23805e-09,8.33114e-09,1.64311e-08,3.24839e-08,6.43605e-08,1.27718e-07,2.53396e-07,4.99804e-07,9.64972e-07,1.77157e-06,2.98642e-06,4.50706e-06,6.06425e-06,7.40023e-06,8.42599e-06,9.19637e-06,9.80613e-06,1.03284e-05,1.08029e-05,1.12462e-05,1.16611e-05,1.2044e-05,1.23891e-05,1.269e-05,1.29404e-05,1.31344e-05,1.32676e-05,1.33331e-05,1.33331e-05,1.32676e-05,1.31344e-05,1.29404e-05,1.269e-05,1.23891e-05,1.2044e-05,1.1661e-05,1.12462e-05,1.08029e-05,1.03283e-05,9.80607e-06,9.19633e-06,8.42594e-06,7.40019e-06,6.06423e-06,4.50704e-06,2.98641e-06,1.77155e-06,9.64963e-07,4.99797e-07,2.53393e-07,1.27716e-07,6.43598e-08,3.24836e-08,1.64309e-08,8.33102e-09,4.238e-09,2.13995e-09,0,0,0,0,0,0,0,0,0,0,0
0,0,0,0,0,0,0,0,0,0,2.11552e-09,4.19888e-09,8.21682e-09,1.61516e-08,3.18243e-08,6.28768e-08,1.24574e-07,2.47411e-07,4.91825e-07,9.73353e-07,1.88761e-06,3.48081e-06,5.88911e-06,8.91482e-06,1.20367e-05,1.47624e-05,1.69279e-05,1.86425e-05,2.00856e-05,2.1386e-05,2.261e-05,2.37828e-05,2.49086e-05,2.59798e-05,2.69785e-05,2.78782e-05,2.86474e-05,2.92554e-05,2.96781e-05,2.98869e-05,2.98868e-05,2.96781e-05,2.92553e-05,2.86473e-05,2.78781e-05,2.69784e-05,2.59797e-05,2.49085e-05,2.37826e-05,2.26099e-05,2.13859e-05,2.00855e-05,1.86423e-05,1.69278e-05,1.47622e-05,1.20366e-05,8.91475e-06,5.88907e-06,3.48078e-06,1.88759e-06,9.73344e-07,4.91821e-07,2.47408e-07,1.24572e-07,6.2876e-08,3.18238e-08,1.61514e-08,8.21669e-09,4.19881e-09,2.11552e-09,0,0,0,0,0,0,0,0,0,0
0,0,0,0,0,0,0,0,0,2.10761e-09,4.17659e-09,8.14613e-09,1.59488e-08,3.12917e-08,6.15452e-08,1.21417e-07,2.4033e-07,4.77234e-07,9.49584e-07,1.88393e-06,3.66807e-06,6.79658e-06,1.15544e-05,1.75732e-05,2.38503e-05,2.94431e-05,3.40478e-05,3.7879e-05,4.12739e-05,4.44763e-05,4.763e-05,5.08031e-05,5.39971e-05,5.71489e-05,6.01479e-05,6.28643e-05,6.51781e-05,6.69939e-05,6.8248e-05,6.88634e-05,6.88634e-05,6.82479e-05,6.69938e-05,6.51779e-05,6.28641e-05,6.01475e-05,5.71485e-05,5.39967e-05,5.08028e-05,4.76297e-05,4.44759e-05,4.12735e-05,3.78787e-05,3.40475e-05,2.94428e-05,2.38501e-05,1.75731e-05,1.15543e-05,6.79651e-06,3.66803e-06,1.88391e-06,9.49573e-07,4.77227e-07,2.40328e-07,1.21415e-07,6.15444e-08,3.12913e-08,1.59486e-08,8.146e-09,4.17651e-09,2.1076e-09,0,0,0,0,0,0,0,0,0
0,0,0,0,0,0,0,0,2.10761e-09,4.16648e-09,8.0985e-09,1.57961e-08,3.08476e-08,6.03641e-08,1.18419e-07,2.33061e-07,4.6043e-07,9.13175e-07,1.81668e-06,3.60921e-06,7.0507e-06,1.31297e-05,2.24534e-05,3.43689e-05,4.69765e-05,5.84765e-05,6.83058e-05,7.68996e-05,8.49533e-05,9.30162e-05,0.000101375,0.000110018,0.000118693,0.000127041,0.00013472,0.000141473,0.000147115,0.000151509,0.000154541,0.000156033,0.000156033,0.000154541,0.000151508,0.000147115,0.000141472,0.000134719,0.000127039,0.000118692,0.000110017,0.000101374,9.30152e-05,8.49521e-05,7.68986e-05,6.83052e-05,5.84759e-05,4.6976e-05,3.43686e-05,2.24531e-05,1.31295e-05,7.05062e-06,3.60915e-06,1.81665e-06,9.1316e-07,4.60422e-07,2.33057e-07,1.18417e-07,6.03633e-08,3.08471e-08,1.57958e-08,8.09835e-09,4.1664e-09,2.1076e-09,0,0,0,0,0,0,0,0
0,0,0,0,0,0,0,2.11553e-09,4.1766e-09,8.09849e-09,1.57404e-08,3.06124e-08,5.95883e-08,1.16209e-07,2.27204e-07,4.45666e-07,8.77765e-07,1.73668e-06,3.44979e-06,6.854e-06,1.34215e-05,2.51167e-05,4.32461e-05,6.67235e-05,9.2005e-05,0.00011567,0.000136727,0.000156209,0.000175594,0.00019568,0.000216306,0.000236742,0.000256251,0.0002744,0.000291007,0.000305895,0.000318721,0.000329007,0.000336255,0.000339862,0.000339862,0.000336254,0.000329005,0.000318719,0.000305893,0.000291005,0.000274397,0.000256249,0.000236739,0.000216303,0.000195678,0.000175591,0.000156207,0.000136725,0.000115668,9.20037e-05,6.67228e-05,4.32455e-05,2.51163e-05,1.34213e-05,6.8539e-06,3.44974e-06,1.73665e-06,8.77751e-07,4.45659e-07,2.272e-07,1.16207e-07,5.95873e-08,3.06119e-08,1.57401e-08,8.09838e-09,4.17653e-09,2.11551e-09,0,0,0,0,0,0,0
0,0,0,0,0,0,2.13997e-09,4.1989e-09,8.14616e-09,1.57961e-08,3.06125e-08,5.93331e-08,1.15054e-07,2.23459e-07,4.35059e-07,8.49771e-07,1.66669e-06,3.2852e-06,6.50636e-06,1.29061e-05,2.52978e-05,4.75491e-05,8.24662e-05,0.000128397,0.000178869,0.000227531,0.000272884,0.000316978,0.00036162,0.000406555,0.000450666,0.000493709,0.000536202,0.000578586,0.000620173,0.000659085,0.00069298,0.000719756,0.00073809,0.000746895,0.000746892,0.000738087,0.000719752,0.000692974,0.000659079,0.000620166,0.000578578,0.000536195,0.000493702,0.000450659,0.000406549,0.000361613,0.000316973,0.00027288,0.000227527,0.000178866,0.000128395,8.2465e-05,4.75485e-05,2.52974e-05,1.29058e-05,6.50624e-06,3.28514e-06,1.66666e-06,8.49756e-07,4.35052e-07,2.23455e-07,1.15052e-07,5.9332e-08,3.0612e-08,1.57959e-08,8.14599e-09,4.19883e-09,2.13995e-09,0,0,0,0,0,0
0,0,0,0,1.08501e-09,2.19221e-09,4.23811e-09,8.21688e-09,1.59489e-08,3.08478e-08,5.95885e-08,1.15054e-07,2.22133e-07,4.29371e-07,8.31741e-07,1.61622e-06,3.15346e-06,6.1832e-06,1.21886e-05,2.40915e-05,4.71807e-05,8.8968e-05,0.000155415,0.000244368,0.000344432,0.000444252,0.000540878,0.000635419,0.000729557,0.000825277,0.000925944,0.00103493,0.00115331,0.00127684,0.00139625,0.00150244,0.00158893,0.00165247,0.00169298,0.00171081,0.00171081,0.00169298,0.00165246,0.00158891,0.00150242,0.00139623,0.00127682,0.00115328,0.00103491,0.000925927,0.000825262,0.000729544,0.000635406,0.000540867,0.000444244,0.000344424,0.000244364,0.000155412,8.89666e-05,4.71798e-05,2.40911e-05,1.21884e-05,6.18307e-06,3.1534e-06,1.61619e-06,8.31725e-07,4.29363e-07,2.22129e-07,1.15052e-07,5.95874e-08,3.08473e-08,1.59487e-08,8.21674e-09,4.23804e-09,2.19218e-09,1.085e-09,0,0,0,0
0,0,0,1.09228e-09,2.1941e-09,4.28167e-09,8.33126e-09,1.61519e-08,3.12921e-08,6.03649e-08,1.1621e-07,2.2346e-07,4.29372e-07,8.25488e-07,1.58969e-06,3.06998e-06,5.95222e-06,1.15959e-05,2.27063e-05,4.46209e-05,8.7094e-05,0.000164453,0.000289137,0.000459301,0.00065566,0.000856931,0.00105305,0.00124809,0.00145821,0.00170421,0.00199243,0.00230849,0.00264785,0.00298553,0.00329524,0.00356195,0.00377661,0.00393605,0.00403998,0.0040892,0.0040892,0.00403995,0.00393601,0.00377656,0.00356189,0.00329516,0.00298546,0.00264779,0.00230843,0.00199238,0.00170416,0.00145817,0.00124807,0.00105302,0.00085691,0.000655645,0.00045929,0.000289131,0.00016445,8.7092e-05,4.46201e-05,2.27059e-05,1.15956e-05,5.9521e-06,3.0699e-06,1.58965e-06,8.25471e-07,4.29363e-07,2.23456e-07,1.16208e-07,6.03639e-08,3.12916e-08,1.61515e-08,8.33109e-09,4.28161e-09,2.19407e-09,1.09227e-09,0,0,0
0,0,1.09189e-09,2.19489e-09,4.31047e-09,8.43922e-09,1.64313e-08,3.18247e-08,6.15462e-08,1.18421e-07,2.27207e-07,4.35062e-07,8.31746e-07,1.58969e-06,3.04116e-06,5.8312e-06,1.12203e-05,2.16886e-05,4.21253e-05,8.20873e-05,0.000159214,0.000300206,0.000530392,0.000851064,0.00122987,0.0016219,0.0020138,0.0024671,0.0030239,0.00371181,0.00449855,0.00531304,0.00615679,0.00699689,0.00780571,0.00856176,0.00923386,0.00978466,0.0101938,0.0104326,0.0104326,0.0101937,0.0097845,0.00923368,0.00856155,0.0078055,0.00699669,0.0061566,0.00531287,0.0044984,0.00371169,0.0030238,0.00246703,0.00201375,0.00162187,0.00122983,0.000851042,0.00053038,0.000300199,0.00015921,8.20855e-05,4.21243e-05,2.16881e-05,1.122e-05,5.83106e-06,3.04109e-06,1.58966e-06,8.31728e-07,4.35054e-07,2.27202e-07,1.18418e-07,6.1545e-08,3.18242e-08,1.64311e-08,8.43908e-09,4.31041e-09,2.19486e-09,1.09188e-09,0,0
0,1.05212e-09,2.17474e-09,4.31178e-09,8.50813e-09,1.6679e-08,3.24845e-08,6.2878e-08,1.21419e-07,2.33064e-07,4.45672e-07,8.49783e-07,1.61624e-06,3.07e-06,5.83121e-06,1.10919e-05,2.1156e-05,4.05131e-05,7.79229e-05,0.000150273,0.000288614,0.000541414,0.000958715,0.00155121,0.00226491,0.0030293,0.00392219,0.00507417,0.00647412,0.00810748,0.00989668,0.0119196,0.013949,0.0161522,0.0184682,0.0207949,0.022985,0.0248433,0.0261842,0.0268681,0.0268679,0.0261838,0.0248428,0.0229844,0.0207942,0.0184676,0.0161516,0.0139485,0.0119191,0.00989631,0.00810715,0.00647386,0.00507399,0.00392206,0.00302921,0.00226484,0.00155117,0.000958687,0.0005414,0.000288606,0.00015027,7.79209e-05,4.05121e-05,2.11555e-05,1.10916e-05,5.83107e-06,3.06992e-06,1.6162e-06,8.49764e-07,4.45663e-07,2.33059e-07,1.21416e-07,6.28768e-08,3.24839e-08,1.66787e-08,8.508e-09,4.31173e-09,2.17472e-09,1.05212e-09,0
0,2.063e-09,4.26353e-09,8.49738e-09,1.68131e-08,3.30179e-08,6.43618e-08,1.24576e-07,2.40335e-07,4.60437e-07,8.7778e-07,1.66672e-06,3.15351e-06,5.95229e-06,1.12204e-05,2.11561e-05,3.99549e-05,7.56972e-05,0.00014394,0.000274193,0.00052007,0.000966693,0.00170649,0.00275518,0.00407485,0.00572396,0.00791296,0.0104991,0.01338,0.0167208,0.0205784,0.0249677,0.0299935,0.0356959,0.041806,0.0479521,0.0536929,0.0585126,0.0619888,0.0637978,0.0637974,0.0619879,0.0585112,0.0536912,0.0479503,0.0418042,0.0356943,0.0299921,0.0249666,0.0205775,0.0167201,0.0133795,0.0104987,0.00791259,0.00572375,0.00407473,0.0027551,0.00170644,0.000966663,0.000520054,0.000274185,0.000143936,7.5695e-05,3.99537e-05,2.11555e-05,1.122e-05,5.95213e-06,3.15344e-06,1.66668e-06,8.7776e-07,4.60427e-07,2.4033e-07,1.24573e-07,6.43607e-08,3.30174e-08,1.68129e-08,8.49724e-09,4.26349e-09,2.06298e-09,0
1.92887e-09,4.03061e-09,8.35315e-09,1.67337e-08,3.32232e-08,6.54093e-08,1.2772e-07,2.47417e-07,4.77244e-07,9.13194e-07,1.73671e-06,3.28526e-06,6.18333e-06,1.15961e-05,2.16889e-05,4.05135e-05,7.56973e-05,0.000141686,0.000265884,0.000499505,0.000934036,0.00171401,0.00298217,0.00479738,0.00722045,0.0109327,0.0152758,0.0196163,0.0251404,0.0319043,0.0402126,0.0501394,0.0615974,0.074261,0.0874489,0.100299,0.111944,0.121514,0.128303,0.131816,0.131815,0.128301,0.121511,0.11194,0.100295,0.0874448,0.0742573,0.0615942,0.0501368,0.0402106,0.0319028,0.0251393,0.0196155,0.0152752,0.0109322,0.00722014,0.00479715,0.00298208,0.00171396,0.000934004,0.000499488,0.000265874,0.000141681,7.5695e-05,4.05123e-05,2.16883e-05,1.15958e-05,6.18316e-06,3.28518e-06,1.73667e-06,9.13172e-07,4.77234e-07,2.47411e-07,1.27718e-07,6.54082e-08,3.32227e-08,1.67335e-08,8.35309e-09,4.03059e-09,1.92887e-09
3.72458e-09,7.8187e-09,1.63073e-08,3.28412e-08,6.54892e-08,1.29406e-07,2.53401e-07,4.91838e-07,9.49609e-07,1.81672e-06,3.44987e-06,6.5065e-06,1.2189e-05,2.27069e-05,4.21262e-05,7.79241e-05,0.000143942,0.000265885,0.000491758,0.000909834,0.00167335,0.00299761,0.00523381,0.00940635,0.0138499,0.0193809,0.0259063,0.0342192,0.0450776,0.0586752,0.0752682,0.094725,0.116463,0.139489,0.16252,0.184157,0.203042,0.218215,0.228748,0.234175,0.234174,0.228745,0.21821,0.203035,0.18415,0.162512,0.139481,0.116456,0.0947197,0.0752638,0.058672,0.0450752,0.0342176,0.0259052,0.0193801,0.0138493,0.00940593,0.00523357,0.00299751,0.00167329,0.000909796,0.00049174,0.000265875,0.000143937,7.79213e-05,4.21249e-05,2.27062e-05,1.21886e-05,6.50633e-06,3.44978e-06,1.81668e-06,9.49588e-07,4.91829e-07,2.53397e-07,1.29404e-07,6.54883e-08,3.28408e-08,1.63072e-08,7.81867e-09,3.72457e-09
7.0908e-09,1.50075e-08,3.15185e-08,6.38606e-08,1.28036e-07,2.54206e-07,4.99815e-07,9.73379e-07,1.88398e-06,3.60931e-06,6.85422e-06,1.29064e-05,2.40923e-05,4.46224e-05,8.209e-05,0.000150278,0.000274198,0.000499511,0.00090984,0.00165626,0.00297921,0.00523417,0.00980388,0.0159256,0.0230376,0.0321361,0.0439529,0.0592307,0.0788262,0.10301,0.131709,0.164072,0.198587,0.233479,0.266831,0.297021,0.322614,0.342485,0.356188,0.363068,0.363066,0.356183,0.342476,0.322603,0.297008,0.266818,0.233467,0.198576,0.164062,0.131701,0.103004,0.0788216,0.0592275,0.0439506,0.0321346,0.0230366,0.015925,0.00980339,0.00523387,0.0029791,0.00165618,0.000909801,0.000499491,0.000274189,0.000150272,8.20872e-05,4.46209e-05,2.40916e-05,1.29061e-05,6.85402e-06,3.60922e-06,1.88394e-06,9.73359e-07,4.99806e-07,2.54202e-07,1.28034e-07,6.38598e-08,3.15181e-08,1.50074e-08,7.09079e-09
1.32287e-08,2.82001e-08,5.9603e-08,1.2146e-07,2.44825e-07,4.88503e-07,9.65001e-07,1.88767e-06,3.66819e-06,7.05093e-06,1.3422e-05,2.52987e-05,4.71825e-05,8.70969e-05,0.00015922,0.000288625,0.000520087,0.000934062,0.00167338,0.00297922,0.00524324,0.00990618,0.0169204,0.0257832,0.0373249,0.0525074,0.0725106,0.098216,0.130524,0.168928,0.212245,0.25863,0.305646,0.350795,0.392331,0.427949,0.457822,0.48011,0.495505,0.502977,0.502973,0.495497,0.480099,0.457805,0.427932,0.392313,0.350777,0.305629,0.258615,0.212232,0.168918,0.130516,0.0982101,0.0725063,0.0525045,0.0373228,0.0257819,0.0169195,0.00990562,0.00524292,0.00297909,0.0016733,0.000934018,0.000520065,0.000288613,0.000159214,8.7094e-05,4.7181e-05,2.52979e-05,1.34216e-05,7.05076e-06,3.6681e-06,1.88762e-06,9.64982e-07,4.88494e-07,2.44821e-07,1.21459e-07,5.96024e-08,2.82e-08,1.32287e-08
2.37932e-08,5.09137e-08,1.07958e-07,2.20664e-07,4.46187e-07,8.93358e-07,1.77162e-06,3.48093e-06,6.79682e-06,1.31301e-05,2.51176e-05,4.75511e-05,8.89719e-05,0.000164461,0.000300219,0.000541439,0.000966735,0.00171408,0.00299769,0.00523436,0.00990633,0.0172065,0.0272373,0.040998,0.0594743,0.0836661,0.11538,0.155053,0.202593,0.256821,0.314592,0.372945,0.429069,0.480395,0.525021,0.562783,0.591959,0.615203,0.629221,0.637301,0.6373,0.62921,0.615186,0.59194,0.56276,0.524996,0.480369,0.429047,0.372921,0.314573,0.256804,0.20258,0.155043,0.115373,0.0836608,0.0594709,0.0409958,0.0272359,0.0172056,0.00990571,0.005234,0.00299754,0.001714,0.000966689,0.000541414,0.000300207,0.000164455,8.89689e-05,4.75495e-05,2.51169e-05,1.31298e-05,6.79666e-06,3.48086e-06,1.77159e-06,8.93343e-07,4.4618e-07,2.20662e-07,1.07958e-07,5.09135e-08,2.37931e-08
4.02952e-08,8.59826e-08,1.81869e-07,3.71104e-07,7.49979e-07,1.50279e-06,2.98652e-06,5.8893e-06,1.15548e-05,2.24541e-05,4.32476e-05,8.24696e-05,0.000155421,0.00028915,0.000530418,0.00095876,0.00170657,0.00298233,0.00523412,0.00980419,0.0169207,0.0272375,0.0423281,0.063347,0.0913992,0.127921,0.174104,0.230433,0.294002,0.362414,0.431421,0.497089,0.556269,0.608438,0.650444,0.686319,0.712657,0.732374,0.7451,0.751192,0.751183,0.74509,0.732359,0.71264,0.68629,0.650412,0.60841,0.556237,0.49706,0.431395,0.36239,0.293981,0.230416,0.174092,0.127913,0.0913937,0.0633429,0.0423256,0.027236,0.0169197,0.00980361,0.00523378,0.00298218,0.00170649,0.000958714,0.000530396,0.000289139,0.000155416,8.2467e-05,4.32465e-05,2.24536e-05,1.15546e-05,5.88919e-06,2.98647e-06,1.50277e-06,7.4997e-07,3.71101e-07,1.81868e-07,8.59824e-08,4.02951e-08
6.25392e-08,1.32092e-07,2.77138e-07,5.62235e-07,1.13231e-06,2.26605e-06,4.50716e-06,8.91505e-06,1.75737e-05,3.43699e-05,6.67259e-05,0.000128401,0.000244378,0.000459319,0.0008511,0.00155128,0.00275533,0.00479747,0.00940674,0.0159261,0.0257838,0.0409988,0.0633475,0.0941709,0.134547,0.186248,0.249342,0.321507,0.400157,0.477809,0.551955,0.617964,0.675269,0.720694,0.75961,0.786832,0.811891,0.823782,0.836132,0.838626,0.838623,0.836124,0.82377,0.811866,0.786804,0.759582,0.720657,0.67523,0.617926,0.551919,0.477778,0.400126,0.321483,0.249323,0.186236,0.134537,0.0941648,0.0633434,0.0409963,0.0257823,0.0159253,0.00940617,0.00479719,0.00275522,0.00155121,0.000851067,0.000459303,0.00024437,0.000128398,6.67241e-05,3.43692e-05,1.75733e-05,8.91489e-06,4.5071e-06,2.26603e-06,1.1323e-06,5.62231e-07,2.77137e-07,1.32092e-07,6.25392e-08
8.72512e-08,1.8166e-07,3.77134e-07,7.59693e-07,1.52389e-06,3.04578e-06,6.06436e-06,1.20369e-05,2.38508e-05,4.69777e-05,9.20076e-05,0.000178874,0.000344443,0.000655685,0.00122991,0.002265,0.00407507,0.00722075,0.0138505,0.0230385,0.037326,0.0594759,0.0914015,0.134548,0.190421,0.258615,0.338873,0.425039,0.511622,0.595001,0.664769,0.726925,0.774408,0.813649,0.842875,0.866384,0.880982,0.894491,0.898838,0.904202,0.904205,0.898833,0.894474,0.880957,0.866371,0.84284,0.813611,0.774367,0.726879,0.664726,0.594956,0.511585,0.425,0.338847,0.258592,0.190407,0.134539,0.0913947,0.0594721,0.0373237,0.0230372,0.0138497,0.0072203,0.00407489,0.00226491,0.00122986,0.000655662,0.000344433,0.000178869,9.20055e-05,4.69766e-05,2.38504e-05,1.20367e-05,6.06429e-06,3.04576e-06,1.52388e-06,7.59688e-07,3.77133e-07,1.81659e-07,8.7251e-08
1.09462e-07,2.24759e-07,4.62291e-07,9.2621e-07,1.85378e-06,3.70671e-06,7.40034e-06,1.47626e-05,2.94437e-05,5.84779e-05,0.000115673,0.000227538,0.000444267,0.000856962,0.00162196,0.00302943,0.00572428,0.0109334,0.0193819,0.0321377,0.0525099,0.0836693,0.127926,0.186255,0.258618,0.34466,0.437614,0.533378,0.621541,0.698859,0.764211,0.813386,0.852347,0.882248,0.903553,0.922123,0.928256,0.940471,0.94236,0.947253,0.947246,0.94236,0.940453,0.928249,0.922102,0.903525,0.882212,0.852311,0.813329,0.764155,0.698815,0.621482,0.533329,0.437568,0.344632,0.258596,0.186239,0.127916,0.0836632,0.0525063,0.0321357,0.0193808,0.0109327,0.00572396,0.00302931,0.0016219,0.000856931,0.000444254,0.000227532,0.00011567,5.84767e-05,2.94432e-05,1.47624e-05,7.40026e-06,3.70668e-06,1.85377e-06,9.26204e-07,4.6229e-07,2.24758e-07,1.09462e-07
1.2595e-07,2.55881e-07,5.23152e-07,1.04567e-06,2.09411e-06,4.19956e-06,8.42613e-06,1.69281e-05,3.40485e-05,6.83074e-05,0.000136731,0.000272894,0.000540896,0.00105309,0.00201389,0.00392242,0.00791351,0.0152768,0.0259079,0.0439557,0.0725152,0.115387,0.174113,0.249352,0.338887,0.437616,0.540183,0.634558,0.71966,0.785021,0.838878,0.875791,0.905726,0.924603,0.948114,0.950529,0.967547,0.962428,0.975273,0.971702,0.971717,0.975257,0.962445,0.967517,0.950516,0.948094,0.924594,0.905699,0.87575,0.838845,0.784973,0.719611,0.634497,0.540138,0.437577,0.338854,0.249331,0.174097,0.115378,0.0725098,0.0439528,0.0259063,0.0152759,0.00791298,0.00392221,0.00201381,0.00105305,0.000540881,0.000272886,0.000136728,6.83062e-05,3.4048e-05,1.69279e-05,8.42604e-06,4.19954e-06,2.0941e-06,1.04566e-06,5.23152e-07,2.55882e-07,1.2595e-07
1.36562e-07,2.75551e-07,5.61889e-07,1.12379e-06,2.25777e-06,4.55135e-06,9.19651e-06,1.86428e-05,3.78799e-05,7.69017e-05,0.000156215,0.000316991,0.000635447,0.00124815,0.00246725,0.00507457,0.0105,0.0196178,0.0342221,0.0592358,0.0982243,0.155065,0.230447,0.321527,0.42505,0.533387,0.634552,0.724842,0.795418,0.854804,0.887821,0.924185,0.934063,0.966814,0.965476,0.981586,0.983568,0.987932,0.991945,0.988109,0.988108,0.991932,0.987941,0.98355,0.981543,0.965492,0.966771,0.934046,0.924159,0.887785,0.854779,0.795375,0.724792,0.634498,0.533337,0.425019,0.321494,0.230426,0.155051,0.0982158,0.0592311,0.0342196,0.0196166,0.0104993,0.00507425,0.00246713,0.00124811,0.000635426,0.000316982,0.000156211,7.69001e-05,3.78793e-05,1.86426e-05,9.1964e-06,4.55131e-06,2.25776e-06,1.12379e-06,5.61888e-07,2.75551e-07,1.36562e-07
1.42805e-07,2.87059e-07,5.85333e-07,1.174e-06,2.37059e-06,4.81133e-06,9.80627e-06,2.00861e-05,4.12749e-05,8.49559e-05,0.000175601,0.000361637,0.000729594,0.00145829,0.00302413,0.00647473,0.0133812,0.0251428,0.0450823,0.0788352,0.130537,0.202613,0.294025,0.400182,0.511659,0.621546,0.719677,0.795429,0.859143,0.894742,0.937666,0.943108,0.969568,0.987226,0.986013,1,0.985447,0.996096,0.988591,0.994943,0.994927,0.988597,0.996095,0.985472,1,0.985989,0.987203,0.969524,0.943045,0.937614,0.894692,0.859094,0.795363,0.7196,0.621503,0.511603,0.400144,0.293998,0.202593,0.130525,0.0788279,0.0450787,0.025141,0.0133804,0.0064743,0.00302398,0.00145823,0.000729572,0.000361625,0.000175596,8.49541e-05,4.12742e-05,2.00858e-05,9.80617e-06,4.8113e-06,2.37057e-06,1.17399e-06,5.85331e-07,2.87058e-07,1.42805e-07
1.46316e-07,2.93594e-07,5.99622e-07,1.2077e-06,2.4537e-06,5.01905e-06,1.03285e-05,2.13866e-05,4.44777e-05,9.302e-05,0.00019569,0.000406577,0.000825324,0.00170434,0.00371218,0.00810838,0.0167227,0.0319082,0.0586829,0.103024,0.168951,0.25685,0.362452,0.477851,0.59504,0.698924,0.785051,0.854866,0.894773,0.939925,0.951603,0.966989,0.999971,0.990331,0.998118,0.987793,0.998397,0.994192,0.994172,0.992879,0.992875,0.99417,0.99419,0.998414,0.987801,0.998079,0.990297,0.999956,0.966935,0.951566,0.93987,0.894706,0.854765,0.784989,0.698832,0.594987,0.477804,0.362413,0.256825,0.168933,0.103014,0.0586776,0.0319057,0.0167215,0.0081078,0.00371195,0.00170426,0.000825297,0.000406564,0.000195684,9.30177e-05,4.4477e-05,2.13863e-05,1.03284e-05,5.01901e-06,2.45368e-06,1.2077e-06,5.99621e-07,2.93595e-07,1.46316e-07
1.48268e-07,2.97335e-07,6.08794e-07,1.23216e-06,2.52018e-06,5.19819e-06,1.08031e-05,2.26106e-05,4.76318e-05,0.00010138,0.000216318,0.000450692,0.00092601,0.00199262,0.00449907,0.00989798,0.0205811,0.0402188,0.0752805,0.13173,0.212277,0.314637,0.431469,0.552013,0.664834,0.764258,0.838955,0.887854,0.937677,0.951564,0.967888,0.997995,0.98784,0.997123,0.99764,0.99431,0.993898,0.994131,0.993451,0.992395,0.992402,0.993451,0.994138,0.993927,0.994291,0.99761,0.997119,0.987855,0.99796,0.96789,0.951568,0.937615,0.887826,0.838851,0.764201,0.664766,0.551954,0.43143,0.314603,0.212254,0.131716,0.0752727,0.040215,0.0205795,0.00989725,0.00449878,0.00199251,0.000925972,0.000450677,0.000216311,0.000101377,4.76309e-05,2.26103e-05,1.0803e-05,5.19815e-06,2.52016e-06,1.23216e-06,6.08793e-07,2.97335e-07,1.48268e-07
1.49372e-07,2.9956e-07,6.15154e-07,1.25139e-06,2.57698e-06,5.36017e-06,1.12465e-05,2.37837e-05,5.08054e-05,0.000110024,0.000236757,0.000493741,0.00103502,0.00230875,0.00531377,0.0119213,0.0249718,0.0501487,0.0947432,0.164103,0.258674,0.373,0.497154,0.61802,0.726991,0.813451,0.875802,0.924183,0.943041,0.966959,0.997977,0.987746,0.997664,0.993678,0.994148,0.99281,0.990622,0.991764,0.991556,0.990111,0.990098,0.991563,0.991785,0.990668,0.992778,0.994092,0.993707,0.997594,0.987753,0.997976,0.966958,0.943057,0.924158,0.875787,0.813364,0.726923,0.617973,0.497102,0.372962,0.258646,0.164084,0.0947329,0.0501436,0.0249695,0.0119204,0.00531339,0.00230861,0.00103497,0.000493724,0.000236749,0.000110021,5.08043e-05,2.37832e-05,1.12464e-05,5.36013e-06,2.57697e-06,1.25139e-06,6.15152e-07,2.9956e-07,1.49372e-07
1.50022e-07,3.00967e-07,6.19915e-07,1.26742e-06,2.6274e-06,5.50915e-06,1.16614e-05,2.49096e-05,5.39998e-05,0.000118701,0.000256269,0.000536242,0.00115342,0.0026482,0.00615775,0.0139514,0.0299995,0.061611,0.116488,0.198628,0.305703,0.429142,0.556341,0.675339,0.774458,0.852389,0.905744,0.93403,0.969538,0.999967,0.987804,0.997685,0.99579,0.994197,0.994306,0.991141,0.989715,0.990896,0.989945,0.989245,0.989251,0.989932,0.990952,0.989706,0.991079,0.99425,0.994107,0.995697,0.997638,0.987887,0.999957,0.969553,0.934056,0.905701,0.852336,0.774402,0.675276,0.556293,0.429097,0.30567,0.198605,0.116475,0.0616041,0.0299965,0.0139502,0.00615729,0.00264803,0.00115337,0.000536223,0.00025626,0.000118697,5.39987e-05,2.49091e-05,1.16613e-05,5.50911e-06,2.62738e-06,1.26742e-06,6.19915e-07,3.00967e-07,1.50022e-07
1.50427e-07,3.01921e-07,6.23692e-07,1.28118e-06,2.67257e-06,5.64543e-06,1.20444e-05,2.59808e-05,5.71522e-05,0.000127049,0.00027442,0.000578634,0.00127699,0.00298594,0.00699811,0.0161554,0.0357044,0.0742798,0.139523,0.233533,0.350864,0.480473,0.608527,0.720766,0.813708,0.882313,0.924616,0.966839,0.987325,0.990362,0.997177,0.993651,0.994199,0.991613,0.991683,0.989174,0.988647,0.989805,0.988518,0.988235,0.98822,0.988513,0.989883,0.988609,0.989141,0.991657,0.991746,0.994083,0.993695,0.99714,0.990336,0.987182,0.966824,0.9246,0.88224,0.813649,0.720714,0.608469,0.480428,0.350827,0.233506,0.139506,0.074271,0.0357005,0.016154,0.00699757,0.00298576,0.00127693,0.000578614,0.000274411,0.000127046,5.71508e-05,2.59804e-05,1.20442e-05,5.64538e-06,2.67256e-06,1.28118e-06,6.23691e-07,3.01921e-07,1.50427e-07
1.50697e-07,3.02609e-07,6.26775e-07,1.29303e-06,2.71261e-06,5.76748e-06,1.23895e-05,2.69797e-05,6.01518e-05,0.00013473,0.000291031,0.000620234,0.00139643,0.00329574,0.00780724,0.0184726,0.0418174,0.0874736,0.162563,0.266894,0.392413,0.525115,0.650528,0.759696,0.842944,0.903599,0.948199,0.965496,0.986041,0.998131,0.997672,0.994204,0.994285,0.991678,0.990587,0.98931,0.987496,0.989086,0.987375,0.987475,0.987469,0.987297,0.989079,0.987373,0.989208,0.990492,0.991699,0.994095,0.994192,0.997668,0.998093,0.985987,0.965472,0.948134,0.903555,0.842895,0.759637,0.650477,0.525065,0.392372,0.266864,0.162544,0.0874628,0.0418126,0.0184708,0.00780661,0.00329553,0.00139635,0.000620209,0.000291021,0.000134726,6.01502e-05,2.69792e-05,1.23894e-05,5.76742e-06,2.7126e-06,1.29302e-06,6.26775e-07,3.02609e-07,1.50697e-07
1.50886e-07,3.03123e-07,6.29298e-07,1.30307e-06,2.74714e-06,5.87314e-06,1.26905e-05,2.78796e-05,6.28689e-05,0.000141484,0.000305921,0.000659155,0.00150264,0.00356252,0.00856365,0.0208006,0.0479668,0.10033,0.18421,0.297095,0.428041,0.562882,0.686425,0.786921,0.866457,0.922188,0.950525,0.981636,1,0.987783,0.994321,0.992884,0.99122,0.989223,0.989329,0.987603,0.986932,0.987174,0.986642,0.986332,0.986307,0.986584,0.987167,0.986871,0.987533,0.989316,0.989218,0.991131,0.99284,0.994321,0.987771,1,0.981591,0.950522,0.922148,0.866408,0.786872,0.686367,0.562835,0.427999,0.297062,0.184188,0.100318,0.047961,0.0207984,0.00856294,0.0035623,0.00150256,0.000659129,0.000305911,0.00014148,6.28672e-05,2.78791e-05,1.26903e-05,5.87309e-06,2.74712e-06,1.30306e-06,6.29296e-07,3.03123e-07,1.50886e-07
1.51022e-07,3.03512e-07,6.31309e-07,1.31126e-06,2.77559e-06,5.96031e-06,1.29409e-05,2.8649e-05,6.51832e-05,0.000147128,0.000318751,0.00069306,0.00158916,0.00377726,0.00923609,0.022992,0.053711,0.111981,0.203101,0.322697,0.457925,0.592069,0.71276,0.811987,0.881053,0.928278,0.967636,0.983598,0.9854,0.998401,0.993868,0.990573,0.989763,0.988728,0.987533,0.986938,0.986801,0.986731,0.985093,0.984716,0.984668,0.985036,0.986683,0.986759,0.986923,0.987465,0.988693,0.989711,0.990606,0.993898,0.998418,0.985425,0.983582,0.967591,0.928253,0.881018,0.811936,0.712712,0.592022,0.457881,0.322664,0.203078,0.111967,0.0537043,0.0229894,0.00923533,0.00377703,0.00158907,0.000693032,0.00031874,0.000147123,6.51813e-05,2.86484e-05,1.29407e-05,5.96026e-06,2.77558e-06,1.31126e-06,6.31309e-07,3.03511e-07,1.51022e-07
1.51117e-07,3.03792e-07,6.32823e-07,1.31752e-06,2.79747e-06,6.02727e-06,1.3135e-05,2.92571e-05,6.69993e-05,0.000151522,0.000329039,0.000719846,0.00165272,0.00393677,0.00978725,0.0248515,0.0585336,0.121556,0.218282,0.342576,0.480221,0.615319,0.732487,0.82387,0.894562,0.940531,0.962441,0.987937,0.996125,0.994186,0.994114,0.99178,0.990918,0.989803,0.989039,0.987143,0.986792,0.984587,0.983128,0.98372,0.983531,0.98314,0.984494,0.986744,0.987158,0.98906,0.989827,0.990913,0.991793,0.99412,0.994193,0.996115,0.987927,0.962443,0.940504,0.894527,0.82383,0.732439,0.615273,0.480179,0.342543,0.218258,0.121542,0.0585265,0.0248487,0.00978641,0.00393654,0.00165264,0.000719814,0.000329027,0.000151518,6.69975e-05,2.92565e-05,1.31348e-05,6.02721e-06,2.79745e-06,1.31751e-06,6.32822e-07,3.03792e-07,1.51118e-07
1.51179e-07,3.03977e-07,6.33842e-07,1.32177e-06,2.81238e-06,6.07287e-06,1.32681e-05,2.968e-05,6.82538e-05,0.000154555,0.00033629,0.000738184,0.00169324,0.00404075,0.0101967,0.0261935,0.0620123,0.128348,0.22882,0.356286,0.495623,0.629342,0.745207,0.836227,0.89892,0.942394,0.975316,0.991979,0.988571,0.994171,0.993433,0.991527,0.989952,0.988514,0.987391,0.986581,0.985145,0.983094,0.983019,0.983055,0.983031,0.983117,0.983112,0.985069,0.986515,0.98734,0.9885,0.989932,0.991522,0.993436,0.994169,0.988581,0.991967,0.975295,0.942377,0.89889,0.836193,0.745168,0.629299,0.495582,0.356254,0.228797,0.128333,0.0620049,0.0261907,0.0101957,0.00404053,0.00169316,0.000738156,0.000336279,0.000154551,6.8252e-05,2.96794e-05,1.32679e-05,6.07281e-06,2.81236e-06,1.32176e-06,6.33839e-07,3.03977e-07,1.51179e-07
1.51211e-07,3.0407e-07,6.34351e-07,1.32387e-06,2.81974e-06,6.09525e-06,1.33337e-05,2.98888e-05,6.88693e-05,0.000156048,0.0003399,0.000746994,0.00171108,0.00409003,0.0104354,0.0268781,0.0638226,0.131864,0.23425,0.363171,0.503098,0.637428,0.751304,0.838715,0.904277,0.947312,0.971734,0.988101,0.994953,0.992869,0.992387,0.990101,0.989241,0.988241,0.987448,0.986354,0.984673,0.983788,0.982842,0.987697,0.986524,0.982736,0.983619,0.984546,0.986303,0.987439,0.988236,0.989227,0.990089,0.992379,0.992865,0.994952,0.988105,0.971728,0.947291,0.904254,0.838688,0.751265,0.637387,0.50306,0.363138,0.234228,0.13185,0.0638152,0.0268753,0.0104345,0.00408981,0.001711,0.000746965,0.000339889,0.000156043,6.88674e-05,2.98882e-05,1.33335e-05,6.09519e-06,2.81972e-06,1.32386e-06,6.34349e-07,3.04069e-07,1.51211e-07
1.51211e-07,3.0407e-07,6.34351e-07,1.32387e-06,2.81974e-06,6.09526e-06,1.33337e-05,2.98888e-05,6.88694e-05,0.000156047,0.0003399,0.000746994,0.00171108,0.00409003,0.0104354,0.0268782,0.0638228,0.131864,0.234251,0.36317,0.503097,0.637432,0.751301,0.838704,0.904295,0.947315,0.971699,0.988103,0.994977,0.992864,0.99238,0.990083,0.989237,0.988231,0.987483,0.986278,0.984612,0.983301,0.983176,0.985871,0.986676,0.983282,0.983421,0.984625,0.98626,0.987469,0.988208,0.989234,0.99008,0.992381,0.992863,0.994971,0.988102,0.971698,0.947291,0.904269,0.838682,0.751269,0.637394,0.503062,0.363141,0.234229,0.131851,0.0638157,0.0268754,0.0104345,0.00408981,0.00171101,0.000746966,0.000339889,0.000156043,6.88675e-05,2.98882e-05,1.33335e-05,6.0952e-06,2.81972e-06,1.32386e-06,6.34349e-07,3.04069e-07,1.51211e-07
1.51179e-07,3.03977e-07,6.33842e-07,1.32177e-06,2.81238e-06,6.07288e-06,1.32682e-05,2.968e-05,6.82539e-05,0.000154556,0.000336291,0.000738187,0.00169324,0.00404076,0.0101968,0.0261936,0.0620125,0.128349,0.228821,0.356287,0.495622,0.629339,0.74521,0.83623,0.898902,0.942387,0.97533,0.991977,0.988549,0.99417,0.99343,0.991514,0.989921,0.988481,0.987286,0.98656,0.984922,0.983232,0.982951,0.98291,0.983105,0.982738,0.983275,0.984927,0.986532,0.987321,0.988486,0.989915,0.991513,0.99343,0.994164,0.988541,0.991982,0.97532,0.942374,0.898885,0.836206,0.745177,0.629304,0.495591,0.356259,0.228801,0.128336,0.0620059,0.0261909,0.010196,0.00404055,0.00169317,0.000738156,0.00033628,0.000154551,6.82521e-05,2.96795e-05,1.3268e-05,6.07281e-06,2.81236e-06,1.32176e-06,6.33841e-07,3.03977e-07,1.51179e-07
1.51117e-07,3.03793e-07,6.32823e-07,1.31752e-06,2.79748e-06,6.02728e-06,1.3135e-05,2.92573e-05,6.69995e-05,0.000151522,0.00032904,0.000719848,0.00165273,0.00393679,0.00978731,0.0248517,0.058534,0.121557,0.218283,0.342577,0.48022,0.615323,0.732482,0.823857,0.894561,0.940545,0.962414,0.987914,0.996143,0.994177,0.994108,0.99177,0.990924,0.989815,0.989029,0.987076,0.986667,0.984382,0.983153,0.983406,0.983491,0.983215,0.984344,0.98663,0.987133,0.989068,0.989798,0.990879,0.991778,0.994104,0.994176,0.99613,0.98791,0.962414,0.940522,0.894538,0.823836,0.732456,0.615288,0.480192,0.342552,0.218265,0.121545,0.0585281,0.0248493,0.00978659,0.00393659,0.00165265,0.00071982,0.000329029,0.000151519,6.69978e-05,2.92567e-05,1.31348e-05,6.02723e-06,2.79745e-06,1.31751e-06,6.32821e-07,3.03792e-07,1.51117e-07
1.51022e-07,3.03512e-07,6.31309e-07,1.31127e-06,2.7756e-06,5.96032e-06,1.29409e-05,2.86491e-05,6.51835e-05,0.000147129,0.000318752,0.000693064,0.00158916,0.00377728,0.00923621,0.0229922,0.0537113,0.111982,0.203103,0.322697,0.457926,0.592067,0.712759,0.811989,0.881051,0.928263,0.967655,0.983594,0.985354,0.998419,0.993872,0.990542,0.98972,0.988704,0.987458,0.986881,0.986715,0.986685,0.984971,0.984517,0.984593,0.984969,0.98665,0.986773,0.98686,0.987478,0.988673,0.989697,0.990518,0.993864,0.998412,0.985375,0.983579,0.967636,0.928258,0.881031,0.81196,0.71273,0.592041,0.457898,0.322676,0.203087,0.111972,0.0537063,0.0229902,0.00923555,0.00377709,0.00158909,0.000693038,0.000318743,0.000147125,6.51818e-05,2.86486e-05,1.29407e-05,5.96026e-06,2.77558e-06,1.31126e-06,6.31307e-07,3.0351e-07,1.51021e-07
1.50886e-07,3.03124e-07,6.29298e-07,1.30307e-06,2.74714e-06,5.87316e-06,1.26905e-05,2.78798e-05,6.28692e-05,0.000141485,0.000305923,0.000659161,0.00150265,0.00356255,0.00856374,0.0208008,0.0479674,0.100331,0.184211,0.297097,0.42804,0.562888,0.686426,0.78691,0.866442,0.922213,0.950521,0.981623,1,0.987783,0.994334,0.992871,0.991169,0.989201,0.989359,0.987566,0.986876,0.98716,0.986507,0.986268,0.986266,0.986516,0.987127,0.986849,0.987572,0.989454,0.989211,0.991128,0.992848,0.994322,0.987779,1,0.981609,0.950529,0.922183,0.866419,0.78689,0.686403,0.56286,0.428017,0.297077,0.184197,0.100323,0.0479632,0.0207992,0.00856318,0.00356237,0.00150258,0.000659138,0.000305914,0.000141481,6.28677e-05,2.78793e-05,1.26903e-05,5.8731e-06,2.74712e-06,1.30307e-06,6.29296e-07,3.03123e-07,1.50886e-07
1.50697e-07,3.02609e-07,6.26777e-07,1.29303e-06,2.71263e-06,5.76751e-06,1.23896e-05,2.69799e-05,6.01522e-05,0.000134731,0.000291032,0.000620237,0.00139644,0.00329577,0.00780733,0.0184728,0.041818,0.0874746,0.162565,0.266895,0.392415,0.525118,0.650533,0.759699,0.842937,0.90359,0.948218,0.965495,0.986007,0.998146,0.99767,0.994195,0.994314,0.991776,0.990689,0.989303,0.987487,0.989104,0.987299,0.98745,0.987449,0.987325,0.989061,0.987471,0.989464,0.990788,0.991868,0.994303,0.994182,0.997663,0.998112,0.986011,0.965495,0.948182,0.903575,0.842923,0.759675,0.650508,0.525095,0.392394,0.266879,0.162553,0.0874676,0.0418148,0.0184715,0.00780686,0.0032956,0.00139638,0.000620218,0.000291024,0.000134727,6.01508e-05,2.69794e-05,1.23894e-05,5.76744e-06,2.7126e-06,1.29302e-06,6.26775e-07,3.02609e-07,1.50697e-07
1.50427e-07,3.01922e-07,6.23694e-07,1.28118e-06,2.67258e-06,5.64546e-06,1.20445e-05,2.5981e-05,5.71526e-05,0.00012705,0.000274422,0.000578641,0.001277,0.00298599,0.00699821,0.0161557,0.035705,0.0742808,0.139525,0.233535,0.350866,0.480478,0.608535,0.720764,0.813713,0.882326,0.924621,0.966842,0.987324,0.990341,0.9972,0.993669,0.99422,0.991616,0.991712,0.989191,0.988652,0.989852,0.988451,0.988224,0.988225,0.988453,0.989799,0.98869,0.989188,0.991856,0.991571,0.994158,0.993638,0.997173,0.990329,0.987285,0.966817,0.924617,0.882309,0.813692,0.720746,0.608511,0.480457,0.350849,0.23352,0.139515,0.0742753,0.0357024,0.0161547,0.00699782,0.00298584,0.00127695,0.000578624,0.000274415,0.000127047,5.71514e-05,2.59806e-05,1.20443e-05,5.64541e-06,2.67257e-06,1.28117e-06,6.23691e-07,3.01921e-07,1.50427e-07
1.50022e-07,3.00967e-07,6.19917e-07,1.26743e-06,2.62741e-06,5.50918e-06,1.16615e-05,2.49097e-05,5.40003e-05,0.000118702,0.000256271,0.000536247,0.00115344,0.00264823,0.00615785,0.0139516,0.0300001,0.061612,0.11649,0.19863,0.305706,0.429146,0.556348,0.675349,0.774464,0.852394,0.905752,0.934042,0.96955,0.999968,0.987838,0.997682,0.995806,0.994203,0.994323,0.991158,0.989731,0.990939,0.989893,0.989231,0.989221,0.989901,0.990899,0.989692,0.991134,0.994317,0.994146,0.995776,0.997654,0.987823,0.999968,0.969548,0.934065,0.905747,0.852373,0.77445,0.67533,0.556328,0.429126,0.305691,0.198618,0.116482,0.0616077,0.0299981,0.0139508,0.00615752,0.00264812,0.00115339,0.000536233,0.000256264,0.000118699,5.39993e-05,2.49094e-05,1.16614e-05,5.50913e-06,2.62739e-06,1.26742e-06,6.19914e-07,3.00967e-07,1.50022e-07
1.49372e-07,2.9956e-07,6.15155e-07,1.25139e-06,2.577e-06,5.36022e-06,1.12466e-05,2.37838e-05,5.08059e-05,0.000110025,0.000236759,0.000493746,0.00103503,0.00230878,0.00531387,0.0119215,0.0249722,0.0501496,0.0947447,0.164105,0.258677,0.373005,0.497162,0.618027,0.726988,0.813463,0.875824,0.92415,0.943068,0.966981,0.998023,0.98782,0.99767,0.99367,0.994182,0.992847,0.990649,0.991771,0.991526,0.990073,0.990077,0.991521,0.991769,0.990544,0.992853,0.994177,0.993642,0.997653,0.987791,0.998024,0.966998,0.943093,0.924146,0.875806,0.813453,0.726974,0.618007,0.497143,0.372988,0.258663,0.164095,0.0947388,0.0501464,0.0249708,0.0119209,0.00531361,0.00230869,0.001035,0.000493733,0.000236753,0.000110023,5.0805e-05,2.37835e-05,1.12464e-05,5.36015e-06,2.57698e-06,1.25139e-06,6.15151e-07,2.9956e-07,1.49372e-07
1.48268e-07,2.97336e-07,6.08797e-07,1.23217e-06,2.52019e-06,5.19823e-06,1.08032e-05,2.26108e-05,4.76324e-05,0.000101381,0.000216321,0.000450698,0.000926021,0.00199265,0.00449916,0.00989819,0.0205815,0.0402195,0.0752818,0.131732,0.21228,0.314641,0.431476,0.55202,0.664838,0.764262,0.838951,0.887882,0.937647,0.951594,0.967902,0.998072,0.987854,0.997181,0.997679,0.994348,0.99391,0.994133,0.993436,0.992376,0.992378,0.993439,0.994116,0.993878,0.994334,0.997671,0.997171,0.987824,0.997999,0.967899,0.951588,0.937648,0.887847,0.83893,0.764244,0.664822,0.552001,0.431458,0.314626,0.212269,0.131725,0.0752774,0.0402173,0.0205805,0.0098977,0.00449896,0.00199257,0.000925994,0.000450687,0.000216316,0.000101379,4.76315e-05,2.26106e-05,1.08031e-05,5.19818e-06,2.52017e-06,1.23216e-06,6.08794e-07,2.97335e-07,1.48268e-07
1.46316e-07,2.93595e-07,5.99624e-07,1.20771e-06,2.45371e-06,5.01908e-06,1.03286e-05,2.13868e-05,4.44782e-05,9.30212e-05,0.000195693,0.000406583,0.000825337,0.00170437,0.00371226,0.00810857,0.016723,0.0319089,0.0586842,0.103026,0.168954,0.256855,0.362462,0.477862,0.595046,0.698938,0.785083,0.854842,0.894795,0.939926,0.951599,0.967013,0.999968,0.990338,0.99813,0.987783,0.998415,0.994194,0.994174,0.992859,0.992862,0.994172,0.994185,0.998416,0.987778,0.998129,0.990334,0.999962,0.966989,0.951589,0.939922,0.894783,0.854826,0.785052,0.698922,0.595031,0.477843,0.362446,0.256843,0.168945,0.103021,0.058681,0.0319073,0.0167223,0.00810818,0.0037121,0.00170431,0.000825315,0.000406572,0.000195689,9.30193e-05,4.44775e-05,2.13865e-05,1.03286e-05,5.01905e-06,2.45369e-06,1.2077e-06,5.99622e-07,2.93594e-07,1.46316e-07
1.42805e-07,2.87059e-07,5.85335e-07,1.174e-06,2.3706e-06,4.81137e-06,9.80637e-06,2.00863e-05,4.12753e-05,8.49569e-05,0.000175603,0.000361642,0.000729606,0.00145832,0.0030242,0.00647492,0.0133815,0.0251434,0.0450835,0.0788369,0.13054,0.202619,0.294033,0.400192,0.511673,0.621573,0.719706,0.795472,0.859118,0.89479,0.937667,0.943082,0.969583,0.98729,0.986011,1,0.985385,0.99614,0.988549,0.994975,0.994978,0.988544,0.99614,0.985366,1,0.986017,0.987305,0.96955,0.943097,0.937653,0.894789,0.859129,0.795447,0.719687,0.621561,0.511659,0.400177,0.29402,0.202609,0.130534,0.078833,0.0450813,0.0251423,0.013381,0.00647462,0.00302409,0.00145828,0.000729587,0.000361634,0.0001756,8.49555e-05,4.12747e-05,2.00861e-05,9.80629e-06,4.81133e-06,2.37058e-06,1.174e-06,5.85333e-07,2.87058e-07,1.42805e-07
1.36562e-07,2.75551e-07,5.61892e-07,1.1238e-06,2.25779e-06,4.55139e-06,9.19659e-06,1.8643e-05,3.78804e-05,7.69028e-05,0.000156217,0.000316996,0.000635457,0.00124818,0.0024673,0.00507473,0.0105003,0.0196182,0.0342229,0.0592374,0.0982271,0.155069,0.230454,0.321538,0.425062,0.533409,0.634596,0.724856,0.795454,0.854817,0.88787,0.924165,0.934049,0.96686,0.96549,0.981638,0.983604,0.987921,0.99199,0.988099,0.988097,0.991988,0.987914,0.983588,0.98163,0.965497,0.966832,0.934063,0.924145,0.887861,0.854835,0.795451,0.724841,0.63458,0.533396,0.42505,0.321525,0.230445,0.155062,0.0982225,0.0592347,0.0342214,0.0196175,0.0104998,0.00507452,0.00246723,0.00124814,0.000635443,0.000316989,0.000156214,7.69017e-05,3.78799e-05,1.86428e-05,9.19651e-06,4.55135e-06,2.25777e-06,1.1238e-06,5.6189e-07,2.75551e-07,1.36562e-07
1.2595e-07,2.55882e-07,5.23154e-07,1.04568e-06,2.09413e-06,4.1996e-06,8.42623e-06,1.69284e-05,3.4049e-05,6.83086e-05,0.000136733,0.000272899,0.000540909,0.00105311,0.00201393,0.00392253,0.00791375,0.0152771,0.0259087,0.043957,0.0725173,0.115391,0.17412,0.24936,0.338898,0.437641,0.540204,0.6346,0.719693,0.785063,0.838923,0.875827,0.905746,0.924619,0.948194,0.950527,0.967648,0.962418,0.975318,0.97171,0.971704,0.975326,0.962404,0.967655,0.950515,0.9482,0.924614,0.905749,0.875808,0.838937,0.785059,0.71969,0.634579,0.540187,0.437628,0.338886,0.24935,0.174112,0.115386,0.0725144,0.0439552,0.0259077,0.0152766,0.00791341,0.00392239,0.00201388,0.00105308,0.000540897,0.000272894,0.000136731,6.83076e-05,3.40485e-05,1.69282e-05,8.42614e-06,4.19958e-06,2.09411e-06,1.04567e-06,5.23152e-07,2.55881e-07,1.2595e-07
1.09462e-07,2.24759e-07,4.62294e-07,9.26217e-07,1.8538e-06,3.70676e-06,7.40043e-06,1.47628e-05,2.94442e-05,5.84788e-05,0.000115675,0.000227542,0.000444277,0.000856981,0.001622,0.00302951,0.00572446,0.0109337,0.0193823,0.0321386,0.0525116,0.0836726,0.12793,0.186262,0.258632,0.344675,0.437647,0.533412,0.621584,0.698926,0.764263,0.813459,0.852395,0.882312,0.903587,0.922188,0.928261,0.94053,0.942377,0.947305,0.947309,0.942376,0.940533,0.928254,0.922197,0.903574,0.882318,0.852377,0.813459,0.764251,0.69893,0.621564,0.533397,0.437629,0.344664,0.258622,0.186255,0.127925,0.0836693,0.0525095,0.0321375,0.0193817,0.0109332,0.00572426,0.00302942,0.00162196,0.000856961,0.000444268,0.000227538,0.000115673,5.8478e-05,2.94438e-05,1.47627e-05,7.40037e-06,3.70673e-06,1.85379e-06,9.26211e-07,4.62292e-07,2.24759e-07,1.09462e-07
8.72513e-08,1.81661e-07,3.77137e-07,7.597e-07,1.52391e-06,3.04582e-06,6.06445e-06,1.20371e-05,2.38513e-05,4.69786e-05,9.20095e-05,0.000178879,0.000344451,0.0006557,0.00122994,0.00226505,0.00407508,0.00722111,0.0138508,0.0230391,0.0373272,0.0594782,0.0914052,0.134555,0.190429,0.258633,0.338898,0.425071,0.511675,0.595052,0.664842,0.726995,0.774468,0.813713,0.842938,0.866437,0.881048,0.894553,0.898905,0.90428,0.904278,0.898899,0.894556,0.881045,0.866436,0.842936,0.813704,0.774461,0.726982,0.664834,0.595038,0.511666,0.425053,0.338888,0.258623,0.190423,0.13455,0.0914017,0.0594759,0.0373259,0.0230384,0.0138503,0.00722084,0.00407496,0.00226498,0.00122991,0.000655686,0.000344445,0.000178875,9.20082e-05,4.69779e-05,2.3851e-05,1.2037e-05,6.0644e-06,3.04581e-06,1.5239e-06,7.59693e-07,3.77135e-07,1.8166e-07,8.72511e-08
6.25395e-08,1.32092e-07,2.77141e-07,5.62242e-07,1.13232e-06,2.26609e-06,4.50725e-06,8.91521e-06,1.75741e-05,3.43706e-05,6.67273e-05,0.000128404,0.000244383,0.00045933,0.000851118,0.00155131,0.00275533,0.00479776,0.00940692,0.0159266,0.0257847,0.0410003,0.0633505,0.0941752,0.134555,0.186262,0.249361,0.321538,0.400194,0.477864,0.55202,0.618032,0.675349,0.72077,0.759696,0.786913,0.811985,0.823857,0.836226,0.838703,0.8387,0.836226,0.823853,0.811986,0.786906,0.759695,0.720763,0.675346,0.618021,0.552012,0.477853,0.400183,0.321529,0.249352,0.186256,0.13455,0.0941721,0.0633482,0.040999,0.0257839,0.0159261,0.0094066,0.0047976,0.00275526,0.00155127,0.000851099,0.000459319,0.000244378,0.000128402,6.67263e-05,3.43702e-05,1.75739e-05,8.91512e-06,4.50719e-06,2.26606e-06,1.13231e-06,5.62237e-07,2.77139e-07,1.32092e-07,6.25393e-08
4.02954e-08,8.5983e-08,1.8187e-07,3.7111e-07,7.49991e-07,1.50282e-06,2.98658e-06,5.88943e-06,1.15551e-05,2.24547e-05,4.32488e-05,8.24716e-05,0.000155425,0.000289157,0.000530431,0.00095878,0.0017066,0.00298235,0.00523429,0.00980453,0.0169212,0.0272386,0.0423301,0.0633503,0.091405,0.12793,0.17412,0.230455,0.294034,0.362461,0.431478,0.497162,0.55635,0.608533,0.650533,0.686424,0.712753,0.73248,0.745202,0.751293,0.751295,0.7452,0.73248,0.712749,0.686421,0.650526,0.608528,0.556342,0.497155,0.431468,0.362455,0.294025,0.230448,0.174114,0.127926,0.0914021,0.0633484,0.0423287,0.0272377,0.0169207,0.00980418,0.00523409,0.00298227,0.00170655,0.000958755,0.000530418,0.00028915,0.000155422,8.24701e-05,4.32481e-05,2.24544e-05,1.1555e-05,5.88937e-06,2.98655e-06,1.5028e-06,7.49985e-07,3.71106e-07,1.81869e-07,8.59825e-08,4.02953e-08
2.37932e-08,5.09139e-08,1.07959e-07,2.20667e-07,4.46195e-07,8.93376e-07,1.77166e-06,3.48102e-06,6.79699e-06,1.31305e-05,2.51184e-05,4.75525e-05,8.89744e-05,0.000164465,0.000300226,0.000541452,0.00096676,0.00171412,0.00299778,0.00523456,0.00990681,0.0172073,0.0272386,0.0410003,0.0594781,0.0836723,0.115391,0.155069,0.202619,0.256857,0.314642,0.373006,0.429147,0.480479,0.525118,0.562885,0.592066,0.615317,0.629335,0.637425,0.637425,0.629333,0.615314,0.592063,0.562882,0.525113,0.480473,0.42914,0.373,0.314636,0.256849,0.202614,0.155064,0.115387,0.0836698,0.0594763,0.0409991,0.0272378,0.0172067,0.00990645,0.00523436,0.00299771,0.00171408,0.000966733,0.000541438,0.00030022,0.000164462,8.89728e-05,4.75516e-05,2.5118e-05,1.31303e-05,6.79692e-06,3.48098e-06,1.77165e-06,8.93368e-07,4.46191e-07,2.20666e-07,1.07959e-07,5.09138e-08,2.37931e-08
1.32288e-08,2.82002e-08,5.96035e-08,1.21462e-07,2.44829e-07,4.88513e-07,9.65023e-07,1.88772e-06,3.6683e-06,7.05115e-06,1.34224e-05,2.52995e-05,4.7184e-05,8.70996e-05,0.000159224,0.000288632,0.000520101,0.000934091,0.00167344,0.00297932,0.00524349,0.00990679,0.0169212,0.0257846,0.0373272,0.0525114,0.0725174,0.098227,0.130541,0.168954,0.212281,0.258678,0.305708,0.350868,0.392416,0.428041,0.457925,0.480218,0.49562,0.503095,0.503093,0.495619,0.480216,0.457922,0.428038,0.392412,0.350863,0.305703,0.258673,0.212276,0.16895,0.130537,0.0982244,0.0725152,0.05251,0.0373262,0.0257839,0.0169207,0.00990648,0.00524334,0.00297925,0.0016734,0.000934067,0.000520088,0.000288625,0.000159221,8.70981e-05,4.71832e-05,2.52991e-05,1.34222e-05,7.05107e-06,3.66826e-06,1.8877e-06,9.65015e-07,4.88508e-07,2.44827e-07,1.21461e-07,5.96032e-08,2.82001e-08,1.32288e-08
7.09082e-09,1.50076e-08,3.15187e-08,6.38613e-08,1.28039e-07,2.54211e-07,4.99829e-07,9.73408e-07,1.88404e-06,3.60942e-06,6.85442e-06,1.29068e-05,2.4093e-05,4.46235e-05,8.20921e-05,0.000150281,0.000274207,0.000499529,0.000909875,0.00165632,0.00297931,0.00523456,0.00980452,0.0159265,0.0230391,0.0321385,0.0439569,0.0592373,0.0788369,0.103026,0.131732,0.164105,0.198631,0.233536,0.266896,0.297097,0.322697,0.342577,0.356286,0.363168,0.363168,0.356284,0.342575,0.322695,0.297094,0.266893,0.233532,0.198627,0.164102,0.131729,0.103024,0.0788348,0.0592357,0.0439558,0.0321378,0.0230385,0.0159262,0.00980424,0.0052344,0.00297925,0.00165628,0.000909854,0.000499519,0.000274202,0.000150279,8.20905e-05,4.46229e-05,2.40927e-05,1.29067e-05,6.85435e-06,3.60938e-06,1.88402e-06,9.73401e-07,4.99825e-07,2.54209e-07,1.28038e-07,6.38609e-08,3.15185e-08,1.50075e-08,7.09082e-09
3.72459e-09,7.81873e-09,1.63075e-08,3.28416e-08,6.54906e-08,1.29408e-07,2.53408e-07,4.9185e-07,9.49635e-07,1.81678e-06,3.44998e-06,6.50669e-06,1.21893e-05,2.27074e-05,4.21273e-05,7.79264e-05,0.000143947,0.000265894,0.000491776,0.000909872,0.00167343,0.00299775,0.0052343,0.00940687,0.0138508,0.0193823,0.0259085,0.0342228,0.0450834,0.0586841,0.0752818,0.0947448,0.11649,0.139525,0.162566,0.184211,0.203103,0.218283,0.228821,0.234251,0.234251,0.22882,0.218282,0.203102,0.18421,0.162564,0.139523,0.116488,0.094743,0.0752802,0.0586828,0.0450824,0.034222,0.0259079,0.0193819,0.0138505,0.00940666,0.00523418,0.00299769,0.0016734,0.000909855,0.000491768,0.00026589,0.000143944,7.79252e-05,4.21267e-05,2.27072e-05,1.21891e-05,6.50663e-06,3.44995e-06,1.81676e-06,9.49629e-07,4.91847e-07,2.53405e-07,1.29408e-07,6.54902e-08,3.28415e-08,1.63074e-08,7.8187e-09,3.72458e-09
1.92888e-09,4.03064e-09,8.3532e-09,1.67339e-08,3.32237e-08,6.54104e-08,1.27723e-07,2.47422e-07,4.77256e-07,9.13219e-07,1.73676e-06,3.28536e-06,6.18348e-06,1.15964e-05,2.16895e-05,4.05149e-05,7.57001e-05,0.000141691,0.000265892,0.000499527,0.000934086,0.00171412,0.00298235,0.00479768,0.00722102,0.0109336,0.0152771,0.0196182,0.0251433,0.0319088,0.0402195,0.0501496,0.061612,0.074281,0.0874749,0.100332,0.111983,0.121558,0.12835,0.131865,0.131865,0.128349,0.121557,0.111982,0.100331,0.0874738,0.0742799,0.0616109,0.0501486,0.0402187,0.0319082,0.0251428,0.0196178,0.0152768,0.0109334,0.00722084,0.00479757,0.00298229,0.00171409,0.00093407,0.000499519,0.000265889,0.000141689,7.56992e-05,4.05143e-05,2.16893e-05,1.15963e-05,6.18342e-06,3.28533e-06,1.73675e-06,9.13213e-07,4.77253e-07,2.47421e-07,1.27723e-07,6.54101e-08,3.32235e-08,1.67338e-08,8.35321e-09,4.03062e-09,1.92888e-09
0,2.063e-09,4.26359e-09,8.49746e-09,1.68133e-08,3.30186e-08,6.4363e-08,1.24579e-07,2.40341e-07,4.60449e-07,8.77803e-07,1.66676e-06,3.1536e-06,5.95245e-06,1.12207e-05,2.11567e-05,3.99563e-05,7.56999e-05,0.000143946,0.000274206,0.000520098,0.000966753,0.00170659,0.00275533,0.00407509,0.00572442,0.00791371,0.0105002,0.0133815,0.016723,0.0205815,0.0249722,0.03,0.035705,0.0418181,0.0479676,0.0537117,0.0585345,0.0620133,0.0638236,0.0638236,0.062013,0.0585342,0.0537113,0.0479671,0.0418176,0.0357044,0.0299996,0.0249718,0.0205811,0.0167227,0.0133812,0.0105,0.00791352,0.00572429,0.00407502,0.00275529,0.00170656,0.000966739,0.00052009,0.000274203,0.000143944,7.56991e-05,3.99558e-05,2.11566e-05,1.12206e-05,5.95241e-06,3.15358e-06,1.66675e-06,8.778e-07,4.60446e-07,2.4034e-07,1.24578e-07,6.43626e-08,3.30184e-08,1.68133e-08,8.49745e-09,4.26357e-09,2.06299e-09,0
0,1.05213e-09,2.17475e-09,4.31183e-09,8.50825e-09,1.66794e-08,3.24851e-08,6.28794e-08,1.21422e-07,2.3307e-07,4.45684e-07,8.49806e-07,1.61629e-06,3.07008e-06,5.8314e-06,1.10922e-05,2.11568e-05,4.05146e-05,7.7926e-05,0.000150281,0.00028863,0.000541446,0.000958772,0.0015513,0.00226503,0.00302949,0.00392251,0.00507471,0.00647487,0.00810852,0.00989818,0.0119215,0.0139516,0.0161557,0.0184729,0.0208009,0.0229924,0.024852,0.0261941,0.0268788,0.0268788,0.026194,0.0248518,0.0229922,0.0208007,0.0184727,0.0161555,0.0139514,0.0119213,0.00989801,0.00810839,0.00647475,0.00507461,0.00392243,0.00302944,0.002265,0.00155128,0.00095876,0.000541441,0.000288626,0.000150279,7.79254e-05,4.05142e-05,2.11566e-05,1.10921e-05,5.83136e-06,3.07007e-06,1.61628e-06,8.49801e-07,4.45682e-07,2.33069e-07,1.21421e-07,6.28791e-08,3.2485e-08,1.66793e-08,8.50824e-09,4.31182e-09,2.17475e-09,1.05213e-09,0
0,0,1.0919e-09,2.19491e-09,4.31053e-09,8.43936e-09,1.64316e-08,3.18254e-08,6.15474e-08,1.18423e-07,2.27212e-07,4.35075e-07,8.31769e-07,1.58974e-06,3.04126e-06,5.83139e-06,1.12207e-05,2.16895e-05,4.21271e-05,8.20917e-05,0.000159223,0.000300223,0.000530426,0.000851112,0.00122993,0.00162199,0.00201392,0.00246729,0.00302419,0.00371224,0.00449914,0.00531387,0.00615785,0.00699823,0.00780736,0.0085638,0.00923629,0.00978747,0.0101968,0.0104355,0.0104355,0.0101968,0.00978741,0.00923623,0.00856373,0.0078073,0.00699816,0.00615779,0.0053138,0.00449908,0.00371219,0.00302414,0.00246726,0.0020139,0.00162197,0.00122992,0.000851102,0.00053042,0.00030022,0.000159222,8.2091e-05,4.21267e-05,2.16893e-05,1.12206e-05,5.83136e-06,3.04124e-06,1.58973e-06,8.31768e-07,4.35074e-07,2.27212e-07,1.18423e-07,6.15474e-08,3.18253e-08,1.64315e-08,8.43934e-09,4.31053e-09,2.1949e-09,1.0919e-09,0,0
0,0,0,1.09231e-09,2.19413e-09,4.28174e-09,8.33141e-09,1.61522e-08,3.12929e-08,6.03663e-08,1.16213e-07,2.23467e-07,4.29384e-07,8.25513e-07,1.58973e-06,3.07008e-06,5.95243e-06,1.15964e-05,2.27074e-05,4.46233e-05,8.70988e-05,0.000164464,0.000289154,0.000459327,0.000655696,0.000856975,0.00105311,0.00124817,0.00145831,0.00170436,0.00199265,0.00230878,0.00264823,0.00298598,0.00329578,0.00356257,0.00377731,0.00393683,0.00404082,0.00409011,0.00409011,0.00404081,0.00393682,0.00377729,0.00356254,0.00329575,0.00298596,0.0026482,0.00230875,0.00199263,0.00170434,0.0014583,0.00124816,0.00105309,0.000856965,0.000655689,0.000459322,0.000289153,0.000164463,8.70982e-05,4.4623e-05,2.27072e-05,1.15963e-05,5.95241e-06,3.07007e-06,1.58973e-06,8.25511e-07,4.29384e-07,2.23466e-07,1.16213e-07,6.03662e-08,3.12927e-08,1.61522e-08,8.3314e-09,4.28172e-09,2.19413e-09,1.09231e-09,0,0,0
0,0,0,0,1.08504e-09,2.19229e-09,4.23819e-09,8.21706e-09,1.59493e-08,3.08486e-08,5.95901e-08,1.15057e-07,2.22139e-07,4.29384e-07,8.31768e-07,1.61628e-06,3.15359e-06,6.18345e-06,1.21892e-05,2.40927e-05,4.71834e-05,8.89735e-05,0.000155424,0.000244381,0.000344448,0.000444275,0.000540907,0.000635456,0.000729603,0.000825335,0.00092602,0.00103503,0.00115344,0.001277,0.00139644,0.00150266,0.00158917,0.00165274,0.00169326,0.0017111,0.0017111,0.00169326,0.00165274,0.00158917,0.00150265,0.00139644,0.001277,0.00115343,0.00103502,0.000926011,0.000825326,0.000729597,0.00063545,0.000540901,0.00044427,0.000344446,0.00024438,0.000155423,8.8973e-05,4.71832e-05,2.40927e-05,1.21891e-05,6.18343e-06,3.15358e-06,1.61628e-06,8.31767e-07,4.29383e-07,2.22139e-07,1.15057e-07,5.959e-08,3.08485e-08,1.59493e-08,8.21704e-09,4.23818e-09,2.19229e-09,1.08505e-09,0,0,0,0
0,0,0,0,0,0,2.14005e-09,4.19899e-09,8.14633e-09,1.57966e-08,3.06133e-08,5.93347e-08,1.15057e-07,2.23466e-07,4.35073e-07,8.49802e-07,1.66676e-06,3.28534e-06,6.50665e-06,1.29067e-05,2.52992e-05,4.75519e-05,8.24709e-05,0.000128403,0.000178877,0.000227542,0.000272898,0.000316995,0.000361641,0.000406582,0.000450698,0.000493746,0.000536247,0.00057864,0.000620239,0.000659162,0.000693067,0.000719853,0.000738193,0.000747004,0.000747003,0.00073819,0.00071985,0.000693065,0.00065916,0.000620238,0.000578636,0.000536244,0.000493742,0.000450695,0.000406579,0.000361639,0.000316993,0.000272895,0.00022754,0.000178876,0.000128403,8.24705e-05,4.75517e-05,2.52992e-05,1.29067e-05,6.50663e-06,3.28534e-06,1.66675e-06,8.49803e-07,4.35074e-07,2.23466e-07,1.15057e-07,5.93347e-08,3.06132e-08,1.57965e-08,8.14633e-09,4.19899e-09,2.14005e-09,0,0,0,0,0,0
0,0,0,0,0,0,0,2.11561e-09,4.17668e-09,8.09866e-09,1.57407e-08,3.06133e-08,5.959e-08,1.16213e-07,2.27212e-07,4.45682e-07,8.77797e-07,1.73675e-06,3.44995e-06,6.85435e-06,1.34223e-05,2.51181e-05,4.32485e-05,6.67269e-05,9.20089e-05,0.000115675,0.000136733,0.000156217,0.000175603,0.000195693,0.000216321,0.000236759,0.000256271,0.000274422,0.000291033,0.000305923,0.000318754,0.000329042,0.000336293,0.000339902,0.000339902,0.000336293,0.000329042,0.000318752,0.000305922,0.000291032,0.000274421,0.00025627,0.000236758,0.000216319,0.000195691,0.000175602,0.000156216,0.000136732,0.000115674,9.20084e-05,6.67268e-05,4.32482e-05,2.5118e-05,1.34222e-05,6.85435e-06,3.44994e-06,1.73675e-06,8.77797e-07,4.45682e-07,2.27212e-07,1.16213e-07,5.959e-08,3.06133e-08,1.57408e-08,8.0987e-09,4.17669e-09,2.1156e-09,0,0,0,0,0,0,0
0,0,0,0,0,0,0,0,2.10769e-09,4.16656e-09,8.09866e-09,1.57965e-08,3.08485e-08,6.03662e-08,1.18423e-07,2.33069e-07,4.60447e-07,9.13211e-07,1.81676e-06,3.60938e-06,7.05107e-06,1.31303e-05,2.24545e-05,3.43704e-05,4.69784e-05,5.84787e-05,6.83083e-05,7.69027e-05,8.49569e-05,9.30212e-05,0.000101381,0.000110025,0.000118702,0.000127051,0.000134732,0.000141485,0.000147129,0.000151524,0.000154557,0.000156048,0.000156049,0.000154557,0.000151524,0.000147129,0.000141485,0.000134731,0.00012705,0.000118701,0.000110024,0.00010138,9.30206e-05,8.49564e-05,7.69022e-05,6.8308e-05,5.84784e-05,4.69781e-05,3.43703e-05,2.24544e-05,1.31303e-05,7.05106e-06,3.60938e-06,1.81676e-06,9.13212e-07,4.60447e-07,2.33069e-07,1.18423e-07,6.03662e-08,3.08486e-08,1.57965e-08,8.09868e-09,4.16657e-09,2.1077e-09,0,0,0,0,0,0,0,0
0,0,0,0,0,0,0,0,0,2.10769e-09,4.17668e-09,8.14634e-09,1.59493e-08,3.12927e-08,6.15473e-08,1.21421e-07,2.4034e-07,4.77252e-07,9.49627e-07,1.88402e-06,3.66826e-06,6.79692e-06,1.1555e-05,1.7574e-05,2.38512e-05,2.94441e-05,3.40489e-05,3.78803e-05,4.12753e-05,4.44782e-05,4.76323e-05,5.08059e-05,5.40003e-05,5.71527e-05,6.01523e-05,6.28694e-05,6.51836e-05,6.7e-05,6.82544e-05,6.88699e-05,6.88698e-05,6.82544e-05,6.69998e-05,6.51834e-05,6.28693e-05,6.01521e-05,5.71525e-05,5.40001e-05,5.08057e-05,4.76321e-05,4.4478e-05,4.12752e-05,3.78801e-05,3.40488e-05,2.9444e-05,2.38511e-05,1.75739e-05,1.1555e-05,6.79693e-06,3.66826e-06,1.88402e-06,9.49627e-07,4.77253e-07,2.4034e-07,1.21421e-07,6.15474e-08,3.12927e-08,1.59493e-08,8.14635e-09,4.17669e-09,2.10769e-09,0,0,0,0,0,0,0,0,0
0,0,0,0,0,0,0,0,0,0,2.1156e-09,4.19897e-09,8.21703e-09,1.61522e-08,3.18253e-08,6.28789e-08,1.24578e-07,2.47421e-07,4.91846e-07,9.73396e-07,1.8877e-06,3.48098e-06,5.88939e-06,8.91516e-06,1.2037e-05,1.47628e-05,1.69283e-05,1.8643e-05,2.00863e-05,2.13868e-05,2.26109e-05,2.37838e-05,2.49098e-05,2.59811e-05,2.69799e-05,2.78798e-05,2.86492e-05,2.92574e-05,2.96802e-05,2.9889e-05,2.9889e-05,2.96802e-05,2.92573e-05,2.86491e-05,2.78798e-05,2.69798e-05,2.5981e-05,2.49097e-05,2.37837e-05,2.26108e-05,2.13867e-05,2.00862e-05,1.86429e-05,1.69283e-05,1.47627e-05,1.2037e-05,8.91517e-06,5.88939e-06,3.48099e-06,1.8877e-06,9.73398e-07,4.91846e-07,2.47421e-07,1.24578e-07,6.28791e-08,3.18253e-08,1.61522e-08,8.21704e-09,4.19898e-09,2.1156e-09,0,0,0,0,0,0,0,0,0,0
0,0,0,0,0,0,0,0,0,0,0,2.14003e-09,4.23818e-09,8.33139e-09,1.64316e-08,3.2485e-08,6.43627e-08,1.27722e-07,2.53405e-07,4.99824e-07,9.65017e-07,1.77165e-06,2.98656e-06,4.50722e-06,6.06442e-06,7.40041e-06,8.4262e-06,9.19659e-06,9.80639e-06,1.03286e-05,1.08032e-05,1.12466e-05,1.16615e-05,1.20445e-05,1.23896e-05,1.26905e-05,1.2941e-05,1.3135e-05,1.32682e-05,1.33337e-05,1.33337e-05,1.32682e-05,1.3135e-05,1.29409e-05,1.26905e-05,1.23896e-05,1.20445e-05,1.16615e-05,1.12466e-05,1.08032e-05,1.03286e-05,9.80634e-06,9.19657e-06,8.42619e-06,7.4004e-06,6.06443e-06,4.50722e-06,2.98656e-06,1.77164e-06,9.65015e-07,4.99825e-07,2.53406e-07,1.27723e-07,6.43628e-08,3.24851e-08,1.64317e-08,8.33143e-09,4.23819e-09,2.14004e-09,0,0,0,0,0,0,0,0,0,0,0
0,0,0,0,0,0,0,0,0,0,0,0,2.19226e-09,4.28173e-09,8.43933e-09,1.66793e-08,3.30184e-08,6.54101e-08,1.29408e-07,2.54209e-07,4.88509e-07,8.93369e-07,1.50281e-06,2.26608e-06,3.04582e-06,3.70675e-06,4.19961e-06,4.55138e-06,4.81136e-06,5.01909e-06,5.19823e-06,5.36021e-06,5.50919e-06,5.64546e-06,5.76752e-06,5.87318e-06,5.96035e-06,6.02731e-06,6.07289e-06,6.09529e-06,6.09529e-06,6.07289e-06,6.0273e-06,5.96034e-06,5.87317e-06,5.76751e-06,5.64546e-06,5.50919e-06,5.36021e-06,5.19823e-06,5.01908e-06,4.81135e-06,4.55137e-06,4.1996e-06,3.70674e-06,3.04581e-06,2.26608e-06,1.50281e-06,8.93371e-07,4.88509e-07,2.5421e-07,1.29408e-07,6.54104e-08,3.30185e-08,1.66793e-08,8.43936e-09,4.28174e-09,2.19227e-09,0,0,0,0,0,0,0,0,0,0,0,0
0,0,0,0,0,0,0,0,0,0,0,0,1.08504e-09,2.19412e-09,4.31052e-09,8.50823e-09,1.68133e-08,3.32236e-08,6.54902e-08,1.28038e-07,2.44827e-07,4.46191e-07,7.49988e-07,1.13232e-06,1.52391e-06,1.8538e-06,2.09412e-06,2.25778e-06,2.3706e-06,2.45371e-06,2.52019e-06,2.57699e-06,2.62741e-06,2.67258e-06,2.71263e-06,2.74715e-06,2.77561e-06,2.79749e-06,2.81239e-06,2.81974e-06,2.81975e-06,2.81239e-06,2.79748e-06,2.77561e-06,2.74715e-06,2.71262e-06,2.67258e-06,2.62741e-06,2.57699e-06,2.52019e-06,2.45371e-06,2.3706e-06,2.25778e-06,2.09412e-06,1.85379e-06,1.5239e-06,1.13232e-06,7.49988e-07,4.46192e-07,2.44828e-07,1.28038e-07,6.54903e-08,3.32236e-08,1.68133e-08,8.50823e-09,4.31053e-09,2.19413e-09,1.08504e-09,0,0,0,0,0,0,0,0,0,0,0,0
0,0,0,0,0,0,0,0,0,0,0,0,0,1.0923e-09,2.19491e-09,4.31182e-09,8.49746e-09,1.67338e-08,3.28416e-08,6.38611e-08,1.21461e-07,2.20667e-07,3.71109e-07,5.6224e-07,7.59699e-07,9.26215e-07,1.04567e-06,1.1238e-06,1.174e-06,1.2077e-06,1.23217e-06,1.25139e-06,1.26742e-06,1.28118e-06,1.29303e-06,1.30307e-06,1.31126e-06,1.31752e-06,1.32177e-06,1.32387e-06,1.32387e-06,1.32177e-06,1.31752e-06,1.31126e-06,1.30307e-06,1.29303e-06,1.28118e-06,1.26743e-06,1.25139e-06,1.23217e-06,1.20771e-06,1.174e-06,1.1238e-06,1.04567e-06,9.26214e-07,7.59698e-07,5.6224e-07,3.71108e-07,2.20667e-07,1.21461e-07,6.38612e-08,3.28415e-08,1.67338e-08,8.49746e-09,4.31183e-09,2.19491e-09,1.0923e-09,0,0,0,0,0,0,0,0,0,0,0,0,0
0,0,0,0,0,0,0,0,0,0,0,0,0,0,1.0919e-09,2.17476e-09,4.26357e-09,8.35322e-09,1.63075e-08,3.15187e-08,5.96033e-08,1.07959e-07,1.8187e-07,2.7714e-07,3.77137e-07,4.62293e-07,5.23156e-07,5.61891e-07,5.85334e-07,5.99623e-07,6.08794e-07,6.15154e-07,6.19917e-07,6.23693e-07,6.26777e-07,6.293e-07,6.31311e-07,6.32824e-07,6.33842e-07,6.34349e-07,6.3435e-07,6.33842e-07,6.32824e-07,6.3131e-07,6.293e-07,6.26777e-07,6.23693e-07,6.19917e-07,6.15155e-07,6.08795e-07,5.99623e-07,5.85333e-07,5.61891e-07,5.23154e-07,4.62293e-07,3.77137e-07,2.7714e-07,1.8187e-07,1.07959e-07,5.96033e-08,3.15187e-08,1.63074e-08,8.35321e-09,4.26356e-09,2.17476e-09,1.0919e-09,0,0,0,0,0,0,0,0,0,0,0,0,0,0
0,0,0,0,0,0,0,0,0,0,0,0,0,0,0,1.05213e-09,2.06301e-09,4.03064e-09,7.81873e-09,1.50076e-08,2.82002e-08,5.0914e-08,8.59831e-08,1.32093e-07,1.81661e-07,2.24759e-07,2.55882e-07,2.75552e-07,2.87059e-07,2.93595e-07,2.97336e-07,2.9956e-07,3.00967e-07,3.01922e-07,3.0261e-07,3.03124e-07,3.03512e-07,3.03792e-07,3.03977e-07,3.0407e-07,3.0407e-07,3.03978e-07,3.03793e-07,3.03512e-07,3.03125e-07,3.02609e-07,3.01922e-07,3.00967e-07,2.9956e-07,2.97336e-07,2.93595e-07,2.87059e-07,2.75552e-07,2.55881e-07,2.24759e-07,1.81661e-07,1.32092e-07,8.59829e-08,5.0914e-08,2.82002e-08,1.50076e-08,7.81871e-09,4.03063e-09,2.06301e-09,1.05213e-09,0,0,0,0,0,0,0,0,0,0,0,0,0,0,0
0,0,0,0,0,0,0,0,0,0,0,0,0,0,0,0,0,1.92888e-09,3.72459e-09,7.09081e-09,1.32287e-08,2.37932e-08,4.02952e-08,6.25393e-08,8.72513e-08,1.09462e-07,1.2595e-07,1.36562e-07,1.42805e-07,1.46316e-07,1.48268e-07,1.49372e-07,1.50022e-07,1.50427e-07,1.50697e-07,1.50886e-07,1.51021e-07,1.51118e-07,1.51179e-07,1.51211e-07,1.51211e-07,1.5118e-07,1.51118e-07,1.51022e-07,1.50886e-07,1.50697e-07,1.50427e-07,1.50022e-07,1.49372e-07,1.48268e-07,1.46316e-07,1.42805e-07,1.36562e-07,1.2595e-07,1.09462e-07,8.72511e-08,6.25394e-08,4.02952e-08,2.37932e-08,1.32287e-08,7.09079e-09,3.72458e-09,1.92888e-09,0,0,0,0,0,0,0,0,0,0,0,0,0,0,0,0,0
