0,0,0,0,0,0,0,0,0,0,0,0,0,0,0,0,0,1.92845e-09,3.72373e-09,7.08882e-09,1.32243e-08,2.37839e-08,4.02786e-08,6.25139e-08,8.72181e-08,1.09423e-07,1.25906e-07,1.3651e-07,1.42743e-07,1.46242e-07,1.48182e-07,1.49272e-07,1.49908e-07,1.50301e-07,1.50559e-07,1.50737e-07,1.50864e-07,1.50953e-07,1.51011e-07,1.5104e-07,1.5104e-07,1.51011e-07,1.50953e-07,1.50864e-07,1.50737e-07,1.50558e-07,1.503e-07,1.49908e-07,1.49272e-07,1.48181e-07,1.46242e-07,1.42743e-07,1.3651e-07,1.25906e-07,1.09423e-07,8.72181e-08,6.25139e-08,4.02785e-08,2.37839e-08,1.32243e-08,7.08883e-09,3.72373e-09,1.92845e-09,0,0,0,0,0,0,0,0,0,0,0,0,0,0,0,0,0
0,0,0,0,0,0,0,0,0,0,0,0,0,0,0,1.04864e-09,2.05652e-09,4.01573e-09,7.78528e-09,1.49339e-08,2.80451e-08,5.06183e-08,8.55042e-08,1.31466e-07,1.81005e-07,2.2419e-07,2.55437e-07,2.75204e-07,2.86762e-07,2.93309e-07,2.97035e-07,2.99232e-07,3.00605e-07,3.01524e-07,3.02178e-07,3.02662e-07,3.03025e-07,3.03286e-07,3.03458e-07,3.03544e-07,3.03544e-07,3.03457e-07,3.03286e-07,3.03025e-07,3.02662e-07,3.02178e-07,3.01524e-07,3.00605e-07,2.99232e-07,2.97035e-07,2.93309e-07,2.86762e-07,2.75203e-07,2.55437e-07,2.2419e-07,1.81005e-07,1.31466e-07,8.55042e-08,5.06184e-08,2.80452e-08,1.49339e-08,7.78527e-09,4.01574e-09,2.05652e-09,1.04864e-09,0,0,0,0,0,0,0,0,0,0,0,0,0,0,0
0,0,0,0,0,0,0,0,0,0,0,0,0,0,1.08621e-09,2.16398e-09,4.23907e-09,8.29758e-09,1.61817e-08,3.12393e-08,5.90132e-08,1.06841e-07,1.80089e-07,2.74855e-07,3.74764e-07,4.60192e-07,5.21404e-07,5.60365e-07,5.83858e-07,5.9806e-07,6.07059e-07,6.13198e-07,6.17727e-07,6.2127e-07,6.24137e-07,6.26468e-07,6.28319e-07,6.29708e-07,6.30643e-07,6.31108e-07,6.31109e-07,6.30643e-07,6.29708e-07,6.28319e-07,6.26467e-07,6.24138e-07,6.2127e-07,6.17726e-07,6.13199e-07,6.07058e-07,5.98061e-07,5.83858e-07,5.60365e-07,5.21403e-07,4.60192e-07,3.74764e-07,2.74855e-07,1.80089e-07,1.06841e-07,5.90133e-08,3.12394e-08,1.61817e-08,8.2976e-09,4.23908e-09,2.16398e-09,1.08621e-09,0,0,0,0,0,0,0,0,0,0,0,0,0,0
0,0,0,0,0,0,0,0,0,0,0,0,0,1.08556e-09,2.18221e-09,4.28287e-09,8.43119e-09,1.65826e-08,3.24975e-08,6.30898e-08,1.19821e-07,2.17566e-07,3.66216e-07,5.56006e-07,7.53172e-07,9.20203e-07,1.04025e-06,1.11855e-06,1.16842e-06,1.20143e-06,1.22496e-06,1.24314e-06,1.25809e-06,1.2708e-06,1.28166e-06,1.29083e-06,1.29828e-06,1.30396e-06,1.30781e-06,1.30972e-06,1.30972e-06,1.30781e-06,1.30396e-06,1.29828e-06,1.29083e-06,1.28166e-06,1.2708e-06,1.25809e-06,1.24314e-06,1.22495e-06,1.20143e-06,1.16842e-06,1.11854e-06,1.04024e-06,9.20202e-07,7.53172e-07,5.56007e-07,3.66216e-07,2.17566e-07,1.19821e-07,6.30898e-08,3.24976e-08,1.65827e-08,8.43122e-09,4.28288e-09,2.18221e-09,1.08556e-09,0,0,0,0,0,0,0,0,0,0,0,0,0
0,0,0,0,0,0,0,0,0,0,0,0,1.07792e-09,2.18091e-09,4.28047e-09,8.43947e-09,1.6656e-08,3.28637e-08,6.46653e-08,1.26169e-07,2.40825e-07,4.38621e-07,7.38083e-07,1.11712e-06,1.50771e-06,1.83816e-06,2.0789e-06,2.2418e-06,2.35259e-06,2.4327e-06,2.49558e-06,2.54846e-06,2.59485e-06,2.6361e-06,2.67246e-06,2.70369e-06,2.72939e-06,2.7491e-06,2.76253e-06,2.76917e-06,2.76917e-06,2.76253e-06,2.7491e-06,2.72938e-06,2.70369e-06,2.67246e-06,2.6361e-06,2.59485e-06,2.54845e-06,2.49558e-06,2.4327e-06,2.35258e-06,2.2418e-06,2.0789e-06,1.83816e-06,1.50771e-06,1.11712e-06,7.38084e-07,4.38623e-07,2.40826e-07,1.26169e-07,6.46654e-08,3.28637e-08,1.6656e-08,8.43946e-09,4.28047e-09,2.18092e-09,1.07792e-09,0,0,0,0,0,0,0,0,0,0,0,0
0,0,0,0,0,0,0,0,0,0,0,0,2.17705e-09,4.25268e-09,8.37311e-09,1.65283e-08,3.26735e-08,6.46191e-08,1.27583e-07,2.50035e-07,4.7949e-07,8.76244e-07,1.47582e-06,2.23136e-06,3.00789e-06,3.66827e-06,4.15958e-06,4.50672e-06,4.75884e-06,4.95617e-06,5.12324e-06,5.27229e-06,5.40811e-06,5.53171e-06,5.64212e-06,5.73761e-06,5.81638e-06,5.87688e-06,5.9181e-06,5.93837e-06,5.93836e-06,5.91809e-06,5.87688e-06,5.81638e-06,5.7376e-06,5.64211e-06,5.53171e-06,5.4081e-06,5.27227e-06,5.12324e-06,4.95616e-06,4.75883e-06,4.50672e-06,4.15958e-06,3.66827e-06,3.0079e-06,2.23136e-06,1.47583e-06,8.76247e-07,4.7949e-07,2.50035e-07,1.27583e-07,6.46191e-08,3.26735e-08,1.65283e-08,8.37312e-09,4.25268e-09,2.17705e-09,0,0,0,0,0,0,0,0,0,0,0,0
0,0,0,0,0,0,0,0,0,0,0,2.12546e-09,4.21096e-09,8.27021e-09,1.62933e-08,3.21715e-08,6.36484e-08,1.26082e-07,2.49599e-07,4.9103e-07,9.45835e-07,1.73498e-06,2.92839e-06,4.43138e-06,5.97914e-06,7.30947e-06,8.32578e-06,9.07856e-06,9.66241e-06,1.01523e-05,1.05905e-05,1.09957e-05,1.13726e-05,1.17192e-05,1.20303e-05,1.23005e-05,1.25244e-05,1.26972e-05,1.28154e-05,1.28736e-05,1.28736e-05,1.28154e-05,1.26972e-05,1.25244e-05,1.23005e-05,1.20303e-05,1.17191e-05,1.13726e-05,1.09956e-05,1.05905e-05,1.01523e-05,9.66239e-06,9.07855e-06,8.32577e-06,7.30947e-06,5.97913e-06,4.43138e-06,2.9284e-06,1.73498e-06,9.45837e-07,4.91031e-07,2.496e-07,1.26082e-07,6.36483e-08,3.21715e-08,1.62933e-08,8.27023e-09,4.21097e-09,2.12545e-09,0,0,0,0,0,0,0,0,0,0,0
0,0,0,0,0,0,0,0,0,0,2.10166e-09,4.1737e-09,8.16124e-09,1.60282e-08,3.15482e-08,6.22556e-08,1.23163e-07,2.44174e-07,4.84279e-07,9.55749e-07,1.84879e-06,3.40587e-06,5.76881e-06,8.75491e-06,1.18505e-05,1.45536e-05,1.66842e-05,1.8343e-05,1.97102e-05,2.09193e-05,2.20417e-05,2.31054e-05,2.41152e-05,2.50645e-05,2.59392e-05,2.67193e-05,2.73816e-05,2.79029e-05,2.82647e-05,2.84435e-05,2.84435e-05,2.82646e-05,2.79029e-05,2.73815e-05,2.67192e-05,2.59391e-05,2.50644e-05,2.41152e-05,2.31053e-05,2.20416e-05,2.09192e-05,1.97102e-05,1.83429e-05,1.66841e-05,1.45535e-05,1.18505e-05,8.75491e-06,5.76882e-06,3.40587e-06,1.8488e-06,9.5575e-07,4.84279e-07,2.44174e-07,1.23164e-07,6.22555e-08,3.15482e-08,1.60282e-08,8.16126e-09,4.17371e-09,2.10165e-09,0,0,0,0,0,0,0,0,0,0
0,0,0,0,0,0,0,0,0,2.09419e-09,4.1528e-09,8.09488e-09,1.58376e-08,3.10484e-08,6.1008e-08,1.2022e-07,2.37632e-07,4.71059e-07,9.35155e-07,1.85e-06,3.5924e-06,6.64864e-06,1.13134e-05,1.72458e-05,2.34556e-05,2.89784e-05,3.34777e-05,3.71516e-05,4.03381e-05,4.32852e-05,4.61347e-05,4.89522e-05,5.17462e-05,5.44753e-05,5.70592e-05,5.93982e-05,6.1394e-05,6.29644e-05,6.40514e-05,6.45865e-05,6.45864e-05,6.40514e-05,6.29643e-05,6.13938e-05,5.9398e-05,5.7059e-05,5.44751e-05,5.1746e-05,4.8952e-05,4.61345e-05,4.3285e-05,4.03378e-05,3.71514e-05,3.34776e-05,2.89783e-05,2.34556e-05,1.72458e-05,1.13134e-05,6.64865e-06,3.5924e-06,1.85e-06,9.35155e-07,4.71059e-07,2.37632e-07,1.20219e-07,6.10081e-08,3.10484e-08,1.58376e-08,8.09487e-09,4.1528e-09,2.09419e-09,0,0,0,0,0,0,0,0,0
0,0,0,0,0,0,0,0,2.0942e-09,4.1432e-09,8.04963e-09,1.56931e-08,3.06291e-08,5.98955e-08,1.17401e-07,2.30821e-07,4.55431e-07,9.01808e-07,1.79015e-06,3.54647e-06,6.90927e-06,1.28492e-05,2.19883e-05,3.37207e-05,4.61648e-05,5.74729e-05,6.70139e-05,7.51818e-05,8.26514e-05,8.99586e-05,9.74016e-05,0.000105027,0.00011267,0.000120047,0.00012686,0.00013286,0.000137867,0.000141749,0.000144417,0.000145726,0.000145726,0.000144417,0.000141749,0.000137866,0.00013286,0.000126859,0.000120046,0.00011267,0.000105027,9.7401e-05,8.99579e-05,8.26508e-05,7.51814e-05,6.70136e-05,5.74726e-05,4.61646e-05,3.37206e-05,2.19882e-05,1.28492e-05,6.90927e-06,3.54647e-06,1.79015e-06,9.01809e-07,4.5543e-07,2.30821e-07,1.17401e-07,5.98954e-08,3.0629e-08,1.56931e-08,8.04962e-09,4.1432e-09,2.09419e-09,0,0,0,0,0,0,0,0
0,0,0,0,0,0,0,2.10167e-09,4.1528e-09,8.04962e-09,1.56402e-08,3.04068e-08,5.91631e-08,1.15319e-07,2.2531e-07,4.4157e-07,8.68749e-07,1.71639e-06,3.40273e-06,6.74259e-06,1.31681e-05,2.46067e-05,4.23831e-05,6.54863e-05,9.03932e-05,0.000113574,0.000133877,0.000152205,0.00016999,0.000188141,0.000206726,0.000225207,0.000242903,0.0002593,0.000274119,0.000287175,0.000298235,0.000306994,0.00031313,0.000316182,0.000316182,0.000313129,0.000306993,0.000298234,0.000287174,0.000274117,0.000259298,0.000242901,0.000225205,0.000206724,0.00018814,0.000169989,0.000152204,0.000133876,0.000113573,9.03927e-05,6.54861e-05,4.2383e-05,2.46066e-05,1.3168e-05,6.74258e-06,3.40273e-06,1.71639e-06,8.68748e-07,4.4157e-07,2.2531e-07,1.15319e-07,5.91631e-08,3.04069e-08,1.56401e-08,8.04962e-09,4.1528e-09,2.10166e-09,0,0,0,0,0,0,0
0,0,0,0,0,0,2.12547e-09,4.17371e-09,8.09488e-09,1.56931e-08,3.04069e-08,5.89228e-08,1.14229e-07,2.21778e-07,4.31574e-07,8.424e-07,1.65076e-06,3.24993e-06,6.42557e-06,1.27159e-05,2.48633e-05,4.66637e-05,8.09388e-05,0.000126141,0.000175805,0.000223304,0.000266749,0.000308003,0.000349094,0.000390276,0.000430695,0.000469722,0.000507435,0.000544051,0.000579288,0.000612041,0.000640684,0.000663613,0.000679635,0.000687532,0.000687531,0.000679634,0.000663612,0.00064068,0.000612037,0.000579284,0.000544047,0.000507431,0.000469718,0.000430691,0.000390273,0.000349091,0.000308,0.000266747,0.000223302,0.000175804,0.00012614,8.09385e-05,4.66636e-05,2.48632e-05,1.27158e-05,6.42555e-06,3.24992e-06,1.65076e-06,8.42398e-07,4.31573e-07,2.21778e-07,1.14229e-07,5.89227e-08,3.04069e-08,1.56931e-08,8.09488e-09,4.17371e-09,2.12546e-09,0,0,0,0,0,0
0,0,0,0,1.07794e-09,2.17709e-09,4.21096e-09,8.16126e-09,1.58376e-08,3.06291e-08,5.91631e-08,1.14229e-07,2.20524e-07,4.26193e-07,8.25343e-07,1.60304e-06,3.12567e-06,6.12301e-06,1.20538e-05,2.37792e-05,4.64706e-05,8.75118e-05,0.000152864,0.000240495,0.00033891,0.000436105,0.000528524,0.000617335,0.000704424,0.00079132,0.000880716,0.000975373,0.00107615,0.00118054,0.00128244,0.00137476,0.00145185,0.00151028,0.00154906,0.00156741,0.00156741,0.00154906,0.00151028,0.00145184,0.00137475,0.00128243,0.00118053,0.00107614,0.000975363,0.000880707,0.000791312,0.000704419,0.000617329,0.000528518,0.000436101,0.000338907,0.000240494,0.000152863,8.75116e-05,4.64704e-05,2.37792e-05,1.20537e-05,6.12299e-06,3.12566e-06,1.60304e-06,8.25344e-07,4.26192e-07,2.20524e-07,1.14229e-07,5.9163e-08,3.06291e-08,1.58376e-08,8.16126e-09,4.21097e-09,2.1771e-09,1.07794e-09,0,0,0,0
0,0,0,1.08557e-09,2.18091e-09,4.25267e-09,8.2702e-09,1.60282e-08,3.10483e-08,5.98954e-08,1.15319e-07,2.21778e-07,4.26193e-07,8.19412e-07,1.57785e-06,3.04633e-06,5.90372e-06,1.1494e-05,2.24849e-05,4.4124e-05,8.5988e-05,0.000162205,0.000285182,0.000453159,0.000646464,0.000842651,0.00103092,0.00121358,0.00140362,0.0016185,0.00186725,0.00214459,0.00243807,0.00273109,0.00300219,0.0032368,0.00342645,0.0035676,0.0036609,0.00370522,0.00370521,0.00366089,0.00356758,0.00342642,0.00323677,0.00300216,0.00273106,0.00243803,0.00214456,0.00186723,0.00161848,0.00140361,0.00121357,0.00103091,0.000842642,0.000646457,0.000453155,0.00028518,0.000162204,8.59875e-05,4.41237e-05,2.24848e-05,1.14939e-05,5.90371e-06,3.04633e-06,1.57785e-06,8.19411e-07,4.26192e-07,2.21778e-07,1.15319e-07,5.98953e-08,3.10483e-08,1.60282e-08,8.27021e-09,4.25268e-09,2.18091e-09,1.08557e-09,0,0,0
0,0,1.08623e-09,2.1822e-09,4.28047e-09,8.37311e-09,1.62934e-08,3.15482e-08,6.10081e-08,1.17401e-07,2.25309e-07,4.31573e-07,8.25343e-07,1.57785e-06,3.01887e-06,5.78812e-06,1.11346e-05,2.15138e-05,4.17603e-05,8.13074e-05,0.00015756,0.000296966,0.000524826,0.000842402,0.00121653,0.0016001,0.00197422,0.00239293,0.00288788,0.00348945,0.00417894,0.00490688,0.0056448,0.00637057,0.00705681,0.00768483,0.00823219,0.00867648,0.00899492,0.00915665,0.00915663,0.00899489,0.00867642,0.00823213,0.00768474,0.00705672,0.00637048,0.00564472,0.00490678,0.00417886,0.00348939,0.00288783,0.0023929,0.0019742,0.00160008,0.00121652,0.000842394,0.000524821,0.000296964,0.000157559,8.13068e-05,4.17602e-05,2.15137e-05,1.11346e-05,5.78812e-06,3.01886e-06,1.57785e-06,8.25343e-07,4.31573e-07,2.25309e-07,1.17401e-07,6.10082e-08,3.15482e-08,1.62934e-08,8.37312e-09,4.28047e-09,2.18221e-09,1.08623e-09,0,0
0,1.04865e-09,2.16398e-09,4.28288e-09,8.43946e-09,1.65283e-08,3.21716e-08,6.22555e-08,1.20219e-07,2.30821e-07,4.41569e-07,8.42397e-07,1.60304e-06,3.04633e-06,5.78812e-06,1.10112e-05,2.10003e-05,4.0204e-05,7.72999e-05,0.000149018,0.000286156,0.000537022,0.000951818,0.00154129,0.00224968,0.00299998,0.0038418,0.00490871,0.00616599,0.00762058,0.00921385,0.0108863,0.0126479,0.0145121,0.0164462,0.0183692,0.0201712,0.0217102,0.0228457,0.0234401,0.02344,0.0228456,0.02171,0.0201709,0.0183689,0.0164459,0.0145119,0.0126477,0.0108861,0.00921364,0.00762043,0.00616586,0.00490861,0.00384173,0.00299993,0.00224964,0.00154127,0.000951809,0.000537016,0.000286154,0.000149017,7.72993e-05,4.02038e-05,2.10003e-05,1.10112e-05,5.78812e-06,3.04633e-06,1.60304e-06,8.42396e-07,4.41569e-07,2.30821e-07,1.2022e-07,6.22555e-08,3.21715e-08,1.65283e-08,8.43947e-09,4.28287e-09,2.16398e-09,1.04865e-09,0
0,2.05651e-09,4.23909e-09,8.43123e-09,1.6656e-08,3.26735e-08,6.36483e-08,1.23163e-07,2.37632e-07,4.55431e-07,8.68749e-07,1.65076e-06,3.12566e-06,5.90373e-06,1.11346e-05,2.10003e-05,3.96609e-05,7.51239e-05,0.00014281,0.000272013,0.000516149,0.000960591,0.00169942,0.00275066,0.00406523,0.00568248,0.00778042,0.0100612,0.0126898,0.0156867,0.0191234,0.0230184,0.0274349,0.0323799,0.0376956,0.0430685,0.0481194,0.0524038,0.0555333,0.0571746,0.0571744,0.055533,0.0524031,0.0481187,0.0430677,0.0376949,0.0323792,0.0274342,0.0230177,0.0191229,0.0156864,0.0126895,0.010061,0.00778026,0.00568239,0.00406517,0.00275062,0.00169939,0.000960581,0.000516144,0.000272011,0.000142809,7.51235e-05,3.96606e-05,2.10003e-05,1.11346e-05,5.90371e-06,3.12566e-06,1.65075e-06,8.68748e-07,4.5543e-07,2.37632e-07,1.23163e-07,6.36483e-08,3.26735e-08,1.6656e-08,8.43122e-09,4.23909e-09,2.05651e-09,0
1.92846e-09,4.01573e-09,8.29761e-09,1.65827e-08,3.28637e-08,6.46191e-08,1.26082e-07,2.44174e-07,4.71059e-07,9.01809e-07,1.71639e-06,3.24993e-06,6.123e-06,1.14939e-05,2.15138e-05,4.02041e-05,7.51242e-05,0.000140573,0.000263685,0.000495294,0.000926705,0.00170405,0.00297617,0.00479573,0.00724696,0.0107466,0.0149875,0.0190565,0.0241604,0.0303193,0.0378473,0.0468361,0.0572498,0.0688099,0.0809648,0.0929473,0.103901,0.112978,0.119478,0.122857,0.122857,0.119477,0.112977,0.1039,0.0929454,0.080963,0.0688082,0.0572483,0.0468348,0.0378463,0.0303185,0.0241598,0.019056,0.0149872,0.0107464,0.00724681,0.00479566,0.00297612,0.00170403,0.000926694,0.000495289,0.000263682,0.000140572,7.51237e-05,4.02038e-05,2.15137e-05,1.14939e-05,6.12299e-06,3.24993e-06,1.71639e-06,9.01808e-07,4.7106e-07,2.44174e-07,1.26082e-07,6.46191e-08,3.28637e-08,1.65827e-08,8.2976e-09,4.01573e-09,1.92846e-09
3.72373e-09,7.78526e-09,1.61817e-08,3.24975e-08,6.46654e-08,1.27583e-07,2.49599e-07,4.84279e-07,9.35155e-07,1.79015e-06,3.40273e-06,6.42558e-06,1.20538e-05,2.24849e-05,4.17603e-05,7.73e-05,0.00014281,0.000263685,0.0004873,0.000900926,0.0016578,0.0029803,0.00521036,0.00942944,0.0137525,0.0191979,0.0255823,0.0335014,0.0437042,0.0564189,0.0719407,0.0902554,0.110901,0.132976,0.155287,0.176478,0.195197,0.210275,0.220838,0.226259,0.226258,0.220836,0.210273,0.195194,0.176474,0.155284,0.132973,0.110898,0.0902529,0.0719386,0.0564172,0.0437029,0.0335005,0.0255817,0.0191975,0.0137522,0.00942926,0.00521025,0.00298026,0.00165778,0.000900915,0.000487294,0.000263683,0.000142809,7.72996e-05,4.17601e-05,2.24848e-05,1.20537e-05,6.42557e-06,3.40273e-06,1.79015e-06,9.35155e-07,4.84279e-07,2.496e-07,1.27583e-07,6.46656e-08,3.24976e-08,1.61817e-08,7.78528e-09,3.72373e-09
7.08883e-09,1.49338e-08,3.12393e-08,6.30898e-08,1.26169e-07,2.50034e-07,4.9103e-07,9.55751e-07,1.85e-06,3.54647e-06,6.74259e-06,1.27159e-05,2.37793e-05,4.41239e-05,8.13074e-05,0.000149018,0.000272014,0.000495295,0.000900925,0.00163752,0.00295005,0.00516986,0.00975472,0.015813,0.023011,0.0320494,0.0435687,0.0582723,0.0770488,0.100325,0.128074,0.159647,0.193645,0.228375,0.261867,0.292417,0.318494,0.338934,0.352957,0.36005,0.360049,0.352956,0.338932,0.318489,0.292413,0.261861,0.22837,0.19364,0.159642,0.12807,0.100322,0.0770465,0.0582707,0.0435675,0.0320487,0.0230105,0.0158127,0.00975449,0.00516974,0.00295,0.00163749,0.000900915,0.00049529,0.00027201,0.000149017,8.13067e-05,4.41238e-05,2.37792e-05,1.27159e-05,6.74258e-06,3.54647e-06,1.85e-06,9.55751e-07,4.91031e-07,2.50035e-07,1.2617e-07,6.30899e-08,3.12393e-08,1.49339e-08,7.08883e-09
1.32243e-08,2.80451e-08,5.90131e-08,1.19821e-07,2.40825e-07,4.7949e-07,9.45835e-07,1.84879e-06,3.5924e-06,6.90927e-06,1.31681e-05,2.48633e-05,4.64706e-05,8.59882e-05,0.00015756,0.000286156,0.000516149,0.000926706,0.0016578,0.00295005,0.00515686,0.00976897,0.0166452,0.0256516,0.0373793,0.0524908,0.0721047,0.0972314,0.128696,0.166467,0.209393,0.255849,0.303239,0.34933,0.391723,0.428717,0.459253,0.48256,0.498254,0.506098,0.506097,0.498253,0.482556,0.459249,0.428711,0.391716,0.349322,0.303231,0.255842,0.209386,0.166462,0.128692,0.0972284,0.0721026,0.0524894,0.0373783,0.025651,0.0166448,0.00976876,0.00515673,0.00295,0.00165778,0.000926695,0.000516145,0.000286154,0.000157559,8.59876e-05,4.64705e-05,2.48632e-05,1.3168e-05,6.90928e-06,3.59241e-06,1.8488e-06,9.45837e-07,4.7949e-07,2.40826e-07,1.19821e-07,5.90132e-08,2.80451e-08,1.32243e-08
2.37839e-08,5.06182e-08,1.06841e-07,2.17566e-07,4.38622e-07,8.76246e-07,1.73498e-06,3.40587e-06,6.64864e-06,1.28492e-05,2.46067e-05,4.66637e-05,8.7512e-05,0.000162205,0.000296967,0.000537022,0.00096059,0.00170405,0.00298031,0.00516984,0.00976895,0.016857,0.026954,0.0409652,0.0596561,0.0838162,0.115012,0.154205,0.201324,0.255361,0.313524,0.372764,0.430051,0.482582,0.528922,0.567582,0.598514,0.621368,0.636536,0.644083,0.644082,0.636534,0.621364,0.598507,0.567576,0.528914,0.482573,0.430042,0.372754,0.313514,0.255353,0.201317,0.1542,0.115008,0.0838138,0.0596546,0.0409641,0.0269534,0.0168566,0.00976874,0.00516973,0.00298027,0.00170403,0.00096058,0.000537016,0.000296964,0.000162204,8.75115e-05,4.66636e-05,2.46066e-05,1.28492e-05,6.64865e-06,3.40587e-06,1.73498e-06,8.76246e-07,4.38623e-07,2.17566e-07,1.06841e-07,5.06182e-08,2.37839e-08
4.02786e-08,8.55041e-08,1.80089e-07,3.66216e-07,7.38084e-07,1.47583e-06,2.92839e-06,5.76882e-06,1.13134e-05,2.19882e-05,4.23831e-05,8.09387e-05,0.000152864,0.000285182,0.000524826,0.000951817,0.00169941,0.00297616,0.00521031,0.00975471,0.0166452,0.026954,0.0422292,0.06365,0.0920041,0.12843,0.174318,0.230055,0.293826,0.362362,0.432144,0.498765,0.559739,0.612592,0.656814,0.692621,0.719984,0.739863,0.752698,0.759298,0.759298,0.752696,0.739861,0.71998,0.692615,0.656805,0.612582,0.559727,0.498753,0.432132,0.36235,0.293816,0.230047,0.174312,0.128426,0.0920015,0.0636484,0.0422281,0.0269533,0.0166448,0.00975448,0.00521022,0.00297612,0.00169939,0.000951807,0.000524821,0.00028518,0.000152863,8.09383e-05,4.2383e-05,2.19882e-05,1.13134e-05,5.76882e-06,2.9284e-06,1.47583e-06,7.38084e-07,3.66216e-07,1.80089e-07,8.55041e-08,4.02786e-08
6.2514e-08,1.31465e-07,2.74854e-07,5.56005e-07,1.11713e-06,2.23136e-06,4.43138e-06,8.75492e-06,1.72457e-05,3.37206e-05,6.54862e-05,0.000126141,0.000240495,0.000453157,0.0008424,0.00154128,0.00275064,0.00479575,0.00942944,0.015813,0.0256515,0.0409651,0.0636499,0.0949679,0.135792,0.187263,0.249926,0.321937,0.400031,0.478764,0.553456,0.620913,0.678569,0.726409,0.764431,0.793928,0.81579,0.831164,0.840942,0.845629,0.845629,0.840941,0.831161,0.815786,0.793923,0.764424,0.7264,0.678559,0.620901,0.553441,0.478751,0.400018,0.321926,0.249917,0.187257,0.135787,0.0949651,0.0636483,0.040964,0.025651,0.0158127,0.00942924,0.00479567,0.00275061,0.00154127,0.000842393,0.000453154,0.000240493,0.00012614,6.54861e-05,3.37205e-05,1.72458e-05,8.75491e-06,4.43138e-06,2.23136e-06,1.11712e-06,5.56005e-07,2.74854e-07,1.31466e-07,6.2514e-08
8.72182e-08,1.81005e-07,3.74765e-07,7.53171e-07,1.50771e-06,3.00789e-06,5.97913e-06,1.18505e-05,2.34556e-05,4.61648e-05,9.03929e-05,0.000175804,0.000338909,0.000646462,0.00121652,0.00224966,0.0040652,0.00724696,0.0137524,0.0230109,0.0373792,0.0596559,0.0920039,0.135792,0.191703,0.259803,0.339004,0.425067,0.511589,0.593855,0.666447,0.728084,0.777964,0.816931,0.847249,0.869594,0.885617,0.896669,0.90329,0.905772,0.905772,0.903291,0.896669,0.885615,0.86959,0.847245,0.816923,0.777955,0.728072,0.666435,0.593841,0.511573,0.425053,0.338992,0.259794,0.191696,0.135787,0.0920013,0.0596544,0.0373783,0.0230104,0.0137521,0.00724684,0.00406514,0.00224963,0.00121651,0.000646457,0.000338907,0.000175803,9.03928e-05,4.61646e-05,2.34556e-05,1.18505e-05,5.97913e-06,3.0079e-06,1.50771e-06,7.53171e-07,3.74765e-07,1.81005e-07,8.72183e-08
1.09424e-07,2.2419e-07,4.60192e-07,9.20202e-07,1.83816e-06,3.66827e-06,7.30946e-06,1.45536e-05,2.89783e-05,5.74728e-05,0.000113573,0.000223303,0.000436103,0.000842647,0.00160009,0.00299996,0.00568244,0.0107466,0.0191977,0.0320492,0.0524905,0.0838157,0.128429,0.187262,0.259802,0.344692,0.437106,0.531365,0.620012,0.697749,0.762798,0.814323,0.853701,0.883973,0.906112,0.922217,0.93327,0.940996,0.945157,0.9475,0.9475,0.945156,0.940993,0.933268,0.922216,0.906108,0.88397,0.853693,0.814312,0.762785,0.697734,0.619995,0.531347,0.437092,0.34468,0.259794,0.187256,0.128426,0.0838135,0.0524891,0.0320485,0.0191974,0.0107464,0.00568236,0.00299992,0.00160008,0.00084264,0.0004361,0.000223302,0.000113573,5.74725e-05,2.89783e-05,1.45535e-05,7.30946e-06,3.66827e-06,1.83816e-06,9.20202e-07,4.60192e-07,2.2419e-07,1.09423e-07
1.25906e-07,2.55437e-07,5.21404e-07,1.04025e-06,2.07889e-06,4.15958e-06,8.32577e-06,1.66842e-05,3.34777e-05,6.70137e-05,0.000133877,0.000266748,0.000528522,0.00103092,0.00197421,0.00384177,0.00778035,0.0149874,0.0255821,0.0435684,0.0721042,0.115011,0.174317,0.249925,0.339002,0.437105,0.538076,0.632766,0.716313,0.784668,0.83809,0.878678,0.907953,0.930121,0.946294,0.956257,0.965117,0.969067,0.97305,0.974861,0.97486,0.973051,0.969065,0.965115,0.956255,0.946292,0.930117,0.907947,0.878668,0.838081,0.784659,0.716299,0.632749,0.53806,0.437091,0.338992,0.249917,0.174311,0.115007,0.0721022,0.0435673,0.0255816,0.0149871,0.00778022,0.00384171,0.00197419,0.00103091,0.000528516,0.000266746,0.000133876,6.70135e-05,3.34775e-05,1.66841e-05,8.32575e-06,4.15957e-06,2.0789e-06,1.04025e-06,5.21403e-07,2.55437e-07,1.25906e-07
1.3651e-07,2.75203e-07,5.60366e-07,1.11855e-06,2.2418e-06,4.50672e-06,9.07855e-06,1.8343e-05,3.71515e-05,7.51816e-05,0.000152204,0.000308001,0.000617332,0.00121358,0.00239291,0.00490865,0.0100611,0.0190562,0.033501,0.0582717,0.0972304,0.154204,0.230053,0.321935,0.425065,0.53136,0.632765,0.72236,0.795544,0.851923,0.893955,0.923745,0.945399,0.962262,0.970918,0.97985,0.98354,0.986788,0.988617,0.989206,0.989206,0.988617,0.986787,0.983539,0.979848,0.970916,0.962258,0.945393,0.923736,0.89395,0.85192,0.795535,0.722345,0.632749,0.531347,0.425052,0.321924,0.230046,0.154199,0.0972278,0.0582703,0.0335003,0.0190559,0.0100609,0.00490857,0.00239289,0.00121356,0.000617327,0.000307998,0.000152204,7.51812e-05,3.71513e-05,1.83429e-05,9.07854e-06,4.50672e-06,2.2418e-06,1.11855e-06,5.60366e-07,2.75204e-07,1.3651e-07
1.42743e-07,2.86762e-07,5.83858e-07,1.16843e-06,2.35259e-06,4.75884e-06,9.66239e-06,1.97102e-05,4.03378e-05,8.26508e-05,0.000169989,0.000349091,0.00070442,0.00140361,0.00288785,0.00616592,0.0126897,0.0241602,0.0437036,0.0770478,0.128694,0.201322,0.293823,0.400029,0.511586,0.620008,0.716313,0.795551,0.856466,0.901076,0.932621,0.954702,0.969687,0.982076,0.986616,0.992339,0.990565,0.991545,0.991449,0.99219,0.99219,0.991448,0.991545,0.990564,0.99234,0.986614,0.982077,0.969683,0.95469,0.932611,0.901071,0.856457,0.795534,0.716298,0.619994,0.511572,0.400017,0.293814,0.201316,0.128691,0.0770458,0.0437026,0.0241597,0.0126894,0.00616581,0.00288781,0.0014036,0.000704414,0.000349089,0.000169988,8.26505e-05,4.03377e-05,1.97101e-05,9.66237e-06,4.75883e-06,2.35258e-06,1.16842e-06,5.83858e-07,2.86762e-07,1.42743e-07
1.46242e-07,2.93309e-07,5.9806e-07,1.20143e-06,2.4327e-06,4.95616e-06,1.01523e-05,2.09193e-05,4.3285e-05,8.9958e-05,0.00018814,0.000390274,0.000791313,0.00161848,0.00348941,0.00762048,0.0156865,0.0303189,0.056418,0.100324,0.166465,0.255359,0.362358,0.478762,0.593852,0.697747,0.784672,0.851933,0.90108,0.935354,0.959437,0.97263,0.987866,0.991276,0.992968,0.991543,0.994347,0.993575,0.993213,0.992716,0.992716,0.993212,0.993575,0.994346,0.991542,0.99297,0.991275,0.987865,0.972619,0.959423,0.935345,0.901071,0.851918,0.784658,0.697732,0.593838,0.478749,0.362348,0.255352,0.16646,0.100321,0.0564167,0.0303183,0.0156862,0.00762036,0.00348936,0.00161847,0.000791307,0.000390271,0.000188139,8.99576e-05,4.32848e-05,2.09192e-05,1.01523e-05,4.95615e-06,2.4327e-06,1.20143e-06,5.9806e-07,2.93309e-07,1.46242e-07
1.48181e-07,2.97035e-07,6.07059e-07,1.22495e-06,2.49558e-06,5.12323e-06,1.05905e-05,2.20416e-05,4.61346e-05,9.74013e-05,0.000206724,0.000430692,0.000880709,0.00186723,0.00417888,0.00921369,0.0191231,0.0378467,0.0719394,0.128072,0.20939,0.313519,0.43214,0.553451,0.666447,0.762792,0.838089,0.893961,0.932616,0.959425,0.973227,0.989536,0.995048,0.99247,0.995822,0.993247,0.993064,0.993173,0.992911,0.992499,0.9925,0.99291,0.993172,0.993065,0.993248,0.995824,0.992472,0.995052,0.989532,0.973221,0.959424,0.932612,0.893948,0.838079,0.762784,0.666433,0.553438,0.432129,0.313511,0.209384,0.128069,0.0719376,0.0378459,0.0191228,0.00921355,0.00417882,0.00186721,0.000880702,0.00043069,0.000206723,9.74006e-05,4.61344e-05,2.20415e-05,1.05904e-05,5.12323e-06,2.49557e-06,1.22495e-06,6.07058e-07,2.97035e-07,1.48182e-07
1.49272e-07,2.99232e-07,6.13198e-07,1.24314e-06,2.54845e-06,5.27227e-06,1.09956e-05,2.31053e-05,4.8952e-05,0.000105027,0.000225206,0.000469718,0.000975364,0.00214456,0.00490681,0.0108861,0.0230179,0.0468352,0.0902537,0.159644,0.255845,0.372759,0.498761,0.620909,0.72808,0.814318,0.878673,0.923741,0.954694,0.972616,0.989531,0.99678,0.992719,0.993989,0.993065,0.992262,0.991796,0.991454,0.991078,0.990814,0.990815,0.991077,0.991454,0.991797,0.992262,0.993068,0.993992,0.992724,0.996785,0.989532,0.972619,0.95469,0.923734,0.878667,0.814311,0.72807,0.620897,0.49875,0.372751,0.255838,0.15964,0.0902516,0.0468342,0.0230175,0.010886,0.00490674,0.00214454,0.000975357,0.000469715,0.000225204,0.000105026,4.89519e-05,2.31052e-05,1.09956e-05,5.27226e-06,2.54845e-06,1.24314e-06,6.13198e-07,2.99232e-07,1.49272e-07
1.49908e-07,3.00605e-07,6.17726e-07,1.25809e-06,2.59485e-06,5.4081e-06,1.13726e-05,2.41151e-05,5.17461e-05,0.00011267,0.000242901,0.000507431,0.00107614,0.00243804,0.00564473,0.0126477,0.0274343,0.0572487,0.110899,0.193642,0.303234,0.430047,0.559732,0.678564,0.777961,0.853695,0.907948,0.945399,0.969683,0.987867,0.995053,0.992723,0.994196,0.992397,0.991616,0.99093,0.990342,0.990046,0.989696,0.989582,0.989582,0.989695,0.990045,0.990342,0.990931,0.991617,0.992399,0.994198,0.992724,0.995049,0.987866,0.969683,0.945392,0.907944,0.853691,0.777952,0.678555,0.559724,0.430037,0.303228,0.193637,0.110896,0.0572474,0.0274338,0.0126475,0.00564465,0.00243801,0.00107613,0.000507429,0.0002429,0.000112669,5.17459e-05,2.41151e-05,1.13726e-05,5.40809e-06,2.59485e-06,1.25809e-06,6.17725e-07,3.00605e-07,1.49908e-07
1.503e-07,3.01524e-07,6.2127e-07,1.2708e-06,2.6361e-06,5.53171e-06,1.17191e-05,2.50644e-05,5.44751e-05,0.000120046,0.000259298,0.000544047,0.00118053,0.00273105,0.00637048,0.0145119,0.0323793,0.0688083,0.132974,0.228371,0.349324,0.482576,0.612588,0.726403,0.816925,0.883973,0.930117,0.96226,0.982083,0.991279,0.99247,0.993992,0.992397,0.991418,0.990528,0.989727,0.989293,0.988786,0.988382,0.988111,0.988112,0.988382,0.988785,0.989292,0.989725,0.99053,0.991419,0.992399,0.993992,0.992471,0.991276,0.982077,0.962257,0.930115,0.883968,0.81692,0.726396,0.612579,0.482569,0.349318,0.228367,0.132971,0.068807,0.0323787,0.0145117,0.0063704,0.00273103,0.00118052,0.000544043,0.000259297,0.000120046,5.44748e-05,2.50644e-05,1.17191e-05,5.5317e-06,2.63609e-06,1.2708e-06,6.2127e-07,3.01524e-07,1.503e-07
1.50558e-07,3.02178e-07,6.24137e-07,1.28166e-06,2.67246e-06,5.64212e-06,1.20303e-05,2.59391e-05,5.70589e-05,0.000126859,0.000274117,0.000579284,0.00128243,0.00300215,0.00705671,0.0164459,0.0376948,0.0809629,0.155284,0.261862,0.391717,0.528915,0.656807,0.764424,0.847247,0.906108,0.946293,0.970921,0.986618,0.99297,0.995823,0.993065,0.991616,0.990528,0.989465,0.988955,0.988179,0.987681,0.987217,0.986865,0.986865,0.987216,0.987681,0.988178,0.988953,0.989464,0.990529,0.991617,0.993068,0.995823,0.99297,0.986615,0.970917,0.946292,0.906107,0.847241,0.76442,0.656801,0.528909,0.391712,0.261858,0.155281,0.0809615,0.0376942,0.0164456,0.00705663,0.00300212,0.00128242,0.000579281,0.000274116,0.000126858,5.70587e-05,2.5939e-05,1.20302e-05,5.64212e-06,2.67246e-06,1.28166e-06,6.24138e-07,3.02178e-07,1.50558e-07
1.50737e-07,3.02663e-07,6.26468e-07,1.29083e-06,2.70369e-06,5.7376e-06,1.23005e-05,2.67192e-05,5.93979e-05,0.000132859,0.000287173,0.000612036,0.00137474,0.00323676,0.00768471,0.0183688,0.0430675,0.0929451,0.176474,0.292412,0.42871,0.567576,0.692615,0.793924,0.869589,0.922219,0.956257,0.979847,0.992339,0.991544,0.993248,0.992263,0.990931,0.989727,0.988956,0.987983,0.987368,0.986727,0.986149,0.985801,0.985801,0.986147,0.986726,0.987367,0.987981,0.988953,0.989725,0.990931,0.992262,0.993247,0.991541,0.992338,0.979845,0.956255,0.922215,0.869588,0.793919,0.69261,0.567571,0.428706,0.292409,0.176471,0.0929436,0.0430669,0.0183686,0.00768465,0.00323674,0.00137473,0.000612033,0.000287172,0.000132859,5.93977e-05,2.67192e-05,1.23004e-05,5.7376e-06,2.70369e-06,1.29083e-06,6.26468e-07,3.02663e-07,1.50737e-07
1.50864e-07,3.03024e-07,6.28318e-07,1.29828e-06,2.72938e-06,5.81637e-06,1.25243e-05,2.73815e-05,6.13938e-05,0.000137866,0.000298233,0.000640676,0.00145183,0.0034264,0.00823206,0.0201708,0.0481184,0.103899,0.195193,0.318488,0.459247,0.598506,0.71998,0.815784,0.885616,0.933266,0.965112,0.983539,0.990565,0.994348,0.993064,0.991795,0.990342,0.989294,0.98818,0.987368,0.98658,0.985907,0.985248,0.984843,0.984841,0.985247,0.985907,0.98658,0.987367,0.988179,0.989292,0.990341,0.991795,0.993063,0.994347,0.990565,0.983538,0.965112,0.933265,0.885613,0.815782,0.719977,0.598503,0.459243,0.318485,0.195191,0.103898,0.0481178,0.0201706,0.008232,0.00342639,0.00145183,0.000640675,0.000298232,0.000137866,6.13935e-05,2.73814e-05,1.25243e-05,5.81636e-06,2.72938e-06,1.29829e-06,6.28319e-07,3.03025e-07,1.50864e-07
1.50953e-07,3.03286e-07,6.29708e-07,1.30396e-06,2.7491e-06,5.87688e-06,1.26972e-05,2.79028e-05,6.2964e-05,0.000141748,0.000306992,0.000663608,0.00151027,0.00356754,0.00867634,0.0217098,0.0524026,0.112976,0.210271,0.338929,0.482554,0.621361,0.739858,0.83116,0.896666,0.940993,0.969067,0.986788,0.991544,0.993574,0.993173,0.991454,0.990045,0.988787,0.987682,0.986726,0.985906,0.985098,0.984523,0.984151,0.98415,0.984523,0.985097,0.985906,0.986726,0.987681,0.988785,0.990045,0.991454,0.993173,0.993574,0.991544,0.986787,0.969067,0.940992,0.896665,0.831158,0.739855,0.621358,0.482551,0.338926,0.210269,0.112975,0.052402,0.0217096,0.00867628,0.00356753,0.00151026,0.000663606,0.000306991,0.000141748,6.29639e-05,2.79028e-05,1.26971e-05,5.87687e-06,2.7491e-06,1.30396e-06,6.2971e-07,3.03287e-07,1.50953e-07
1.51011e-07,3.03458e-07,6.30642e-07,1.30781e-06,2.76253e-06,5.91809e-06,1.28154e-05,2.82645e-05,6.4051e-05,0.000144416,0.000313128,0.00067963,0.00154905,0.00366085,0.00899479,0.0228453,0.0555322,0.119475,0.220834,0.352952,0.498249,0.63653,0.752692,0.840938,0.90329,0.945154,0.973049,0.988615,0.991449,0.993213,0.992912,0.991079,0.989696,0.988382,0.987216,0.986148,0.985247,0.984523,0.984051,0.983943,0.983942,0.984051,0.984522,0.985246,0.986148,0.987217,0.988383,0.989695,0.991078,0.99291,0.993213,0.99145,0.988616,0.973047,0.945156,0.903289,0.840937,0.75269,0.636529,0.498247,0.352951,0.220833,0.119474,0.0555318,0.0228451,0.00899476,0.00366085,0.00154905,0.000679627,0.000313127,0.000144416,6.4051e-05,2.82645e-05,1.28154e-05,5.91809e-06,2.76253e-06,1.30781e-06,6.30643e-07,3.03458e-07,1.51011e-07
1.5104e-07,3.03544e-07,6.3111e-07,1.30972e-06,2.76916e-06,5.93835e-06,1.28736e-05,2.84434e-05,6.45863e-05,0.000145725,0.00031618,0.000687526,0.00156739,0.00370519,0.00915654,0.0234397,0.0571735,0.122855,0.226254,0.360046,0.506092,0.644077,0.759293,0.845624,0.905769,0.9475,0.974861,0.989205,0.992191,0.992716,0.992499,0.990814,0.989582,0.988112,0.986866,0.985802,0.984842,0.984149,0.983941,0.984208,0.984208,0.983942,0.984149,0.984841,0.985802,0.986867,0.988113,0.989583,0.990814,0.9925,0.992717,0.99219,0.989208,0.97486,0.947499,0.905768,0.845624,0.759292,0.644076,0.506091,0.360045,0.226254,0.122854,0.0571732,0.0234396,0.00915652,0.00370519,0.00156739,0.000687524,0.00031618,0.000145725,6.45862e-05,2.84434e-05,1.28736e-05,5.93835e-06,2.76917e-06,1.30972e-06,6.31109e-07,3.03544e-07,1.5104e-07
1.5104e-07,3.03544e-07,6.3111e-07,1.30972e-06,2.76916e-06,5.93835e-06,1.28736e-05,2.84434e-05,6.45863e-05,0.000145725,0.000316181,0.000687526,0.00156739,0.00370519,0.00915655,0.0234397,0.0571735,0.122855,0.226255,0.360046,0.506093,0.644077,0.759293,0.845624,0.905769,0.947499,0.97486,0.989206,0.992191,0.992716,0.9925,0.990813,0.989583,0.988113,0.986867,0.985803,0.984843,0.984149,0.98394,0.984205,0.984206,0.983941,0.984149,0.984843,0.985803,0.986867,0.988113,0.989584,0.990814,0.9925,0.992717,0.99219,0.989206,0.97486,0.947499,0.905769,0.845624,0.759293,0.644077,0.506092,0.360045,0.226255,0.122855,0.0571734,0.0234397,0.00915654,0.00370519,0.00156739,0.000687525,0.00031618,0.000145725,6.45862e-05,2.84434e-05,1.28736e-05,5.93835e-06,2.76917e-06,1.30972e-06,6.31109e-07,3.03544e-07,1.5104e-07
1.51011e-07,3.03458e-07,6.30643e-07,1.30781e-06,2.76253e-06,5.91809e-06,1.28154e-05,2.82645e-05,6.40511e-05,0.000144416,0.000313128,0.000679629,0.00154905,0.00366085,0.00899482,0.0228453,0.0555323,0.119475,0.220834,0.352953,0.498249,0.63653,0.752693,0.840938,0.903289,0.945155,0.973049,0.988617,0.991449,0.993214,0.992911,0.991079,0.989696,0.988383,0.987217,0.986149,0.985247,0.984523,0.984048,0.98394,0.98394,0.984049,0.984522,0.985248,0.986149,0.987218,0.988384,0.989696,0.991077,0.992911,0.993213,0.991449,0.988617,0.97305,0.945156,0.903288,0.840938,0.752693,0.636531,0.498249,0.352954,0.220834,0.119475,0.0555323,0.0228453,0.00899481,0.00366086,0.00154905,0.000679629,0.000313127,0.000144416,6.40511e-05,2.82646e-05,1.28154e-05,5.91809e-06,2.76253e-06,1.30781e-06,6.30642e-07,3.03458e-07,1.51011e-07
1.50953e-07,3.03286e-07,6.29708e-07,1.30396e-06,2.7491e-06,5.87688e-06,1.26972e-05,2.79028e-05,6.29641e-05,0.000141749,0.000306993,0.000663609,0.00151027,0.00356755,0.00867636,0.0217099,0.0524027,0.112976,0.210271,0.338929,0.482554,0.621362,0.739857,0.831159,0.896666,0.940993,0.969065,0.986787,0.991547,0.993575,0.993173,0.991453,0.990045,0.988786,0.987682,0.986728,0.985908,0.985098,0.984523,0.984148,0.984148,0.984522,0.985098,0.985908,0.986728,0.987683,0.988786,0.990045,0.991454,0.993173,0.993575,0.991547,0.986787,0.969067,0.940992,0.896668,0.83116,0.739859,0.621362,0.482555,0.33893,0.210272,0.112976,0.0524028,0.0217099,0.00867637,0.00356756,0.00151027,0.000663608,0.000306992,0.000141749,6.29641e-05,2.79029e-05,1.26972e-05,5.87687e-06,2.7491e-06,1.30396e-06,6.29708e-07,3.03286e-07,1.50953e-07
1.50864e-07,3.03025e-07,6.28319e-07,1.29828e-06,2.72938e-06,5.81637e-06,1.25243e-05,2.73815e-05,6.13937e-05,0.000137866,0.000298234,0.000640679,0.00145184,0.00342641,0.00823209,0.0201708,0.0481185,0.103899,0.195193,0.318489,0.459247,0.598507,0.71998,0.815784,0.885614,0.933266,0.965114,0.983538,0.990566,0.994348,0.993065,0.991796,0.990342,0.989294,0.988181,0.987369,0.986581,0.985908,0.985248,0.984842,0.984841,0.985247,0.985906,0.98658,0.987369,0.98818,0.989293,0.990342,0.991797,0.993065,0.994347,0.990566,0.983539,0.965117,0.933267,0.885615,0.815785,0.719982,0.598508,0.459249,0.31849,0.195194,0.1039,0.0481187,0.0201709,0.00823211,0.00342642,0.00145184,0.000640678,0.000298234,0.000137866,6.13938e-05,2.73815e-05,1.25243e-05,5.81637e-06,2.72938e-06,1.29828e-06,6.2832e-07,3.03025e-07,1.50864e-07
1.50737e-07,3.02662e-07,6.26469e-07,1.29083e-06,2.70369e-06,5.7376e-06,1.23005e-05,2.67192e-05,5.9398e-05,0.000132859,0.000287174,0.000612036,0.00137475,0.00323677,0.00768474,0.0183689,0.0430677,0.0929454,0.176474,0.292413,0.428711,0.567577,0.692615,0.793924,0.86959,0.922215,0.956255,0.97985,0.99234,0.991544,0.993248,0.992262,0.990932,0.989726,0.988956,0.987984,0.987369,0.986728,0.986149,0.985802,0.985801,0.986148,0.986726,0.987369,0.987984,0.988955,0.989726,0.990931,0.992261,0.993249,0.991543,0.99234,0.97985,0.956255,0.922215,0.869592,0.793924,0.692618,0.56758,0.428713,0.292415,0.176475,0.0929459,0.0430679,0.018369,0.00768477,0.00323678,0.00137475,0.000612037,0.000287174,0.000132859,5.9398e-05,2.67192e-05,1.23005e-05,5.73761e-06,2.70369e-06,1.29083e-06,6.26468e-07,3.02663e-07,1.50737e-07
1.50558e-07,3.02178e-07,6.24138e-07,1.28166e-06,2.67246e-06,5.64212e-06,1.20303e-05,2.59391e-05,5.70589e-05,0.000126859,0.000274118,0.000579285,0.00128243,0.00300216,0.00705673,0.016446,0.037695,0.0809632,0.155284,0.261863,0.391718,0.528916,0.656808,0.764426,0.847244,0.906109,0.946294,0.970917,0.986617,0.99297,0.995822,0.993064,0.991616,0.990528,0.989464,0.988955,0.98818,0.987683,0.987217,0.986866,0.986866,0.987216,0.987683,0.988181,0.988955,0.989465,0.990526,0.991614,0.993063,0.99582,0.992973,0.986616,0.970916,0.946295,0.906111,0.847247,0.764428,0.65681,0.528919,0.391721,0.261865,0.155285,0.0809638,0.0376952,0.016446,0.00705677,0.00300216,0.00128243,0.000579287,0.000274118,0.000126859,5.70591e-05,2.59391e-05,1.20303e-05,5.64212e-06,2.67246e-06,1.28167e-06,6.24138e-07,3.02178e-07,1.50558e-07
1.503e-07,3.01524e-07,6.2127e-07,1.2708e-06,2.6361e-06,5.53171e-06,1.17191e-05,2.50645e-05,5.44751e-05,0.000120046,0.000259299,0.000544047,0.00118053,0.00273106,0.0063705,0.014512,0.0323794,0.0688087,0.132974,0.228372,0.349325,0.482578,0.612587,0.726404,0.816928,0.883969,0.930119,0.962261,0.982075,0.991277,0.992467,0.993987,0.992396,0.991417,0.990527,0.989725,0.989293,0.988785,0.988382,0.988112,0.988112,0.988382,0.988785,0.989292,0.989725,0.990527,0.991416,0.992394,0.993985,0.992466,0.991275,0.982074,0.962263,0.930118,0.883973,0.816929,0.726406,0.612591,0.482581,0.349328,0.228374,0.132975,0.0688093,0.0323797,0.014512,0.00637053,0.00273108,0.00118054,0.000544049,0.000259299,0.000120047,5.44751e-05,2.50645e-05,1.17191e-05,5.53171e-06,2.63609e-06,1.2708e-06,6.21272e-07,3.01524e-07,1.503e-07
1.49908e-07,3.00605e-07,6.17726e-07,1.25809e-06,2.59485e-06,5.40811e-06,1.13726e-05,2.41152e-05,5.17461e-05,0.00011267,0.000242901,0.000507432,0.00107614,0.00243804,0.00564475,0.0126478,0.0274345,0.057249,0.110899,0.193643,0.303236,0.430047,0.559734,0.678567,0.777959,0.8537,0.907951,0.9454,0.969688,0.987865,0.995043,0.992716,0.994192,0.992395,0.991614,0.990928,0.99034,0.990045,0.989695,0.989582,0.989582,0.989695,0.990045,0.99034,0.990928,0.991615,0.992395,0.994192,0.992717,0.995041,0.987868,0.969691,0.945399,0.907954,0.853702,0.777963,0.67857,0.559738,0.430051,0.303238,0.193644,0.1109,0.0572494,0.0274347,0.0126479,0.00564478,0.00243805,0.00107615,0.000507433,0.000242902,0.00011267,5.17462e-05,2.41152e-05,1.13726e-05,5.4081e-06,2.59485e-06,1.25809e-06,6.17726e-07,3.00605e-07,1.49908e-07
1.49272e-07,2.99232e-07,6.13198e-07,1.24314e-06,2.54846e-06,5.27228e-06,1.09957e-05,2.31053e-05,4.89521e-05,0.000105027,0.000225206,0.000469719,0.000975367,0.00214457,0.00490682,0.0108862,0.0230181,0.0468355,0.0902543,0.159645,0.255847,0.372762,0.498762,0.62091,0.728082,0.814321,0.878677,0.923743,0.954703,0.972636,0.989531,0.996771,0.992719,0.993989,0.993063,0.99226,0.991795,0.991454,0.991079,0.990813,0.990814,0.991079,0.991454,0.991796,0.992261,0.993063,0.993991,0.992718,0.996777,0.989533,0.972638,0.954705,0.923748,0.878679,0.814324,0.728085,0.620914,0.498766,0.372765,0.255849,0.159646,0.0902551,0.0468359,0.0230183,0.0108863,0.00490686,0.00214458,0.000975369,0.00046972,0.000225206,0.000105027,4.89522e-05,2.31053e-05,1.09956e-05,5.27228e-06,2.54846e-06,1.24314e-06,6.13198e-07,2.99232e-07,1.49272e-07
1.48182e-07,2.97035e-07,6.07059e-07,1.22496e-06,2.49558e-06,5.12324e-06,1.05905e-05,2.20417e-05,4.61346e-05,9.74013e-05,0.000206725,0.000430693,0.000880711,0.00186724,0.00417889,0.00921374,0.0191232,0.0378469,0.0719399,0.128073,0.209391,0.313521,0.432142,0.553453,0.666446,0.762795,0.838088,0.893955,0.932618,0.959438,0.973237,0.989526,0.995051,0.992469,0.995822,0.993246,0.993065,0.993174,0.992911,0.992499,0.9925,0.992912,0.993175,0.993066,0.993248,0.995822,0.992469,0.995056,0.98953,0.973234,0.959441,0.932623,0.893956,0.83809,0.762799,0.66645,0.553458,0.432145,0.313524,0.209393,0.128074,0.0719405,0.0378472,0.0191233,0.00921381,0.00417892,0.00186724,0.000880714,0.000430694,0.000206725,9.74015e-05,4.61347e-05,2.20417e-05,1.05905e-05,5.12324e-06,2.49558e-06,1.22496e-06,6.07058e-07,2.97035e-07,1.48181e-07
1.46242e-07,2.93309e-07,5.9806e-07,1.20143e-06,2.4327e-06,4.95616e-06,1.01523e-05,2.09193e-05,4.3285e-05,8.99581e-05,0.00018814,0.000390274,0.000791315,0.00161849,0.00348943,0.00762053,0.0156866,0.0303191,0.0564184,0.100325,0.166466,0.25536,0.362361,0.478763,0.593856,0.69775,0.78467,0.851925,0.901078,0.935353,0.959432,0.972624,0.987863,0.991281,0.99297,0.991545,0.994347,0.993576,0.993213,0.992717,0.992717,0.993215,0.993576,0.994348,0.991546,0.99297,0.99128,0.987864,0.972618,0.95943,0.935355,0.901077,0.851926,0.784672,0.697753,0.593859,0.478767,0.362364,0.255363,0.166467,0.100325,0.0564189,0.0303193,0.0156867,0.00762057,0.00348945,0.0016185,0.000791318,0.000390275,0.000188141,8.99584e-05,4.32851e-05,2.09193e-05,1.01523e-05,4.95616e-06,2.4327e-06,1.20143e-06,5.9806e-07,2.93309e-07,1.46242e-07
1.42744e-07,2.86762e-07,5.83858e-07,1.16843e-06,2.35259e-06,4.75884e-06,9.6624e-06,1.97102e-05,4.03379e-05,8.26509e-05,0.000169989,0.000349092,0.000704423,0.00140361,0.00288786,0.00616595,0.0126897,0.0241603,0.0437038,0.0770483,0.128695,0.201323,0.293825,0.400032,0.511589,0.620012,0.716316,0.795547,0.856468,0.901085,0.932622,0.954701,0.969686,0.98208,0.986618,0.99234,0.990566,0.991543,0.991449,0.99219,0.992191,0.99145,0.991545,0.990566,0.992338,0.986618,0.982082,0.969683,0.954698,0.93262,0.901085,0.856469,0.79555,0.716318,0.620016,0.511593,0.400035,0.293828,0.201325,0.128696,0.0770489,0.0437042,0.0241604,0.0126898,0.00616598,0.00288788,0.00140362,0.000704424,0.000349093,0.00016999,8.26512e-05,4.0338e-05,1.97102e-05,9.6624e-06,4.75885e-06,2.35259e-06,1.16843e-06,5.83858e-07,2.86762e-07,1.42743e-07
1.3651e-07,2.75204e-07,5.60364e-07,1.11854e-06,2.2418e-06,4.50672e-06,9.07856e-06,1.8343e-05,3.71514e-05,7.51815e-05,0.000152204,0.000308001,0.000617333,0.00121358,0.00239292,0.00490867,0.0100611,0.0190563,0.0335012,0.058272,0.0972309,0.154205,0.230054,0.321937,0.425068,0.531366,0.632769,0.722361,0.79555,0.85193,0.893965,0.923742,0.945403,0.962261,0.970921,0.979848,0.983541,0.986787,0.988618,0.989206,0.989207,0.988618,0.986787,0.983541,0.979849,0.970925,0.96226,0.945403,0.923744,0.893966,0.851935,0.795556,0.722365,0.632773,0.531371,0.425071,0.32194,0.230057,0.154206,0.0972318,0.0582725,0.0335014,0.0190565,0.0100612,0.00490869,0.00239293,0.00121358,0.000617335,0.000308002,0.000152205,7.51817e-05,3.71515e-05,1.8343e-05,9.07855e-06,4.50672e-06,2.2418e-06,1.11854e-06,5.60365e-07,2.75204e-07,1.3651e-07
1.25906e-07,2.55437e-07,5.21404e-07,1.04024e-06,2.0789e-06,4.15958e-06,8.32576e-06,1.66841e-05,3.34776e-05,6.70136e-05,0.000133877,0.000266748,0.000528521,0.00103092,0.00197421,0.00384177,0.00778038,0.0149874,0.0255822,0.0435685,0.0721045,0.115011,0.174317,0.249926,0.339005,0.437107,0.538079,0.632767,0.716313,0.784672,0.838087,0.878678,0.907947,0.93012,0.946292,0.956257,0.965114,0.969066,0.973049,0.974862,0.974862,0.973049,0.969068,0.965115,0.956259,0.946294,0.930119,0.907949,0.878678,0.838091,0.784677,0.716317,0.632772,0.538083,0.437112,0.339008,0.249929,0.174319,0.115012,0.0721051,0.0435688,0.0255824,0.0149875,0.00778042,0.00384179,0.00197422,0.00103092,0.000528522,0.000266748,0.000133877,6.70137e-05,3.34777e-05,1.66842e-05,8.32577e-06,4.15958e-06,2.0789e-06,1.04024e-06,5.21403e-07,2.55437e-07,1.25906e-07
1.09423e-07,2.2419e-07,4.60192e-07,9.20201e-07,1.83815e-06,3.66827e-06,7.30945e-06,1.45535e-05,2.89783e-05,5.74727e-05,0.000113573,0.000223303,0.000436102,0.000842647,0.00160009,0.00299995,0.00568244,0.0107466,0.0191978,0.0320493,0.0524907,0.0838161,0.12843,0.187263,0.259803,0.344694,0.437108,0.531364,0.620012,0.697748,0.762796,0.81432,0.853698,0.883971,0.906109,0.922217,0.933266,0.940994,0.945154,0.947499,0.947499,0.945154,0.940995,0.933267,0.922219,0.906108,0.883973,0.853698,0.814322,0.762798,0.697752,0.620015,0.531367,0.437111,0.344697,0.259806,0.187265,0.128431,0.0838168,0.0524911,0.0320495,0.0191979,0.0107466,0.00568246,0.00299996,0.00160009,0.000842649,0.000436103,0.000223303,0.000113573,5.74727e-05,2.89783e-05,1.45535e-05,7.30945e-06,3.66826e-06,1.83815e-06,9.202e-07,4.60191e-07,2.2419e-07,1.09423e-07
8.72182e-08,1.81005e-07,3.74763e-07,7.5317e-07,1.50771e-06,3.00788e-06,5.97911e-06,1.18505e-05,2.34555e-05,4.61646e-05,9.03925e-05,0.000175803,0.000338907,0.000646459,0.00121652,0.00224966,0.0040652,0.00724689,0.0137524,0.0230109,0.0373792,0.0596561,0.0920042,0.135792,0.191703,0.259804,0.339005,0.425069,0.51159,0.593857,0.666448,0.728081,0.777962,0.816926,0.847247,0.869588,0.885615,0.896665,0.903288,0.905768,0.905768,0.903288,0.896665,0.885615,0.869588,0.847249,0.816928,0.777965,0.728084,0.666453,0.593859,0.511594,0.425071,0.339007,0.259806,0.191705,0.135793,0.0920051,0.0596565,0.0373794,0.023011,0.0137525,0.00724693,0.00406522,0.00224966,0.00121652,0.000646461,0.000338908,0.000175803,9.03926e-05,4.61646e-05,2.34554e-05,1.18505e-05,5.9791e-06,3.00788e-06,1.5077e-06,7.53169e-07,3.74763e-07,1.81005e-07,8.72182e-08
6.25139e-08,1.31466e-07,2.74854e-07,5.56004e-07,1.11712e-06,2.23135e-06,4.43136e-06,8.75485e-06,1.72457e-05,3.37204e-05,6.54857e-05,0.00012614,0.000240493,0.000453155,0.000842395,0.00154127,0.00275064,0.0047957,0.00942941,0.015813,0.0256515,0.0409651,0.0636502,0.0949682,0.135792,0.187263,0.249927,0.321937,0.400032,0.478765,0.553454,0.620912,0.678567,0.726405,0.764425,0.793923,0.815785,0.831158,0.840937,0.845625,0.845624,0.840939,0.831158,0.815786,0.793923,0.764427,0.726406,0.678569,0.620915,0.553458,0.478769,0.400035,0.321941,0.249929,0.187265,0.135793,0.0949688,0.0636505,0.0409653,0.0256517,0.015813,0.00942945,0.00479572,0.00275064,0.00154128,0.000842395,0.000453154,0.000240493,0.00012614,6.54858e-05,3.37203e-05,1.72456e-05,8.75484e-06,4.43136e-06,2.23135e-06,1.11712e-06,5.56002e-07,2.74853e-07,1.31466e-07,6.25138e-08
4.02786e-08,8.55041e-08,1.80089e-07,3.66214e-07,7.38079e-07,1.47582e-06,2.92837e-06,5.76877e-06,1.13133e-05,2.1988e-05,4.23827e-05,8.09379e-05,0.000152862,0.000285179,0.00052482,0.000951807,0.0016994,0.00297614,0.00521028,0.00975461,0.0166451,0.0269539,0.0422292,0.0636501,0.0920042,0.12843,0.174318,0.230055,0.293826,0.362361,0.432143,0.498764,0.559735,0.612589,0.656809,0.692616,0.719979,0.739858,0.752691,0.759293,0.759293,0.752692,0.739859,0.71998,0.692618,0.65681,0.612592,0.559738,0.498767,0.432146,0.362364,0.293828,0.230057,0.174319,0.128431,0.092005,0.0636505,0.0422295,0.0269541,0.0166452,0.00975467,0.00521029,0.00297614,0.0016994,0.000951807,0.000524819,0.000285179,0.000152862,8.09377e-05,4.23826e-05,2.19879e-05,1.13133e-05,5.76875e-06,2.92837e-06,1.47581e-06,7.38079e-07,3.66213e-07,1.80089e-07,8.5504e-08,4.02785e-08
2.37839e-08,5.06182e-08,1.0684e-07,2.17565e-07,4.38618e-07,8.76237e-07,1.73496e-06,3.40583e-06,6.64856e-06,1.28491e-05,2.46063e-05,4.66631e-05,8.75107e-05,0.000162202,0.000296962,0.000537015,0.00096058,0.00170403,0.00298027,0.00516982,0.00976891,0.0168569,0.026954,0.0409651,0.0596561,0.0838162,0.115011,0.154205,0.201324,0.255361,0.313522,0.372762,0.430049,0.482578,0.528917,0.567578,0.598507,0.621362,0.636531,0.644078,0.644078,0.636531,0.621363,0.598508,0.56758,0.528919,0.482581,0.430051,0.372764,0.313525,0.255363,0.201325,0.154206,0.115012,0.0838167,0.0596564,0.0409654,0.0269541,0.016857,0.00976895,0.00516983,0.00298029,0.00170404,0.00096058,0.000537015,0.000296962,0.000162202,8.75104e-05,4.6663e-05,2.46063e-05,1.2849e-05,6.64854e-06,3.40582e-06,1.73496e-06,8.76234e-07,4.38618e-07,2.17565e-07,1.0684e-07,5.06182e-08,2.37839e-08
1.32243e-08,2.80451e-08,5.9013e-08,1.1982e-07,2.40823e-07,4.79484e-07,9.45824e-07,1.84877e-06,3.59235e-06,6.90917e-06,1.31678e-05,2.48629e-05,4.64699e-05,8.59865e-05,0.000157558,0.000286152,0.000516142,0.000926694,0.00165778,0.00295002,0.00515682,0.00976892,0.0166451,0.0256516,0.0373792,0.0524907,0.0721046,0.0972311,0.128695,0.166466,0.209392,0.255847,0.303236,0.349326,0.39172,0.428712,0.459249,0.482555,0.498249,0.506094,0.506094,0.49825,0.482556,0.45925,0.428714,0.391721,0.349328,0.303238,0.255849,0.209393,0.166468,0.128696,0.0972318,0.0721051,0.052491,0.0373794,0.0256517,0.0166452,0.00976895,0.00515685,0.00295003,0.00165779,0.000926696,0.000516142,0.000286151,0.000157557,8.59864e-05,4.64698e-05,2.48628e-05,1.31678e-05,6.90915e-06,3.59234e-06,1.84877e-06,9.45821e-07,4.79483e-07,2.40823e-07,1.1982e-07,5.9013e-08,2.80451e-08,1.32243e-08
7.08882e-09,1.49339e-08,3.12392e-08,6.30892e-08,1.26168e-07,2.50032e-07,4.91023e-07,9.55736e-07,1.84997e-06,3.54641e-06,6.74247e-06,1.27157e-05,2.37788e-05,4.41232e-05,8.1306e-05,0.000149016,0.000272009,0.000495287,0.000900915,0.0016375,0.00295003,0.00516982,0.00975465,0.015813,0.0230109,0.0320493,0.0435685,0.0582721,0.0770484,0.100325,0.128073,0.159645,0.193644,0.228373,0.261864,0.292414,0.31849,0.33893,0.352955,0.360047,0.360047,0.352955,0.338931,0.318491,0.292415,0.261865,0.228375,0.193645,0.159647,0.128074,0.100325,0.077049,0.0582725,0.0435688,0.0320495,0.023011,0.0158131,0.00975468,0.00516984,0.00295003,0.0016375,0.000900915,0.000495287,0.000272009,0.000149015,8.13059e-05,4.41231e-05,2.37788e-05,1.27156e-05,6.74246e-06,3.5464e-06,1.84996e-06,9.55732e-07,4.91021e-07,2.50031e-07,1.26168e-07,6.30892e-08,3.12392e-08,1.49339e-08,7.08883e-09
3.72373e-09,7.78526e-09,1.61817e-08,3.24973e-08,6.46647e-08,1.27581e-07,2.49596e-07,4.84271e-07,9.35139e-07,1.79012e-06,3.40267e-06,6.42546e-06,1.20535e-05,2.24845e-05,4.17596e-05,7.72988e-05,0.000142808,0.000263682,0.000487295,0.000900916,0.00165779,0.0029803,0.00521026,0.00942945,0.0137524,0.0191978,0.0255822,0.0335012,0.0437039,0.0564185,0.07194,0.0902546,0.1109,0.132975,0.155285,0.176476,0.195194,0.210273,0.220835,0.226256,0.226257,0.220836,0.210273,0.195195,0.176476,0.155286,0.132976,0.110901,0.0902551,0.0719406,0.0564189,0.0437042,0.0335014,0.0255823,0.0191979,0.0137524,0.00942949,0.00521027,0.0029803,0.00165779,0.000900917,0.000487294,0.000263681,0.000142808,7.72987e-05,4.17596e-05,2.24845e-05,1.20535e-05,6.42544e-06,3.40266e-06,1.79011e-06,9.35137e-07,4.84271e-07,2.49594e-07,1.27581e-07,6.46647e-08,3.24972e-08,1.61816e-08,7.78526e-09,3.72373e-09
1.92845e-09,4.01572e-09,8.29756e-09,1.65825e-08,3.28632e-08,6.46182e-08,1.2608e-07,2.4417e-07,4.7105e-07,9.01791e-07,1.71636e-06,3.24987e-06,6.1229e-06,1.14937e-05,2.15134e-05,4.02033e-05,7.51229e-05,0.000140571,0.000263682,0.00049529,0.000926696,0.00170403,0.00297614,0.00479573,0.00724694,0.0107466,0.0149874,0.0190563,0.0241603,0.0303191,0.037847,0.0468357,0.0572492,0.0688091,0.0809638,0.0929459,0.1039,0.112977,0.119476,0.122856,0.122856,0.119476,0.112977,0.1039,0.0929464,0.0809642,0.0688094,0.0572496,0.046836,0.0378472,0.0303193,0.0241604,0.0190564,0.0149875,0.0107466,0.00724698,0.00479576,0.00297614,0.00170404,0.000926698,0.00049529,0.000263682,0.000140571,7.51226e-05,4.02033e-05,2.15134e-05,1.14937e-05,6.12287e-06,3.24986e-06,1.71635e-06,9.0179e-07,4.71049e-07,2.44169e-07,1.2608e-07,6.46181e-08,3.28632e-08,1.65825e-08,8.29755e-09,4.01572e-09,1.92846e-09
0,2.05651e-09,4.23906e-09,8.43112e-09,1.66558e-08,3.2673e-08,6.36472e-08,1.23161e-07,2.37628e-07,4.55421e-07,8.68731e-07,1.65073e-06,3.12561e-06,5.90362e-06,1.11344e-05,2.1e-05,3.96604e-05,7.51231e-05,0.000142809,0.00027201,0.000516144,0.000960582,0.0016994,0.00275063,0.00406519,0.00568244,0.00778037,0.0100611,0.0126898,0.0156866,0.0191233,0.0230181,0.0274346,0.0323796,0.0376951,0.0430681,0.0481189,0.0524032,0.0555328,0.0571741,0.0571741,0.0555328,0.0524033,0.048119,0.0430682,0.0376953,0.0323797,0.0274348,0.0230183,0.0191234,0.0156867,0.0126898,0.0100612,0.00778041,0.00568247,0.0040652,0.00275063,0.0016994,0.000960583,0.000516144,0.000272011,0.000142808,7.51229e-05,3.96603e-05,2.09999e-05,1.11344e-05,5.90361e-06,3.1256e-06,1.65072e-06,8.68729e-07,4.5542e-07,2.37627e-07,1.23161e-07,6.36471e-08,3.26729e-08,1.66558e-08,8.43111e-09,4.23905e-09,2.05651e-09,0
0,1.04864e-09,2.16397e-09,4.28282e-09,8.43934e-09,1.6528e-08,3.21709e-08,6.22542e-08,1.20217e-07,2.30816e-07,4.4156e-07,8.42379e-07,1.60301e-06,3.04628e-06,5.78802e-06,1.1011e-05,2.1e-05,4.02034e-05,7.72991e-05,0.000149016,0.000286152,0.000537016,0.000951811,0.00154128,0.00224966,0.00299996,0.00384178,0.00490867,0.00616596,0.00762054,0.00921377,0.0108862,0.0126478,0.014512,0.016446,0.018369,0.020171,0.02171,0.0228455,0.02344,0.02344,0.0228456,0.0217101,0.020171,0.018369,0.0164461,0.0145121,0.0126479,0.0108863,0.00921381,0.00762057,0.00616598,0.00490868,0.00384179,0.00299996,0.00224966,0.00154128,0.000951811,0.000537016,0.000286152,0.000149016,7.7299e-05,4.02034e-05,2.1e-05,1.1011e-05,5.78801e-06,3.04627e-06,1.603e-06,8.42378e-07,4.41559e-07,2.30816e-07,1.20217e-07,6.22541e-08,3.21708e-08,1.6528e-08,8.43932e-09,4.28282e-09,2.16396e-09,1.04864e-09,0
0,0,1.08619e-09,2.18217e-09,4.28039e-09,8.37293e-09,1.6293e-08,3.15475e-08,6.10067e-08,1.17398e-07,2.25304e-07,4.31563e-07,8.25327e-07,1.57782e-06,3.01881e-06,5.78803e-06,1.11344e-05,2.15135e-05,4.17597e-05,8.13061e-05,0.000157558,0.000296964,0.000524822,0.000842397,0.00121652,0.00160009,0.00197421,0.00239292,0.00288786,0.00348943,0.00417891,0.00490684,0.00564477,0.00637054,0.00705677,0.00768477,0.00823212,0.00867642,0.00899486,0.00915662,0.00915662,0.00899488,0.00867642,0.00823215,0.00768479,0.00705679,0.00637055,0.00564479,0.00490686,0.00417892,0.00348944,0.00288787,0.00239293,0.00197422,0.00160009,0.00121652,0.000842397,0.000524823,0.000296964,0.000157558,8.1306e-05,4.17596e-05,2.15134e-05,1.11344e-05,5.78802e-06,3.01881e-06,1.57781e-06,8.25325e-07,4.31562e-07,2.25304e-07,1.17398e-07,6.10066e-08,3.15474e-08,1.6293e-08,8.37294e-09,4.28039e-09,2.18217e-09,1.08619e-09,0,0
0,0,0,1.08551e-09,2.18087e-09,4.25258e-09,8.26998e-09,1.60277e-08,3.10475e-08,5.98937e-08,1.15316e-07,2.21773e-07,4.26183e-07,8.19394e-07,1.57782e-06,3.04628e-06,5.90363e-06,1.14937e-05,2.24845e-05,4.41233e-05,8.59869e-05,0.000162203,0.00028518,0.000453156,0.000646459,0.000842647,0.00103092,0.00121358,0.00140362,0.00161849,0.00186724,0.00214458,0.00243805,0.00273107,0.00300217,0.00323679,0.00342642,0.00356757,0.00366088,0.00370521,0.00370521,0.00366088,0.00356757,0.00342642,0.00323679,0.00300218,0.00273108,0.00243806,0.00214458,0.00186724,0.00161849,0.00140362,0.00121358,0.00103092,0.000842648,0.00064646,0.000453155,0.00028518,0.000162203,8.59869e-05,4.41233e-05,2.24845e-05,1.14937e-05,5.90362e-06,3.04628e-06,1.57782e-06,8.19393e-07,4.26183e-07,2.21773e-07,1.15316e-07,5.98937e-08,3.10474e-08,1.60277e-08,8.26998e-09,4.25259e-09,2.18087e-09,1.08552e-09,0,0,0
0,0,0,0,1.07786e-09,2.17692e-09,4.21084e-09,8.16098e-09,1.58371e-08,3.06281e-08,5.91613e-08,1.14226e-07,2.20518e-07,4.26183e-07,8.25325e-07,1.60301e-06,3.1256e-06,6.1229e-06,1.20536e-05,2.37789e-05,4.64701e-05,8.75111e-05,0.000152863,0.000240494,0.000338908,0.000436103,0.000528521,0.000617334,0.000704423,0.000791316,0.000880713,0.000975369,0.00107614,0.00118054,0.00128243,0.00137475,0.00145184,0.00151027,0.00154906,0.0015674,0.0015674,0.00154906,0.00151027,0.00145184,0.00137475,0.00128243,0.00118054,0.00107615,0.000975371,0.000880715,0.000791318,0.000704424,0.000617334,0.000528522,0.000436103,0.000338908,0.000240493,0.000152863,8.7511e-05,4.647e-05,2.37789e-05,1.20535e-05,6.12289e-06,3.1256e-06,1.603e-06,8.25325e-07,4.26182e-07,2.20518e-07,1.14225e-07,5.91613e-08,3.06281e-08,1.5837e-08,8.16098e-09,4.21085e-09,2.17693e-09,1.07786e-09,0,0,0,0
0,0,0,0,0,0,2.12527e-09,4.17356e-09,8.09457e-09,1.56926e-08,3.04059e-08,5.89209e-08,1.14226e-07,2.21773e-07,4.31563e-07,8.42378e-07,1.65073e-06,3.24987e-06,6.42547e-06,1.27157e-05,2.4863e-05,4.66633e-05,8.09381e-05,0.00012614,0.000175804,0.000223303,0.000266748,0.000308001,0.000349093,0.000390275,0.000430694,0.000469719,0.000507432,0.000544049,0.000579286,0.000612037,0.00064068,0.000663611,0.000679633,0.00068753,0.00068753,0.000679633,0.000663612,0.000640681,0.000612039,0.000579287,0.00054405,0.000507434,0.000469721,0.000430695,0.000390275,0.000349093,0.000308001,0.000266748,0.000223303,0.000175804,0.00012614,8.09379e-05,4.66633e-05,2.4863e-05,1.27157e-05,6.42547e-06,3.24986e-06,1.65073e-06,8.42377e-07,4.31562e-07,2.21773e-07,1.14226e-07,5.89209e-08,3.04058e-08,1.56926e-08,8.09459e-09,4.17357e-09,2.12529e-09,0,0,0,0,0,0
0,0,0,0,0,0,0,2.10145e-09,4.15266e-09,8.04933e-09,1.56396e-08,3.04059e-08,5.91614e-08,1.15316e-07,2.25304e-07,4.41561e-07,8.68733e-07,1.71636e-06,3.40268e-06,6.7425e-06,1.31679e-05,2.46065e-05,4.23828e-05,6.54861e-05,9.03928e-05,0.000113573,0.000133876,0.000152205,0.00016999,0.00018814,0.000206725,0.000225206,0.000242901,0.000259299,0.000274118,0.000287174,0.000298234,0.000306993,0.000313129,0.000316182,0.000316182,0.000313129,0.000306993,0.000298235,0.000287175,0.000274119,0.000259299,0.000242902,0.000225206,0.000206726,0.000188141,0.00016999,0.000152205,0.000133877,0.000113574,9.03927e-05,6.54859e-05,4.23828e-05,2.46064e-05,1.31679e-05,6.7425e-06,3.40267e-06,1.71636e-06,8.68732e-07,4.4156e-07,2.25304e-07,1.15316e-07,5.91613e-08,3.04059e-08,1.56396e-08,8.04931e-09,4.15265e-09,2.10147e-09,0,0,0,0,0,0,0
0,0,0,0,0,0,0,0,2.09397e-09,4.14304e-09,8.04933e-09,1.56926e-08,3.06281e-08,5.98938e-08,1.17398e-07,2.30816e-07,4.55422e-07,9.01794e-07,1.79012e-06,3.54643e-06,6.9092e-06,1.28491e-05,2.19881e-05,3.37205e-05,4.61647e-05,5.74727e-05,6.70136e-05,7.51817e-05,8.2651e-05,8.99582e-05,9.74014e-05,0.000105027,0.00011267,0.000120047,0.000126859,0.00013286,0.000137866,0.000141749,0.000144417,0.000145726,0.000145726,0.000144417,0.000141749,0.000137867,0.00013286,0.000126859,0.000120047,0.00011267,0.000105027,9.74014e-05,8.99584e-05,8.26511e-05,7.51817e-05,6.70138e-05,5.74727e-05,4.61647e-05,3.37204e-05,2.19881e-05,1.28491e-05,6.90919e-06,3.54642e-06,1.79012e-06,9.01792e-07,4.55421e-07,2.30816e-07,1.17398e-07,5.98937e-08,3.06281e-08,1.56926e-08,8.04934e-09,4.14304e-09,2.09399e-09,0,0,0,0,0,0,0,0
0,0,0,0,0,0,0,0,0,2.09398e-09,4.15266e-09,8.0946e-09,1.58371e-08,3.10475e-08,6.10067e-08,1.20217e-07,2.37628e-07,4.71052e-07,9.35143e-07,1.84998e-06,3.59237e-06,6.64858e-06,1.13133e-05,1.72456e-05,2.34555e-05,2.89783e-05,3.34777e-05,3.71515e-05,4.03379e-05,4.32851e-05,4.61346e-05,4.89521e-05,5.17461e-05,5.44751e-05,5.70591e-05,5.93981e-05,6.13938e-05,6.29643e-05,6.40512e-05,6.45865e-05,6.45865e-05,6.40514e-05,6.29643e-05,6.13939e-05,5.93981e-05,5.70592e-05,5.44752e-05,5.17462e-05,4.89522e-05,4.61346e-05,4.32851e-05,4.0338e-05,3.71515e-05,3.34777e-05,2.89783e-05,2.34555e-05,1.72457e-05,1.13133e-05,6.64858e-06,3.59236e-06,1.84998e-06,9.35141e-07,4.71051e-07,2.37628e-07,1.20217e-07,6.10068e-08,3.10475e-08,1.58371e-08,8.0946e-09,4.15266e-09,2.094e-09,0,0,0,0,0,0,0,0,0
0,0,0,0,0,0,0,0,0,0,2.10147e-09,4.17357e-09,8.16101e-09,1.60278e-08,3.15476e-08,6.22544e-08,1.23161e-07,2.44171e-07,4.84273e-07,9.5574e-07,1.84878e-06,3.40584e-06,5.76878e-06,8.75488e-06,1.18505e-05,1.45535e-05,1.66841e-05,1.8343e-05,1.97102e-05,2.09193e-05,2.20417e-05,2.31053e-05,2.41152e-05,2.50645e-05,2.59391e-05,2.67193e-05,2.73815e-05,2.79029e-05,2.82646e-05,2.84435e-05,2.84435e-05,2.82646e-05,2.79029e-05,2.73815e-05,2.67193e-05,2.59391e-05,2.50645e-05,2.41152e-05,2.31053e-05,2.20416e-05,2.09193e-05,1.97102e-05,1.8343e-05,1.66842e-05,1.45535e-05,1.18505e-05,8.75488e-06,5.76877e-06,3.40583e-06,1.84878e-06,9.55739e-07,4.84273e-07,2.44171e-07,1.23161e-07,6.22544e-08,3.15475e-08,1.60277e-08,8.16101e-09,4.17358e-09,2.10149e-09,0,0,0,0,0,0,0,0,0,0
0,0,0,0,0,0,0,0,0,0,0,2.1253e-09,4.21085e-09,8.27001e-09,1.6293e-08,3.2171e-08,6.36474e-08,1.2608e-07,2.49597e-07,4.91025e-07,9.45827e-07,1.73497e-06,2.92838e-06,4.43137e-06,5.97913e-06,7.30947e-06,8.32578e-06,9.07854e-06,9.66239e-06,1.01523e-05,1.05905e-05,1.09957e-05,1.13726e-05,1.17191e-05,1.20303e-05,1.23005e-05,1.25243e-05,1.26972e-05,1.28154e-05,1.28736e-05,1.28736e-05,1.28154e-05,1.26972e-05,1.25244e-05,1.23005e-05,1.20303e-05,1.17191e-05,1.13726e-05,1.09957e-05,1.05905e-05,1.01523e-05,9.6624e-06,9.07856e-06,8.32578e-06,7.30947e-06,5.97912e-06,4.43137e-06,2.92838e-06,1.73497e-06,9.45828e-07,4.91026e-07,2.49597e-07,1.2608e-07,6.36474e-08,3.2171e-08,1.6293e-08,8.27e-09,4.21085e-09,2.12532e-09,0,0,0,0,0,0,0,0,0,0,0
0,0,0,0,0,0,0,0,0,0,0,0,2.17698e-09,4.25259e-09,8.37297e-09,1.6528e-08,3.26731e-08,6.46184e-08,1.27582e-07,2.50033e-07,4.79487e-07,8.7624e-07,1.47582e-06,2.23136e-06,3.00789e-06,3.66827e-06,4.15958e-06,4.50672e-06,4.75884e-06,4.95616e-06,5.12324e-06,5.27228e-06,5.4081e-06,5.53171e-06,5.64212e-06,5.73761e-06,5.81638e-06,5.87688e-06,5.91809e-06,5.93837e-06,5.93837e-06,5.9181e-06,5.87688e-06,5.81638e-06,5.73762e-06,5.64212e-06,5.53171e-06,5.40811e-06,5.27228e-06,5.12325e-06,4.95617e-06,4.75885e-06,4.50672e-06,4.15958e-06,3.66827e-06,3.00789e-06,2.23136e-06,1.47582e-06,8.76239e-07,4.79486e-07,2.50033e-07,1.27582e-07,6.46183e-08,3.26731e-08,1.65281e-08,8.37296e-09,4.2526e-09,2.17699e-09,0,0,0,0,0,0,0,0,0,0,0,0
0,0,0,0,0,0,0,0,0,0,0,0,1.07788e-09,2.18088e-09,4.2804e-09,8.43934e-09,1.66558e-08,3.28633e-08,6.46649e-08,1.26169e-07,2.40824e-07,4.38619e-07,7.38079e-07,1.11712e-06,1.50771e-06,1.83815e-06,2.07889e-06,2.2418e-06,2.35259e-06,2.4327e-06,2.49558e-06,2.54846e-06,2.59486e-06,2.6361e-06,2.67246e-06,2.70369e-06,2.72939e-06,2.7491e-06,2.76253e-06,2.76917e-06,2.76917e-06,2.76254e-06,2.7491e-06,2.72939e-06,2.70369e-06,2.67246e-06,2.6361e-06,2.59486e-06,2.54846e-06,2.49558e-06,2.43271e-06,2.35259e-06,2.2418e-06,2.0789e-06,1.83815e-06,1.50771e-06,1.11712e-06,7.38081e-07,4.38619e-07,2.40824e-07,1.26169e-07,6.4665e-08,3.28633e-08,1.66559e-08,8.43937e-09,4.28041e-09,2.18088e-09,1.07789e-09,0,0,0,0,0,0,0,0,0,0,0,0
0,0,0,0,0,0,0,0,0,0,0,0,0,1.08554e-09,2.18219e-09,4.28283e-09,8.43115e-09,1.65826e-08,3.24974e-08,6.30896e-08,1.1982e-07,2.17565e-07,3.66215e-07,5.56004e-07,7.53171e-07,9.20201e-07,1.04025e-06,1.11855e-06,1.16843e-06,1.20143e-06,1.22496e-06,1.24314e-06,1.25809e-06,1.2708e-06,1.28166e-06,1.29083e-06,1.29828e-06,1.30396e-06,1.30782e-06,1.30972e-06,1.30972e-06,1.30782e-06,1.30397e-06,1.29828e-06,1.29083e-06,1.28166e-06,1.2708e-06,1.25809e-06,1.24314e-06,1.22496e-06,1.20143e-06,1.16843e-06,1.11855e-06,1.04025e-06,9.202e-07,7.53171e-07,5.56004e-07,3.66215e-07,2.17565e-07,1.1982e-07,6.30893e-08,3.24973e-08,1.65826e-08,8.43114e-09,4.28283e-09,2.18219e-09,1.08554e-09,0,0,0,0,0,0,0,0,0,0,0,0,0
0,0,0,0,0,0,0,0,0,0,0,0,0,0,1.08621e-09,2.16397e-09,4.23906e-09,8.29757e-09,1.61816e-08,3.12392e-08,5.9013e-08,1.0684e-07,1.80089e-07,2.74854e-07,3.74763e-07,4.60192e-07,5.21405e-07,5.60367e-07,5.83859e-07,5.98061e-07,6.07058e-07,6.13198e-07,6.17725e-07,6.21271e-07,6.24138e-07,6.2647e-07,6.28319e-07,6.29709e-07,6.30642e-07,6.31109e-07,6.31109e-07,6.30644e-07,6.29709e-07,6.28319e-07,6.26469e-07,6.24138e-07,6.21271e-07,6.17726e-07,6.13198e-07,6.07059e-07,5.98061e-07,5.8386e-07,5.60366e-07,5.21404e-07,4.60192e-07,3.74764e-07,2.74853e-07,1.80089e-07,1.0684e-07,5.9013e-08,3.12392e-08,1.61817e-08,8.29757e-09,4.23906e-09,2.16397e-09,1.08621e-09,0,0,0,0,0,0,0,0,0,0,0,0,0,0
0,0,0,0,0,0,0,0,0,0,0,0,0,0,0,1.04865e-09,2.05651e-09,4.01572e-09,7.78527e-09,1.49338e-08,2.80451e-08,5.06182e-08,8.55039e-08,1.31466e-07,1.81005e-07,2.2419e-07,2.55437e-07,2.75203e-07,2.86762e-07,2.93309e-07,2.97035e-07,2.99232e-07,3.00605e-07,3.01524e-07,3.02178e-07,3.02663e-07,3.03024e-07,3.03286e-07,3.03458e-07,3.03545e-07,3.03545e-07,3.03458e-07,3.03286e-07,3.03024e-07,3.02663e-07,3.02178e-07,3.01524e-07,3.00605e-07,2.99233e-07,2.97035e-07,2.93309e-07,2.86762e-07,2.75203e-07,2.55437e-07,2.2419e-07,1.81005e-07,1.31466e-07,8.5504e-08,5.06181e-08,2.80451e-08,1.49338e-08,7.78527e-09,4.01573e-09,2.05651e-09,1.04865e-09,0,0,0,0,0,0,0,0,0,0,0,0,0,0,0
0,0,0,0,0,0,0,0,0,0,0,0,0,0,0,0,0,1.92847e-09,3.72373e-09,7.08883e-09,1.32243e-08,2.37839e-08,4.02786e-08,6.25139e-08,8.72184e-08,1.09424e-07,1.25906e-07,1.3651e-07,1.42744e-07,1.46242e-07,1.48181e-07,1.49272e-07,1.49908e-07,1.50301e-07,1.50558e-07,1.50737e-07,1.50864e-07,1.50953e-07,1.51011e-07,1.5104e-07,1.5104e-07,1.51011e-07,1.50953e-07,1.50864e-07,1.50737e-07,1.50558e-07,1.50301e-07,1.49908e-07,1.49272e-07,1.48182e-07,1.46242e-07,1.42744e-07,1.3651e-07,1.25906e-07,1.09424e-07,8.72183e-08,6.2514e-08,4.02786e-08,2.3784e-08,1.32243e-08,7.08883e-09,3.72373e-09,1.92847e-09,0,0,0,0,0,0,0,0,0,0,0,0,0,0,0,0,0
