i,j,fl,pressure,ux,uy,vmag
0,0,1.00000000e+00,-1.98682155e-08,0.00000000e+00,0.00000000e+00,0.00000000e+00
1,0,1.00000000e+00,-1.98682155e-08,0.00000000e+00,0.00000000e+00,0.00000000e+00
2,0,1.00000000e+00,-1.98682155e-08,0.00000000e+00,0.00000000e+00,0.00000000e+00
3,0,1.00000000e+00,-1.98682155e-08,0.00000000e+00,0.00000000e+00,0.00000000e+00
4,0,1.00000000e+00,-1.98682155e-08,0.00000000e+00,0.00000000e+00,0.00000000e+00
5,0,1.00000000e+00,-1.98682155e-08,0.00000000e+00,0.00000000e+00,0.00000000e+00
6,0,1.00000000e+00,-1.98682155e-08,0.00000000e+00,0.00000000e+00,0.00000000e+00
7,0,1.00000000e+00,-1.98682155e-08,0.00000000e+00,0.00000000e+00,0.00000000e+00
8,0,1.00000000e+00,-1.98682155e-08,0.00000000e+00,0.00000000e+00,0.00000000e+00
9,0,1.00000000e+00,-1.98682155e-08,0.00000000e+00,0.00000000e+00,0.00000000e+00
10,0,1.00000000e+00,-1.98682155e-08,0.00000000e+00,0.00000000e+00,0.00000000e+00
11,0,1.00000000e+00,-1.98682155e-08,0.00000000e+00,0.00000000e+00,0.00000000e+00
12,0,1.00000000e+00,-1.98682155e-08,0.00000000e+00,0.00000000e+00,0.00000000e+00
13,0,1.00000000e+00,-1.98682155e-08,0.00000000e+00,0.00000000e+00,0.00000000e+00
14,0,1.00000000e+00,-1.98682155e-08,0.00000000e+00,0.00000000e+00,0.00000000e+00
15,0,1.00000000e+00,-1.98682155e-08,0.00000000e+00,0.00000000e+00,0.00000000e+00
16,0,9.99999978e-03,-1.98682155e-08,0.00000000e+00,0.00000000e+00,0.00000000e+00
17,0,9.99999978e-03,-1.98682155e-08,0.00000000e+00,0.00000000e+00,0.00000000e+00
18,0,9.99999978e-03,-1.98682155e-08,0.00000000e+00,0.00000000e+00,0.00000000e+00
19,0,9.99999978e-03,-1.98682155e-08,0.00000000e+00,0.00000000e+00,0.00000000e+00
20,0,9.99999978e-03,-1.98682155e-08,0.00000000e+00,0.00000000e+00,0.00000000e+00
21,0,9.99999978e-03,-1.98682155e-08,0.00000000e+00,0.00000000e+00,0.00000000e+00
22,0,9.99999978e-03,-1.98682155e-08,0.00000000e+00,0.00000000e+00,0.00000000e+00
23,0,9.99999978e-03,-1.98682155e-08,0.00000000e+00,0.00000000e+00,0.00000000e+00
24,0,9.99999978e-03,-1.98682155e-08,0.00000000e+00,0.00000000e+00,0.00000000e+00
25,0,9.99999978e-03,-1.98682155e-08,0.00000000e+00,0.00000000e+00,0.00000000e+00
26,0,9.99999978e-03,-1.98682155e-08,0.00000000e+00,0.00000000e+00,0.00000000e+00
27,0,9.99999978e-03,-1.98682155e-08,0.00000000e+00,0.00000000e+00,0.00000000e+00
28,0,9.99999978e-03,-1.98682155e-08,0.00000000e+00,0.00000000e+00,0.00000000e+00
29,0,9.99999978e-03,-1.98682155e-08,0.00000000e+00,0.00000000e+00,0.00000000e+00
30,0,9.99999978e-03,-1.98682155e-08,0.00000000e+00,0.00000000e+00,0.00000000e+00
31,0,9.99999978e-03,-1.98682155e-08,0.00000000e+00,0.00000000e+00,0.00000000e+00
0,1,1.00000000e+00,-3.97364310e-08,5.00000566e-02,2.42143905e-08,5.00000566e-02
1,1,1.00000000e+00,-3.97364310e-08,5.00000566e-02,2.42143905e-08,5.00000566e-02
2,1,1.00000000e+00,-3.97364310e-08,5.00000566e-02,2.42143905e-08,5.00000566e-02
3,1,1.00000000e+00,-3.97364310e-08,5.00000566e-02,2.42143905e-08,5.00000566e-02
4,1,1.00000000e+00,-3.97364310e-08,5.00000566e-02,2.42143905e-08,5.00000566e-02
5,1,1.00000000e+00,-3.97364310e-08,5.00000566e-02,2.42143905e-08,5.00000566e-02
6,1,1.00000000e+00,-3.97364310e-08,5.00000566e-02,2.42143905e-08,5.00000566e-02
7,1,1.00000000e+00,-3.97364310e-08,5.00000566e-02,2.42143905e-08,5.00000566e-02
8,1,1.00000000e+00,-3.97364310e-08,5.00000566e-02,2.42143905e-08,5.00000566e-02
9,1,1.00000000e+00,-3.97364310e-08,5.00000566e-02,2.42143905e-08,5.00000566e-02
10,1,1.00000000e+00,-3.97364310e-08,5.00000566e-02,2.42143905e-08,5.00000566e-02
11,1,1.00000000e+00,-3.97364310e-08,5.00000566e-02,2.42143905e-08,5.00000566e-02
12,1,1.00000000e+00,-3.97364310e-08,5.00000566e-02,2.42143905e-08,5.00000566e-02
13,1,1.00000000e+00,-3.97364310e-08,5.00000566e-02,2.42143905e-08,5.00000566e-02
14,1,1.00000000e+00,-3.97364310e-08,5.00000566e-02,2.42143905e-08,5.00000566e-02
15,1,1.00000000e+00,-3.97364310e-08,5.00000566e-02,2.42143905e-08,5.00000566e-02
16,1,9.99999978e-03,-3.97364310e-08,1.02132539e-14,4.94614909e-21,1.02132539e-14
17,1,9.99999978e-03,-3.97364310e-08,1.02132539e-14,4.94614909e-21,1.02132539e-14
18,1,9.99999978e-03,-3.97364310e-08,1.02132539e-14,4.94614909e-21,1.02132539e-14
19,1,9.99999978e-03,-3.97364310e-08,1.02132539e-14,4.94614909e-21,1.02132539e-14
20,1,9.99999978e-03,-3.97364310e-08,1.02132539e-14,4.94614909e-21,1.02132539e-14
21,1,9.99999978e-03,-3.97364310e-08,1.02132539e-14,4.94614909e-21,1.02132539e-14
22,1,9.99999978e-03,-3.97364310e-08,1.02132539e-14,4.94614909e-21,1.02132539e-14
23,1,9.99999978e-03,-3.97364310e-08,1.02132539e-14,4.94614909e-21,1.02132539e-14
24,1,9.99999978e-03,-3.97364310e-08,1.02132539e-14,4.94614909e-21,1.02132539e-14
25,1,9.99999978e-03,-3.97364310e-08,1.02132539e-14,4.94614909e-21,1.02132539e-14
26,1,9.99999978e-03,-3.97364310e-08,1.02132539e-14,4.94614909e-21,1.02132539e-14
27,1,9.99999978e-03,-3.97364310e-08,1.02132539e-14,4.94614909e-21,1.02132539e-14
28,1,9.99999978e-03,-3.97364310e-08,1.02132539e-14,4.94614909e-21,1.02132539e-14
29,1,9.99999978e-03,-3.97364310e-08,1.02132539e-14,4.94614909e-21,1.02132539e-14
30,1,9.99999978e-03,-3.97364310e-08,1.02132539e-14,4.94614909e-21,1.02132539e-14
31,1,9.99999978e-03,-3.97364310e-08,1.02132539e-14,4.94614909e-21,1.02132539e-14
0,2,1.00000000e+00,-3.97364310e-08,5.00000566e-02,9.31322663e-09,5.00000566e-02
1,2,1.00000000e+00,-3.97364310e-08,5.00000566e-02,9.31322663e-09,5.00000566e-02
2,2,1.00000000e+00,-3.97364310e-08,5.00000566e-02,9.31322663e-09,5.00000566e-02
3,2,1.00000000e+00,-3.97364310e-08,5.00000566e-02,9.31322663e-09,5.00000566e-02
4,2,1.00000000e+00,-3.97364310e-08,5.00000566e-02,9.31322663e-09,5.00000566e-02
5,2,1.00000000e+00,-3.97364310e-08,5.00000566e-02,9.31322663e-09,5.00000566e-02
6,2,1.00000000e+00,-3.97364310e-08,5.00000566e-02,9.31322663e-09,5.00000566e-02
7,2,1.00000000e+00,-3.97364310e-08,5.00000566e-02,9.31322663e-09,5.00000566e-02
8,2,1.00000000e+00,-3.97364310e-08,5.00000566e-02,9.31322663e-09,5.00000566e-02
9,2,1.00000000e+00,-3.97364310e-08,5.00000566e-02,9.31322663e-09,5.00000566e-02
10,2,1.00000000e+00,-3.97364310e-08,5.00000566e-02,9.31322663e-09,5.00000566e-02
11,2,1.00000000e+00,-3.97364310e-08,5.00000566e-02,9.31322663e-09,5.00000566e-02
12,2,1.00000000e+00,-3.97364310e-08,5.00000566e-02,9.31322663e-09,5.00000566e-02
13,2,1.00000000e+00,-3.97364310e-08,5.00000566e-02,9.31322663e-09,5.00000566e-02
14,2,1.00000000e+00,-3.97364310e-08,5.00000566e-02,9.31322663e-09,5.00000566e-02
15,2,1.00000000e+00,-3.97364310e-08,5.00000566e-02,9.31322663e-09,5.00000566e-02
16,2,9.99999978e-03,-3.97364310e-08,1.02132539e-14,1.90236496e-21,1.02132539e-14
17,2,9.99999978e-03,-3.97364310e-08,1.02132539e-14,1.90236496e-21,1.02132539e-14
18,2,9.99999978e-03,-3.97364310e-08,1.02132539e-14,1.90236496e-21,1.02132539e-14
19,2,9.99999978e-03,-3.97364310e-08,1.02132539e-14,1.90236496e-21,1.02132539e-14
20,2,9.99999978e-03,-3.97364310e-08,1.02132539e-14,1.90236496e-21,1.02132539e-14
21,2,9.99999978e-03,-3.97364310e-08,1.02132539e-14,1.90236496e-21,1.02132539e-14
22,2,9.99999978e-03,-3.97364310e-08,1.02132539e-14,1.90236496e-21,1.02132539e-14
23,2,9.99999978e-03,-3.97364310e-08,1.02132539e-14,1.90236496e-21,1.02132539e-14
24,2,9.99999978e-03,-3.97364310e-08,1.02132539e-14,1.90236496e-21,1.02132539e-14
25,2,9.99999978e-03,-3.97364310e-08,1.02132539e-14,1.90236496e-21,1.02132539e-14
26,2,9.99999978e-03,-3.97364310e-08,1.02132539e-14,1.90236496e-21,1.02132539e-14
27,2,9.99999978e-03,-3.97364310e-08,1.02132539e-14,1.90236496e-21,1.02132539e-14
28,2,9.99999978e-03,-3.97364310e-08,1.02132539e-14,1.90236496e-21,1.02132539e-14
29,2,9.99999978e-03,-3.97364310e-08,1.02132539e-14,1.90236496e-21,1.02132539e-14
30,2,9.99999978e-03,-3.97364310e-08,1.02132539e-14,1.90236496e-21,1.02132539e-14
31,2,9.99999978e-03,-3.97364310e-08,1.02132539e-14,1.90236496e-21,1.02132539e-14
0,3,1.00000000e+00,-3.97364310e-08,5.00000566e-02,1.86264537e-09,5.00000566e-02
1,3,1.00000000e+00,-3.97364310e-08,5.00000566e-02,1.86264537e-09,5.00000566e-02
2,3,1.00000000e+00,-3.97364310e-08,5.00000566e-02,1.86264537e-09,5.00000566e-02
3,3,1.00000000e+00,-3.97364310e-08,5.00000566e-02,1.86264537e-09,5.00000566e-02
4,3,1.00000000e+00,-3.97364310e-08,5.00000566e-02,1.86264537e-09,5.00000566e-02
5,3,1.00000000e+00,-3.97364310e-08,5.00000566e-02,1.86264537e-09,5.00000566e-02
6,3,1.00000000e+00,-3.97364310e-08,5.00000566e-02,1.86264537e-09,5.00000566e-02
7,3,1.00000000e+00,-3.97364310e-08,5.00000566e-02,1.86264537e-09,5.00000566e-02
8,3,1.00000000e+00,-3.97364310e-08,5.00000566e-02,1.86264537e-09,5.00000566e-02
9,3,1.00000000e+00,-3.97364310e-08,5.00000566e-02,1.86264537e-09,5.00000566e-02
10,3,1.00000000e+00,-3.97364310e-08,5.00000566e-02,1.86264537e-09,5.00000566e-02
11,3,1.00000000e+00,-3.97364310e-08,5.00000566e-02,1.86264537e-09,5.00000566e-02
12,3,1.00000000e+00,-3.97364310e-08,5.00000566e-02,1.86264537e-09,5.00000566e-02
13,3,1.00000000e+00,-3.97364310e-08,5.00000566e-02,1.86264537e-09,5.00000566e-02
14,3,1.00000000e+00,-3.97364310e-08,5.00000566e-02,1.86264537e-09,5.00000566e-02
15,3,1.00000000e+00,-3.97364310e-08,5.00000566e-02,1.86264537e-09,5.00000566e-02
16,3,9.99999978e-03,-3.97364310e-08,1.02132539e-14,3.80472991e-22,1.02132539e-14
17,3,9.99999978e-03,-3.97364310e-08,1.02132539e-14,3.80472991e-22,1.02132539e-14
18,3,9.99999978e-03,-3.97364310e-08,1.02132539e-14,3.80472991e-22,1.02132539e-14
19,3,9.99999978e-03,-3.97364310e-08,1.02132539e-14,3.80472991e-22,1.02132539e-14
20,3,9.99999978e-03,-3.97364310e-08,1.02132539e-14,3.80472991e-22,1.02132539e-14
21,3,9.99999978e-03,-3.97364310e-08,1.02132539e-14,3.80472991e-22,1.02132539e-14
22,3,9.99999978e-03,-3.97364310e-08,1.02132539e-14,3.80472991e-22,1.02132539e-14
23,3,9.99999978e-03,-3.97364310e-08,1.02132539e-14,3.80472991e-22,1.02132539e-14
24,3,9.99999978e-03,-3.97364310e-08,1.02132539e-14,3.80472991e-22,1.02132539e-14
25,3,9.99999978e-03,-3.97364310e-08,1.02132539e-14,3.80472991e-22,1.02132539e-14
26,3,9.99999978e-03,-3.97364310e-08,1.02132539e-14,3.80472991e-22,1.02132539e-14
27,3,9.99999978e-03,-3.97364310e-08,1.02132539e-14,3.80472991e-22,1.02132539e-14
28,3,9.99999978e-03,-3.97364310e-08,1.02132539e-14,3.80472991e-22,1.02132539e-14
29,3,9.99999978e-03,-3.97364310e-08,1.02132539e-14,3.80472991e-22,1.02132539e-14
30,3,9.99999978e-03,-3.97364310e-08,1.02132539e-14,3.80472991e-22,1.02132539e-14
31,3,9.99999978e-03,-3.97364310e-08,1.02132539e-14,3.80472991e-22,1.02132539e-14
0,4,1.00000000e+00,-3.97364310e-08,5.00000566e-02,1.86264537e-09,5.00000566e-02
1,4,1.00000000e+00,-3.97364310e-08,5.00000566e-02,1.86264537e-09,5.00000566e-02
2,4,1.00000000e+00,-3.97364310e-08,5.00000566e-02,1.86264537e-09,5.00000566e-02
3,4,1.00000000e+00,-3.97364310e-08,5.00000566e-02,1.86264537e-09,5.00000566e-02
4,4,1.00000000e+00,-3.97364310e-08,5.00000566e-02,1.86264537e-09,5.00000566e-02
5,4,1.00000000e+00,-3.97364310e-08,5.00000566e-02,1.86264537e-09,5.00000566e-02
6,4,1.00000000e+00,-3.97364310e-08,5.00000566e-02,1.86264537e-09,5.00000566e-02
7,4,1.00000000e+00,-3.97364310e-08,5.00000566e-02,1.86264537e-09,5.00000566e-02
8,4,1.00000000e+00,-3.97364310e-08,5.00000566e-02,1.86264537e-09,5.00000566e-02
9,4,1.00000000e+00,-3.97364310e-08,5.00000566e-02,1.86264537e-09,5.00000566e-02
10,4,1.00000000e+00,-3.97364310e-08,5.00000566e-02,1.86264537e-09,5.00000566e-02
11,4,1.00000000e+00,-3.97364310e-08,5.00000566e-02,1.86264537e-09,5.00000566e-02
12,4,1.00000000e+00,-3.97364310e-08,5.00000566e-02,1.86264537e-09,5.00000566e-02
13,4,1.00000000e+00,-3.97364310e-08,5.00000566e-02,1.86264537e-09,5.00000566e-02
14,4,1.00000000e+00,-3.97364310e-08,5.00000566e-02,1.86264537e-09,5.00000566e-02
15,4,1.00000000e+00,-3.97364310e-08,5.00000566e-02,1.86264537e-09,5.00000566e-02
16,4,9.99999978e-03,-3.97364310e-08,1.02132539e-14,3.80472991e-22,1.02132539e-14
17,4,9.99999978e-03,-3.97364310e-08,1.02132539e-14,3.80472991e-22,1.02132539e-14
18,4,9.99999978e-03,-3.97364310e-08,1.02132539e-14,3.80472991e-22,1.02132539e-14
19,4,9.99999978e-03,-3.97364310e-08,1.02132539e-14,3.80472991e-22,1.02132539e-14
20,4,9.99999978e-03,-3.97364310e-08,1.02132539e-14,3.80472991e-22,1.02132539e-14
21,4,9.99999978e-03,-3.97364310e-08,1.02132539e-14,3.80472991e-22,1.02132539e-14
22,4,9.99999978e-03,-3.97364310e-08,1.02132539e-14,3.80472991e-22,1.02132539e-14
23,4,9.99999978e-03,-3.97364310e-08,1.02132539e-14,3.80472991e-22,1.02132539e-14
24,4,9.99999978e-03,-3.97364310e-08,1.02132539e-14,3.80472991e-22,1.02132539e-14
25,4,9.99999978e-03,-3.97364310e-08,1.02132539e-14,3.80472991e-22,1.02132539e-14
26,4,9.99999978e-03,-3.97364310e-08,1.02132539e-14,3.80472991e-22,1.02132539e-14
27,4,9.99999978e-03,-3.97364310e-08,1.02132539e-14,3.80472991e-22,1.02132539e-14
28,4,9.99999978e-03,-3.97364310e-08,1.02132539e-14,3.80472991e-22,1.02132539e-14
29,4,9.99999978e-03,-3.97364310e-08,1.02132539e-14,3.80472991e-22,1.02132539e-14
30,4,9.99999978e-03,-3.97364310e-08,1.02132539e-14,3.80472991e-22,1.02132539e-14
31,4,9.99999978e-03,-3.97364310e-08,1.02132539e-14,3.80472991e-22,1.02132539e-14
0,5,1.00000000e+00,-3.97364310e-08,5.00000566e-02,1.86264537e-09,5.00000566e-02
1,5,1.00000000e+00,-3.97364310e-08,5.00000566e-02,1.86264537e-09,5.00000566e-02
2,5,1.00000000e+00,-3.97364310e-08,5.00000566e-02,1.86264537e-09,5.00000566e-02
3,5,1.00000000e+00,-3.97364310e-08,5.00000566e-02,1.86264537e-09,5.00000566e-02
4,5,1.00000000e+00,-3.97364310e-08,5.00000566e-02,1.86264537e-09,5.00000566e-02
5,5,1.00000000e+00,-3.97364310e-08,5.00000566e-02,1.86264537e-09,5.00000566e-02
6,5,1.00000000e+00,-3.97364310e-08,5.00000566e-02,1.86264537e-09,5.00000566e-02
7,5,1.00000000e+00,-3.97364310e-08,5.00000566e-02,1.86264537e-09,5.00000566e-02
8,5,1.00000000e+00,-3.97364310e-08,5.00000566e-02,1.86264537e-09,5.00000566e-02
9,5,1.00000000e+00,-3.97364310e-08,5.00000566e-02,1.86264537e-09,5.00000566e-02
10,5,1.00000000e+00,-3.97364310e-08,5.00000566e-02,1.86264537e-09,5.00000566e-02
11,5,1.00000000e+00,-3.97364310e-08,5.00000566e-02,1.86264537e-09,5.00000566e-02
12,5,1.00000000e+00,-3.97364310e-08,5.00000566e-02,1.86264537e-09,5.00000566e-02
13,5,1.00000000e+00,-3.97364310e-08,5.00000566e-02,1.86264537e-09,5.00000566e-02
14,5,1.00000000e+00,-3.97364310e-08,5.00000566e-02,1.86264537e-09,5.00000566e-02
15,5,1.00000000e+00,-3.97364310e-08,5.00000566e-02,1.86264537e-09,5.00000566e-02
16,5,9.99999978e-03,-3.97364310e-08,1.02132539e-14,3.80472991e-22,1.02132539e-14
17,5,9.99999978e-03,-3.97364310e-08,1.02132539e-14,3.80472991e-22,1.02132539e-14
18,5,9.99999978e-03,-3.97364310e-08,1.02132539e-14,3.80472991e-22,1.02132539e-14
19,5,9.99999978e-03,-3.97364310e-08,1.02132539e-14,3.80472991e-22,1.02132539e-14
20,5,9.99999978e-03,-3.97364310e-08,1.02132539e-14,3.80472991e-22,1.02132539e-14
21,5,9.99999978e-03,-3.97364310e-08,1.02132539e-14,3.80472991e-22,1.02132539e-14
22,5,9.99999978e-03,-3.97364310e-08,1.02132539e-14,3.80472991e-22,1.02132539e-14
23,5,9.99999978e-03,-3.97364310e-08,1.02132539e-14,3.80472991e-22,1.02132539e-14
24,5,9.99999978e-03,-3.97364310e-08,1.02132539e-14,3.80472991e-22,1.02132539e-14
25,5,9.99999978e-03,-3.97364310e-08,1.02132539e-14,3.80472991e-22,1.02132539e-14
26,5,9.99999978e-03,-3.97364310e-08,1.02132539e-14,3.80472991e-22,1.02132539e-14
27,5,9.99999978e-03,-3.97364310e-08,1.02132539e-14,3.80472991e-22,1.02132539e-14
28,5,9.99999978e-03,-3.97364310e-08,1.02132539e-14,3.80472991e-22,1.02132539e-14
29,5,9.99999978e-03,-3.97364310e-08,1.02132539e-14,3.80472991e-22,1.02132539e-14
30,5,9.99999978e-03,-3.97364310e-08,1.02132539e-14,3.80472991e-22,1.02132539e-14
31,5,9.99999978e-03,-3.97364310e-08,1.02132539e-14,3.80472991e-22,1.02132539e-14
0,6,1.00000000e+00,-3.97364310e-08,5.00000566e-02,1.86264537e-09,5.00000566e-02
1,6,1.00000000e+00,-3.97364310e-08,5.00000566e-02,1.86264537e-09,5.00000566e-02
2,6,1.00000000e+00,-3.97364310e-08,5.00000566e-02,1.86264537e-09,5.00000566e-02
3,6,1.00000000e+00,-3.97364310e-08,5.00000566e-02,1.86264537e-09,5.00000566e-02
4,6,1.00000000e+00,-3.97364310e-08,5.00000566e-02,1.86264537e-09,5.00000566e-02
5,6,1.00000000e+00,-3.97364310e-08,5.00000566e-02,1.86264537e-09,5.00000566e-02
6,6,1.00000000e+00,-3.97364310e-08,5.00000566e-02,1.86264537e-09,5.00000566e-02
7,6,1.00000000e+00,-3.97364310e-08,5.00000566e-02,1.86264537e-09,5.00000566e-02
8,6,1.00000000e+00,-3.97364310e-08,5.00000566e-02,1.86264537e-09,5.00000566e-02
9,6,1.00000000e+00,-3.97364310e-08,5.00000566e-02,1.86264537e-09,5.00000566e-02
10,6,1.00000000e+00,-3.97364310e-08,5.00000566e-02,1.86264537e-09,5.00000566e-02
11,6,1.00000000e+00,-3.97364310e-08,5.00000566e-02,1.86264537e-09,5.00000566e-02
12,6,1.00000000e+00,-3.97364310e-08,5.00000566e-02,1.86264537e-09,5.00000566e-02
13,6,1.00000000e+00,-3.97364310e-08,5.00000566e-02,1.86264537e-09,5.00000566e-02
14,6,1.00000000e+00,-3.97364310e-08,5.00000566e-02,1.86264537e-09,5.00000566e-02
15,6,1.00000000e+00,-3.97364310e-08,5.00000566e-02,1.86264537e-09,5.00000566e-02
16,6,9.99999978e-03,-3.97364310e-08,1.02132539e-14,3.80472991e-22,1.02132539e-14
17,6,9.99999978e-03,-3.97364310e-08,1.02132539e-14,3.80472991e-22,1.02132539e-14
18,6,9.99999978e-03,-3.97364310e-08,1.02132539e-14,3.80472991e-22,1.02132539e-14
19,6,9.99999978e-03,-3.97364310e-08,1.02132539e-14,3.80472991e-22,1.02132539e-14
20,6,9.99999978e-03,-3.97364310e-08,1.02132539e-14,3.80472991e-22,1.02132539e-14
21,6,9.99999978e-03,-3.97364310e-08,1.02132539e-14,3.80472991e-22,1.02132539e-14
22,6,9.99999978e-03,-3.97364310e-08,1.02132539e-14,3.80472991e-22,1.02132539e-14
23,6,9.99999978e-03,-3.97364310e-08,1.02132539e-14,3.80472991e-22,1.02132539e-14
24,6,9.99999978e-03,-3.97364310e-08,1.02132539e-14,3.80472991e-22,1.02132539e-14
25,6,9.99999978e-03,-3.97364310e-08,1.02132539e-14,3.80472991e-22,1.02132539e-14
26,6,9.99999978e-03,-3.97364310e-08,1.02132539e-14,3.80472991e-22,1.02132539e-14
27,6,9.99999978e-03,-3.97364310e-08,1.02132539e-14,3.80472991e-22,1.02132539e-14
28,6,9.99999978e-03,-3.97364310e-08,1.02132539e-14,3.80472991e-22,1.02132539e-14
29,6,9.99999978e-03,-3.97364310e-08,1.02132539e-14,3.80472991e-22,1.02132539e-14
30,6,9.99999978e-03,-3.97364310e-08,1.02132539e-14,3.80472991e-22,1.02132539e-14
31,6,9.99999978e-03,-3.97364310e-08,1.02132539e-14,3.80472991e-22,1.02132539e-14
0,7,1.00000000e+00,-3.97364310e-08,5.00000566e-02,1.86264537e-09,5.00000566e-02
1,7,1.00000000e+00,-3.97364310e-08,5.00000566e-02,1.86264537e-09,5.00000566e-02
2,7,1.00000000e+00,-3.97364310e-08,5.00000566e-02,1.86264537e-09,5.00000566e-02
3,7,1.00000000e+00,-3.97364310e-08,5.00000566e-02,1.86264537e-09,5.00000566e-02
4,7,1.00000000e+00,-3.97364310e-08,5.00000566e-02,1.86264537e-09,5.00000566e-02
5,7,1.00000000e+00,-3.97364310e-08,5.00000566e-02,1.86264537e-09,5.00000566e-02
6,7,1.00000000e+00,-3.97364310e-08,5.00000566e-02,1.86264537e-09,5.00000566e-02
7,7,1.00000000e+00,-3.97364310e-08,5.00000566e-02,1.86264537e-09,5.00000566e-02
8,7,1.00000000e+00,-3.97364310e-08,5.00000566e-02,1.86264537e-09,5.00000566e-02
9,7,1.00000000e+00,-3.97364310e-08,5.00000566e-02,1.86264537e-09,5.00000566e-02
10,7,1.00000000e+00,-3.97364310e-08,5.00000566e-02,1.86264537e-09,5.00000566e-02
11,7,1.00000000e+00,-3.97364310e-08,5.00000566e-02,1.86264537e-09,5.00000566e-02
12,7,1.00000000e+00,-3.97364310e-08,5.00000566e-02,1.86264537e-09,5.00000566e-02
13,7,1.00000000e+00,-3.97364310e-08,5.00000566e-02,1.86264537e-09,5.00000566e-02
14,7,1.00000000e+00,-3.97364310e-08,5.00000566e-02,1.86264537e-09,5.00000566e-02
15,7,1.00000000e+00,-3.97364310e-08,5.00000566e-02,1.86264537e-09,5.00000566e-02
16,7,9.99999978e-03,-3.97364310e-08,1.02132539e-14,3.80472991e-22,1.02132539e-14
17,7,9.99999978e-03,-3.97364310e-08,1.02132539e-14,3.80472991e-22,1.02132539e-14
18,7,9.99999978e-03,-3.97364310e-08,1.02132539e-14,3.80472991e-22,1.02132539e-14
19,7,9.99999978e-03,-3.97364310e-08,1.02132539e-14,3.80472991e-22,1.02132539e-14
20,7,9.99999978e-03,-3.97364310e-08,1.02132539e-14,3.80472991e-22,1.02132539e-14
21,7,9.99999978e-03,-3.97364310e-08,1.02132539e-14,3.80472991e-22,1.02132539e-14
22,7,9.99999978e-03,-3.97364310e-08,1.02132539e-14,3.80472991e-22,1.02132539e-14
23,7,9.99999978e-03,-3.97364310e-08,1.02132539e-14,3.80472991e-22,1.02132539e-14
24,7,9.99999978e-03,-3.97364310e-08,1.02132539e-14,3.80472991e-22,1.02132539e-14
25,7,9.99999978e-03,-3.97364310e-08,1.02132539e-14,3.80472991e-22,1.02132539e-14
26,7,9.99999978e-03,-3.97364310e-08,1.02132539e-14,3.80472991e-22,1.02132539e-14
27,7,9.99999978e-03,-3.97364310e-08,1.02132539e-14,3.80472991e-22,1.02132539e-14
28,7,9.99999978e-03,-3.97364310e-08,1.02132539e-14,3.80472991e-22,1.02132539e-14
29,7,9.99999978e-03,-3.97364310e-08,1.02132539e-14,3.80472991e-22,1.02132539e-14
30,7,9.99999978e-03,-3.97364310e-08,1.02132539e-14,3.80472991e-22,1.02132539e-14
31,7,9.99999978e-03,-3.97364310e-08,1.02132539e-14,3.80472991e-22,1.02132539e-14
0,8,1.00000000e+00,-3.97364310e-08,5.00000566e-02,1.86264537e-09,5.00000566e-02
1,8,1.00000000e+00,-3.97364310e-08,5.00000566e-02,1.86264537e-09,5.00000566e-02
2,8,1.00000000e+00,-3.97364310e-08,5.00000566e-02,1.86264537e-09,5.00000566e-02
3,8,1.00000000e+00,-3.97364310e-08,5.00000566e-02,1.86264537e-09,5.00000566e-02
4,8,1.00000000e+00,-3.97364310e-08,5.00000566e-02,1.86264537e-09,5.00000566e-02
5,8,1.00000000e+00,-3.97364310e-08,5.00000566e-02,1.86264537e-09,5.00000566e-02
6,8,1.00000000e+00,-3.97364310e-08,5.00000566e-02,1.86264537e-09,5.00000566e-02
7,8,1.00000000e+00,-3.97364310e-08,5.00000566e-02,1.86264537e-09,5.00000566e-02
8,8,1.00000000e+00,-3.97364310e-08,5.00000566e-02,1.86264537e-09,5.00000566e-02
9,8,1.00000000e+00,-3.97364310e-08,5.00000566e-02,1.86264537e-09,5.00000566e-02
10,8,1.00000000e+00,-3.97364310e-08,5.00000566e-02,1.86264537e-09,5.00000566e-02
11,8,1.00000000e+00,-3.97364310e-08,5.00000566e-02,1.86264537e-09,5.00000566e-02
12,8,1.00000000e+00,-3.97364310e-08,5.00000566e-02,1.86264537e-09,5.00000566e-02
13,8,1.00000000e+00,-3.97364310e-08,5.00000566e-02,1.86264537e-09,5.00000566e-02
14,8,1.00000000e+00,-3.97364310e-08,5.00000566e-02,1.86264537e-09,5.00000566e-02
15,8,1.00000000e+00,-3.97364310e-08,5.00000566e-02,1.86264537e-09,5.00000566e-02
16,8,9.99999978e-03,-3.97364310e-08,1.02132539e-14,3.80472991e-22,1.02132539e-14
17,8,9.99999978e-03,-3.97364310e-08,1.02132539e-14,3.80472991e-22,1.02132539e-14
18,8,9.99999978e-03,-3.97364310e-08,1.02132539e-14,3.80472991e-22,1.02132539e-14
19,8,9.99999978e-03,-3.97364310e-08,1.02132539e-14,3.80472991e-22,1.02132539e-14
20,8,9.99999978e-03,-3.97364310e-08,1.02132539e-14,3.80472991e-22,1.02132539e-14
21,8,9.99999978e-03,-3.97364310e-08,1.02132539e-14,3.80472991e-22,1.02132539e-14
22,8,9.99999978e-03,-3.97364310e-08,1.02132539e-14,3.80472991e-22,1.02132539e-14
23,8,9.99999978e-03,-3.97364310e-08,1.02132539e-14,3.80472991e-22,1.02132539e-14
24,8,9.99999978e-03,-3.97364310e-08,1.02132539e-14,3.80472991e-22,1.02132539e-14
25,8,9.99999978e-03,-3.97364310e-08,1.02132539e-14,3.80472991e-22,1.02132539e-14
26,8,9.99999978e-03,-3.97364310e-08,1.02132539e-14,3.80472991e-22,1.02132539e-14
27,8,9.99999978e-03,-3.97364310e-08,1.02132539e-14,3.80472991e-22,1.02132539e-14
28,8,9.99999978e-03,-3.97364310e-08,1.02132539e-14,3.80472991e-22,1.02132539e-14
29,8,9.99999978e-03,-3.97364310e-08,1.02132539e-14,3.80472991e-22,1.02132539e-14
30,8,9.99999978e-03,-3.97364310e-08,1.02132539e-14,3.80472991e-22,1.02132539e-14
31,8,9.99999978e-03,-3.97364310e-08,1.02132539e-14,3.80472991e-22,1.02132539e-14
0,9,1.00000000e+00,-3.97364310e-08,5.00000566e-02,1.86264537e-09,5.00000566e-02
1,9,1.00000000e+00,-3.97364310e-08,5.00000566e-02,1.86264537e-09,5.00000566e-02
2,9,1.00000000e+00,-3.97364310e-08,5.00000566e-02,1.86264537e-09,5.00000566e-02
3,9,1.00000000e+00,-3.97364310e-08,5.00000566e-02,1.86264537e-09,5.00000566e-02
4,9,1.00000000e+00,-3.97364310e-08,5.00000566e-02,1.86264537e-09,5.00000566e-02
5,9,1.00000000e+00,-3.97364310e-08,5.00000566e-02,1.86264537e-09,5.00000566e-02
6,9,1.00000000e+00,-3.97364310e-08,5.00000566e-02,1.86264537e-09,5.00000566e-02
7,9,1.00000000e+00,-3.97364310e-08,5.00000566e-02,1.86264537e-09,5.00000566e-02
8,9,1.00000000e+00,-3.97364310e-08,5.00000566e-02,1.86264537e-09,5.00000566e-02
9,9,1.00000000e+00,-3.97364310e-08,5.00000566e-02,1.86264537e-09,5.00000566e-02
10,9,1.00000000e+00,-3.97364310e-08,5.00000566e-02,1.86264537e-09,5.00000566e-02
11,9,1.00000000e+00,-3.97364310e-08,5.00000566e-02,1.86264537e-09,5.00000566e-02
12,9,1.00000000e+00,-3.97364310e-08,5.00000566e-02,1.86264537e-09,5.00000566e-02
13,9,1.00000000e+00,-3.97364310e-08,5.00000566e-02,1.86264537e-09,5.00000566e-02
14,9,1.00000000e+00,-3.97364310e-08,5.00000566e-02,1.86264537e-09,5.00000566e-02
15,9,1.00000000e+00,-3.97364310e-08,5.00000566e-02,1.86264537e-09,5.00000566e-02
16,9,9.99999978e-03,-3.97364310e-08,1.02132539e-14,3.80472991e-22,1.02132539e-14
17,9,9.99999978e-03,-3.97364310e-08,1.02132539e-14,3.80472991e-22,1.02132539e-14
18,9,9.99999978e-03,-3.97364310e-08,1.02132539e-14,3.80472991e-22,1.02132539e-14
19,9,9.99999978e-03,-3.97364310e-08,1.02132539e-14,3.80472991e-22,1.02132539e-14
20,9,9.99999978e-03,-3.97364310e-08,1.02132539e-14,3.80472991e-22,1.02132539e-14
21,9,9.99999978e-03,-3.97364310e-08,1.02132539e-14,3.80472991e-22,1.02132539e-14
22,9,9.99999978e-03,-3.97364310e-08,1.02132539e-14,3.80472991e-22,1.02132539e-14
23,9,9.99999978e-03,-3.97364310e-08,1.02132539e-14,3.80472991e-22,1.02132539e-14
24,9,9.99999978e-03,-3.97364310e-08,1.02132539e-14,3.80472991e-22,1.02132539e-14
25,9,9.99999978e-03,-3.97364310e-08,1.02132539e-14,3.80472991e-22,1.02132539e-14
26,9,9.99999978e-03,-3.97364310e-08,1.02132539e-14,3.80472991e-22,1.02132539e-14
27,9,9.99999978e-03,-3.97364310e-08,1.02132539e-14,3.80472991e-22,1.02132539e-14
28,9,9.99999978e-03,-3.97364310e-08,1.02132539e-14,3.80472991e-22,1.02132539e-14
29,9,9.99999978e-03,-3.97364310e-08,1.02132539e-14,3.80472991e-22,1.02132539e-14
30,9,9.99999978e-03,-3.97364310e-08,1.02132539e-14,3.80472991e-22,1.02132539e-14
31,9,9.99999978e-03,-3.97364310e-08,1.02132539e-14,3.80472991e-22,1.02132539e-14
0,10,1.00000000e+00,-3.97364310e-08,5.00000566e-02,1.86264537e-09,5.00000566e-02
1,10,1.00000000e+00,-3.97364310e-08,5.00000566e-02,1.86264537e-09,5.00000566e-02
2,10,1.00000000e+00,-3.97364310e-08,5.00000566e-02,1.86264537e-09,5.00000566e-02
3,10,1.00000000e+00,-3.97364310e-08,5.00000566e-02,1.86264537e-09,5.00000566e-02
4,10,1.00000000e+00,-3.97364310e-08,5.00000566e-02,1.86264537e-09,5.00000566e-02
5,10,1.00000000e+00,-3.97364310e-08,5.00000566e-02,1.86264537e-09,5.00000566e-02
6,10,1.00000000e+00,-3.97364310e-08,5.00000566e-02,1.86264537e-09,5.00000566e-02
7,10,1.00000000e+00,-3.97364310e-08,5.00000566e-02,1.86264537e-09,5.00000566e-02
8,10,1.00000000e+00,-3.97364310e-08,5.00000566e-02,1.86264537e-09,5.00000566e-02
9,10,1.00000000e+00,-3.97364310e-08,5.00000566e-02,1.86264537e-09,5.00000566e-02
10,10,1.00000000e+00,-3.97364310e-08,5.00000566e-02,1.86264537e-09,5.00000566e-02
11,10,1.00000000e+00,-3.97364310e-08,5.00000566e-02,1.86264537e-09,5.00000566e-02
12,10,1.00000000e+00,-3.97364310e-08,5.00000566e-02,1.86264537e-09,5.00000566e-02
13,10,1.00000000e+00,-3.97364310e-08,5.00000566e-02,1.86264537e-09,5.00000566e-02
14,10,1.00000000e+00,-3.97364310e-08,5.00000566e-02,1.86264537e-09,5.00000566e-02
15,10,1.00000000e+00,-3.97364310e-08,5.00000566e-02,1.86264537e-09,5.00000566e-02
16,10,9.99999978e-03,-3.97364310e-08,1.02132539e-14,3.80472991e-22,1.02132539e-14
17,10,9.99999978e-03,-3.97364310e-08,1.02132539e-14,3.80472991e-22,1.02132539e-14
18,10,9.99999978e-03,-3.97364310e-08,1.02132539e-14,3.80472991e-22,1.02132539e-14
19,10,9.99999978e-03,-3.97364310e-08,1.02132539e-14,3.80472991e-22,1.02132539e-14
20,10,9.99999978e-03,-3.97364310e-08,1.02132539e-14,3.80472991e-22,1.02132539e-14
21,10,9.99999978e-03,-3.97364310e-08,1.02132539e-14,3.80472991e-22,1.02132539e-14
22,10,9.99999978e-03,-3.97364310e-08,1.02132539e-14,3.80472991e-22,1.02132539e-14
23,10,9.99999978e-03,-3.97364310e-08,1.02132539e-14,3.80472991e-22,1.02132539e-14
24,10,9.99999978e-03,-3.97364310e-08,1.02132539e-14,3.80472991e-22,1.02132539e-14
25,10,9.99999978e-03,-3.97364310e-08,1.02132539e-14,3.80472991e-22,1.02132539e-14
26,10,9.99999978e-03,-3.97364310e-08,1.02132539e-14,3.80472991e-22,1.02132539e-14
27,10,9.99999978e-03,-3.97364310e-08,1.02132539e-14,3.80472991e-22,1.02132539e-14
28,10,9.99999978e-03,-3.97364310e-08,1.02132539e-14,3.80472991e-22,1.02132539e-14
29,10,9.99999978e-03,-3.97364310e-08,1.02132539e-14,3.80472991e-22,1.02132539e-14
30,10,9.99999978e-03,-3.97364310e-08,1.02132539e-14,3.80472991e-22,1.02132539e-14
31,10,9.99999978e-03,-3.97364310e-08,1.02132539e-14,3.80472991e-22,1.02132539e-14
0,11,1.00000000e+00,-3.97364310e-08,5.00000566e-02,1.86264537e-09,5.00000566e-02
1,11,1.00000000e+00,-3.97364310e-08,5.00000566e-02,1.86264537e-09,5.00000566e-02
2,11,1.00000000e+00,-3.97364310e-08,5.00000566e-02,1.86264537e-09,5.00000566e-02
3,11,1.00000000e+00,-3.97364310e-08,5.00000566e-02,1.86264537e-09,5.00000566e-02
4,11,1.00000000e+00,-3.97364310e-08,5.00000566e-02,1.86264537e-09,5.00000566e-02
5,11,1.00000000e+00,-3.97364310e-08,5.00000566e-02,1.86264537e-09,5.00000566e-02
6,11,1.00000000e+00,-3.97364310e-08,5.00000566e-02,1.86264537e-09,5.00000566e-02
7,11,1.00000000e+00,-3.97364310e-08,5.00000566e-02,1.86264537e-09,5.00000566e-02
8,11,1.00000000e+00,-3.97364310e-08,5.00000566e-02,1.86264537e-09,5.00000566e-02
9,11,1.00000000e+00,-3.97364310e-08,5.00000566e-02,1.86264537e-09,5.00000566e-02
10,11,1.00000000e+00,-3.97364310e-08,5.00000566e-02,1.86264537e-09,5.00000566e-02
11,11,1.00000000e+00,-3.97364310e-08,5.00000566e-02,1.86264537e-09,5.00000566e-02
12,11,1.00000000e+00,-3.97364310e-08,5.00000566e-02,1.86264537e-09,5.00000566e-02
13,11,1.00000000e+00,-3.97364310e-08,5.00000566e-02,1.86264537e-09,5.00000566e-02
14,11,1.00000000e+00,-3.97364310e-08,5.00000566e-02,1.86264537e-09,5.00000566e-02
15,11,1.00000000e+00,-3.97364310e-08,5.00000566e-02,1.86264537e-09,5.00000566e-02
16,11,9.99999978e-03,-3.97364310e-08,1.02132539e-14,3.80472991e-22,1.02132539e-14
17,11,9.99999978e-03,-3.97364310e-08,1.02132539e-14,3.80472991e-22,1.02132539e-14
18,11,9.99999978e-03,-3.97364310e-08,1.02132539e-14,3.80472991e-22,1.02132539e-14
19,11,9.99999978e-03,-3.97364310e-08,1.02132539e-14,3.80472991e-22,1.02132539e-14
20,11,9.99999978e-03,-3.97364310e-08,1.02132539e-14,3.80472991e-22,1.02132539e-14
21,11,9.99999978e-03,-3.97364310e-08,1.02132539e-14,3.80472991e-22,1.02132539e-14
22,11,9.99999978e-03,-3.97364310e-08,1.02132539e-14,3.80472991e-22,1.02132539e-14
23,11,9.99999978e-03,-3.97364310e-08,1.02132539e-14,3.80472991e-22,1.02132539e-14
24,11,9.99999978e-03,-3.97364310e-08,1.02132539e-14,3.80472991e-22,1.02132539e-14
25,11,9.99999978e-03,-3.97364310e-08,1.02132539e-14,3.80472991e-22,1.02132539e-14
26,11,9.99999978e-03,-3.97364310e-08,1.02132539e-14,3.80472991e-22,1.02132539e-14
27,11,9.99999978e-03,-3.97364310e-08,1.02132539e-14,3.80472991e-22,1.02132539e-14
28,11,9.99999978e-03,-3.97364310e-08,1.02132539e-14,3.80472991e-22,1.02132539e-14
29,11,9.99999978e-03,-3.97364310e-08,1.02132539e-14,3.80472991e-22,1.02132539e-14
30,11,9.99999978e-03,-3.97364310e-08,1.02132539e-14,3.80472991e-22,1.02132539e-14
31,11,9.99999978e-03,-3.97364310e-08,1.02132539e-14,3.80472991e-22,1.02132539e-14
0,12,1.00000000e+00,-3.97364310e-08,5.00000566e-02,1.86264537e-09,5.00000566e-02
1,12,1.00000000e+00,-3.97364310e-08,5.00000566e-02,1.86264537e-09,5.00000566e-02
2,12,1.00000000e+00,-3.97364310e-08,5.00000566e-02,1.86264537e-09,5.00000566e-02
3,12,1.00000000e+00,-3.97364310e-08,5.00000566e-02,1.86264537e-09,5.00000566e-02
4,12,1.00000000e+00,-3.97364310e-08,5.00000566e-02,1.86264537e-09,5.00000566e-02
5,12,1.00000000e+00,-3.97364310e-08,5.00000566e-02,1.86264537e-09,5.00000566e-02
6,12,1.00000000e+00,-3.97364310e-08,5.00000566e-02,1.86264537e-09,5.00000566e-02
7,12,1.00000000e+00,-3.97364310e-08,5.00000566e-02,1.86264537e-09,5.00000566e-02
8,12,1.00000000e+00,-3.97364310e-08,5.00000566e-02,1.86264537e-09,5.00000566e-02
9,12,1.00000000e+00,-3.97364310e-08,5.00000566e-02,1.86264537e-09,5.00000566e-02
10,12,1.00000000e+00,-3.97364310e-08,5.00000566e-02,1.86264537e-09,5.00000566e-02
11,12,1.00000000e+00,-3.97364310e-08,5.00000566e-02,1.86264537e-09,5.00000566e-02
12,12,1.00000000e+00,-3.97364310e-08,5.00000566e-02,1.86264537e-09,5.00000566e-02
13,12,1.00000000e+00,-3.97364310e-08,5.00000566e-02,1.86264537e-09,5.00000566e-02
14,12,1.00000000e+00,-3.97364310e-08,5.00000566e-02,1.86264537e-09,5.00000566e-02
15,12,1.00000000e+00,-3.97364310e-08,5.00000566e-02,1.86264537e-09,5.00000566e-02
16,12,9.99999978e-03,-3.97364310e-08,1.02132539e-14,3.80472991e-22,1.02132539e-14
17,12,9.99999978e-03,-3.97364310e-08,1.02132539e-14,3.80472991e-22,1.02132539e-14
18,12,9.99999978e-03,-3.97364310e-08,1.02132539e-14,3.80472991e-22,1.02132539e-14
19,12,9.99999978e-03,-3.97364310e-08,1.02132539e-14,3.80472991e-22,1.02132539e-14
20,12,9.99999978e-03,-3.97364310e-08,1.02132539e-14,3.80472991e-22,1.02132539e-14
21,12,9.99999978e-03,-3.97364310e-08,1.02132539e-14,3.80472991e-22,1.02132539e-14
22,12,9.99999978e-03,-3.97364310e-08,1.02132539e-14,3.80472991e-22,1.02132539e-14
23,12,9.99999978e-03,-3.97364310e-08,1.02132539e-14,3.80472991e-22,1.02132539e-14
24,12,9.99999978e-03,-3.97364310e-08,1.02132539e-14,3.80472991e-22,1.02132539e-14
25,12,9.99999978e-03,-3.97364310e-08,1.02132539e-14,3.80472991e-22,1.02132539e-14
26,12,9.99999978e-03,-3.97364310e-08,1.02132539e-14,3.80472991e-22,1.02132539e-14
27,12,9.99999978e-03,-3.97364310e-08,1.02132539e-14,3.80472991e-22,1.02132539e-14
28,12,9.99999978e-03,-3.97364310e-08,1.02132539e-14,3.80472991e-22,1.02132539e-14
29,12,9.99999978e-03,-3.97364310e-08,1.02132539e-14,3.80472991e-22,1.02132539e-14
30,12,9.99999978e-03,-3.97364310e-08,1.02132539e-14,3.80472991e-22,1.02132539e-14
31,12,9.99999978e-03,-3.97364310e-08,1.02132539e-14,3.80472991e-22,1.02132539e-14
0,13,1.00000000e+00,-3.97364310e-08,5.00000566e-02,1.86264537e-09,5.00000566e-02
1,13,1.00000000e+00,-3.97364310e-08,5.00000566e-02,1.86264537e-09,5.00000566e-02
2,13,1.00000000e+00,-3.97364310e-08,5.00000566e-02,1.86264537e-09,5.00000566e-02
3,13,1.00000000e+00,-3.97364310e-08,5.00000566e-02,1.86264537e-09,5.00000566e-02
4,13,1.00000000e+00,-3.97364310e-08,5.00000566e-02,1.86264537e-09,5.00000566e-02
5,13,1.00000000e+00,-3.97364310e-08,5.00000566e-02,1.86264537e-09,5.00000566e-02
6,13,1.00000000e+00,-3.97364310e-08,5.00000566e-02,1.86264537e-09,5.00000566e-02
7,13,1.00000000e+00,-3.97364310e-08,5.00000566e-02,1.86264537e-09,5.00000566e-02
8,13,1.00000000e+00,-3.97364310e-08,5.00000566e-02,1.86264537e-09,5.00000566e-02
9,13,1.00000000e+00,-3.97364310e-08,5.00000566e-02,1.86264537e-09,5.00000566e-02
10,13,1.00000000e+00,-3.97364310e-08,5.00000566e-02,1.86264537e-09,5.00000566e-02
11,13,1.00000000e+00,-3.97364310e-08,5.00000566e-02,1.86264537e-09,5.00000566e-02
12,13,1.00000000e+00,-3.97364310e-08,5.00000566e-02,1.86264537e-09,5.00000566e-02
13,13,1.00000000e+00,-3.97364310e-08,5.00000566e-02,1.86264537e-09,5.00000566e-02
14,13,1.00000000e+00,-3.97364310e-08,5.00000566e-02,1.86264537e-09,5.00000566e-02
15,13,1.00000000e+00,-3.97364310e-08,5.00000566e-02,1.86264537e-09,5.00000566e-02
16,13,9.99999978e-03,-3.97364310e-08,1.02132539e-14,3.80472991e-22,1.02132539e-14
17,13,9.99999978e-03,-3.97364310e-08,1.02132539e-14,3.80472991e-22,1.02132539e-14
18,13,9.99999978e-03,-3.97364310e-08,1.02132539e-14,3.80472991e-22,1.02132539e-14
19,13,9.99999978e-03,-3.97364310e-08,1.02132539e-14,3.80472991e-22,1.02132539e-14
20,13,9.99999978e-03,-3.97364310e-08,1.02132539e-14,3.80472991e-22,1.02132539e-14
21,13,9.99999978e-03,-3.97364310e-08,1.02132539e-14,3.80472991e-22,1.02132539e-14
22,13,9.99999978e-03,-3.97364310e-08,1.02132539e-14,3.80472991e-22,1.02132539e-14
23,13,9.99999978e-03,-3.97364310e-08,1.02132539e-14,3.80472991e-22,1.02132539e-14
24,13,9.99999978e-03,-3.97364310e-08,1.02132539e-14,3.80472991e-22,1.02132539e-14
25,13,9.99999978e-03,-3.97364310e-08,1.02132539e-14,3.80472991e-22,1.02132539e-14
26,13,9.99999978e-03,-3.97364310e-08,1.02132539e-14,3.80472991e-22,1.02132539e-14
27,13,9.99999978e-03,-3.97364310e-08,1.02132539e-14,3.80472991e-22,1.02132539e-14
28,13,9.99999978e-03,-3.97364310e-08,1.02132539e-14,3.80472991e-22,1.02132539e-14
29,13,9.99999978e-03,-3.97364310e-08,1.02132539e-14,3.80472991e-22,1.02132539e-14
30,13,9.99999978e-03,-3.97364310e-08,1.02132539e-14,3.80472991e-22,1.02132539e-14
31,13,9.99999978e-03,-3.97364310e-08,1.02132539e-14,3.80472991e-22,1.02132539e-14
0,14,1.00000000e+00,-3.97364310e-08,5.00000566e-02,1.86264537e-09,5.00000566e-02
1,14,1.00000000e+00,-3.97364310e-08,5.00000566e-02,1.86264537e-09,5.00000566e-02
2,14,1.00000000e+00,-3.97364310e-08,5.00000566e-02,1.86264537e-09,5.00000566e-02
3,14,1.00000000e+00,-3.97364310e-08,5.00000566e-02,1.86264537e-09,5.00000566e-02
4,14,1.00000000e+00,-3.97364310e-08,5.00000566e-02,1.86264537e-09,5.00000566e-02
5,14,1.00000000e+00,-3.97364310e-08,5.00000566e-02,1.86264537e-09,5.00000566e-02
6,14,1.00000000e+00,-3.97364310e-08,5.00000566e-02,1.86264537e-09,5.00000566e-02
7,14,1.00000000e+00,-3.97364310e-08,5.00000566e-02,1.86264537e-09,5.00000566e-02
8,14,1.00000000e+00,-3.97364310e-08,5.00000566e-02,1.86264537e-09,5.00000566e-02
9,14,1.00000000e+00,-3.97364310e-08,5.00000566e-02,1.86264537e-09,5.00000566e-02
10,14,1.00000000e+00,-3.97364310e-08,5.00000566e-02,1.86264537e-09,5.00000566e-02
11,14,1.00000000e+00,-3.97364310e-08,5.00000566e-02,1.86264537e-09,5.00000566e-02
12,14,1.00000000e+00,-3.97364310e-08,5.00000566e-02,1.86264537e-09,5.00000566e-02
13,14,1.00000000e+00,-3.97364310e-08,5.00000566e-02,1.86264537e-09,5.00000566e-02
14,14,1.00000000e+00,-3.97364310e-08,5.00000566e-02,1.86264537e-09,5.00000566e-02
15,14,1.00000000e+00,-3.97364310e-08,5.00000566e-02,1.86264537e-09,5.00000566e-02
16,14,9.99999978e-03,-3.97364310e-08,1.02132539e-14,3.80472991e-22,1.02132539e-14
17,14,9.99999978e-03,-3.97364310e-08,1.02132539e-14,3.80472991e-22,1.02132539e-14
18,14,9.99999978e-03,-3.97364310e-08,1.02132539e-14,3.80472991e-22,1.02132539e-14
19,14,9.99999978e-03,-3.97364310e-08,1.02132539e-14,3.80472991e-22,1.02132539e-14
20,14,9.99999978e-03,-3.97364310e-08,1.02132539e-14,3.80472991e-22,1.02132539e-14
21,14,9.99999978e-03,-3.97364310e-08,1.02132539e-14,3.80472991e-22,1.02132539e-14
22,14,9.99999978e-03,-3.97364310e-08,1.02132539e-14,3.80472991e-22,1.02132539e-14
23,14,9.99999978e-03,-3.97364310e-08,1.02132539e-14,3.80472991e-22,1.02132539e-14
24,14,9.99999978e-03,-3.97364310e-08,1.02132539e-14,3.80472991e-22,1.02132539e-14
25,14,9.99999978e-03,-3.97364310e-08,1.02132539e-14,3.80472991e-22,1.02132539e-14
26,14,9.99999978e-03,-3.97364310e-08,1.02132539e-14,3.80472991e-22,1.02132539e-14
27,14,9.99999978e-03,-3.97364310e-08,1.02132539e-14,3.80472991e-22,1.02132539e-14
28,14,9.99999978e-03,-3.97364310e-08,1.02132539e-14,3.80472991e-22,1.02132539e-14
29,14,9.99999978e-03,-3.97364310e-08,1.02132539e-14,3.80472991e-22,1.02132539e-14
30,14,9.99999978e-03,-3.97364310e-08,1.02132539e-14,3.80472991e-22,1.02132539e-14
31,14,9.99999978e-03,-3.97364310e-08,1.02132539e-14,3.80472991e-22,1.02132539e-14
0,15,1.00000000e+00,-3.97364310e-08,5.00000566e-02,1.86264537e-09,5.00000566e-02
1,15,1.00000000e+00,-3.97364310e-08,5.00000566e-02,1.86264537e-09,5.00000566e-02
2,15,1.00000000e+00,-3.97364310e-08,5.00000566e-02,1.86264537e-09,5.00000566e-02
3,15,1.00000000e+00,-3.97364310e-08,5.00000566e-02,1.86264537e-09,5.00000566e-02
4,15,1.00000000e+00,-3.97364310e-08,5.00000566e-02,1.86264537e-09,5.00000566e-02
5,15,1.00000000e+00,-3.97364310e-08,5.00000566e-02,1.86264537e-09,5.00000566e-02
6,15,1.00000000e+00,-3.97364310e-08,5.00000566e-02,1.86264537e-09,5.00000566e-02
7,15,1.00000000e+00,-3.97364310e-08,5.00000566e-02,1.86264537e-09,5.00000566e-02
8,15,1.00000000e+00,-3.97364310e-08,5.00000566e-02,1.86264537e-09,5.00000566e-02
9,15,1.00000000e+00,-3.97364310e-08,5.00000566e-02,1.86264537e-09,5.00000566e-02
10,15,1.00000000e+00,-3.97364310e-08,5.00000566e-02,1.86264537e-09,5.00000566e-02
11,15,1.00000000e+00,-3.97364310e-08,5.00000566e-02,1.86264537e-09,5.00000566e-02
12,15,1.00000000e+00,-3.97364310e-08,5.00000566e-02,1.86264537e-09,5.00000566e-02
13,15,1.00000000e+00,-3.97364310e-08,5.00000566e-02,1.86264537e-09,5.00000566e-02
14,15,1.00000000e+00,-3.97364310e-08,5.00000566e-02,1.86264537e-09,5.00000566e-02
15,15,1.00000000e+00,-3.97364310e-08,5.00000566e-02,1.86264537e-09,5.00000566e-02
16,15,9.99999978e-03,-3.97364310e-08,1.02132539e-14,3.80472991e-22,1.02132539e-14
17,15,9.99999978e-03,-3.97364310e-08,1.02132539e-14,3.80472991e-22,1.02132539e-14
18,15,9.99999978e-03,-3.97364310e-08,1.02132539e-14,3.80472991e-22,1.02132539e-14
19,15,9.99999978e-03,-3.97364310e-08,1.02132539e-14,3.80472991e-22,1.02132539e-14
20,15,9.99999978e-03,-3.97364310e-08,1.02132539e-14,3.80472991e-22,1.02132539e-14
21,15,9.99999978e-03,-3.97364310e-08,1.02132539e-14,3.80472991e-22,1.02132539e-14
22,15,9.99999978e-03,-3.97364310e-08,1.02132539e-14,3.80472991e-22,1.02132539e-14
23,15,9.99999978e-03,-3.97364310e-08,1.02132539e-14,3.80472991e-22,1.02132539e-14
24,15,9.99999978e-03,-3.97364310e-08,1.02132539e-14,3.80472991e-22,1.02132539e-14
25,15,9.99999978e-03,-3.97364310e-08,1.02132539e-14,3.80472991e-22,1.02132539e-14
26,15,9.99999978e-03,-3.97364310e-08,1.02132539e-14,3.80472991e-22,1.02132539e-14
27,15,9.99999978e-03,-3.97364310e-08,1.02132539e-14,3.80472991e-22,1.02132539e-14
28,15,9.99999978e-03,-3.97364310e-08,1.02132539e-14,3.80472991e-22,1.02132539e-14
29,15,9.99999978e-03,-3.97364310e-08,1.02132539e-14,3.80472991e-22,1.02132539e-14
30,15,9.99999978e-03,-3.97364310e-08,1.02132539e-14,3.80472991e-22,1.02132539e-14
31,15,9.99999978e-03,-3.97364310e-08,1.02132539e-14,3.80472991e-22,1.02132539e-14
0,16,1.00000000e+00,-3.97364310e-08,5.00000566e-02,1.86264537e-09,5.00000566e-02
1,16,1.00000000e+00,-3.97364310e-08,5.00000566e-02,1.86264537e-09,5.00000566e-02
2,16,1.00000000e+00,-3.97364310e-08,5.00000566e-02,1.86264537e-09,5.00000566e-02
3,16,1.00000000e+00,-3.97364310e-08,5.00000566e-02,1.86264537e-09,5.00000566e-02
4,16,1.00000000e+00,-3.97364310e-08,5.00000566e-02,1.86264537e-09,5.00000566e-02
5,16,1.00000000e+00,-3.97364310e-08,5.00000566e-02,1.86264537e-09,5.00000566e-02
6,16,1.00000000e+00,-3.97364310e-08,5.00000566e-02,1.86264537e-09,5.00000566e-02
7,16,1.00000000e+00,-3.97364310e-08,5.00000566e-02,1.86264537e-09,5.00000566e-02
8,16,1.00000000e+00,-3.97364310e-08,5.00000566e-02,1.86264537e-09,5.00000566e-02
9,16,1.00000000e+00,-3.97364310e-08,5.00000566e-02,1.86264537e-09,5.00000566e-02
10,16,1.00000000e+00,-3.97364310e-08,5.00000566e-02,1.86264537e-09,5.00000566e-02
11,16,1.00000000e+00,-3.97364310e-08,5.00000566e-02,1.86264537e-09,5.00000566e-02
12,16,1.00000000e+00,-3.97364310e-08,5.00000566e-02,1.86264537e-09,5.00000566e-02
13,16,1.00000000e+00,-3.97364310e-08,5.00000566e-02,1.86264537e-09,5.00000566e-02
14,16,1.00000000e+00,-3.97364310e-08,5.00000566e-02,1.86264537e-09,5.00000566e-02
15,16,1.00000000e+00,-3.97364310e-08,5.00000566e-02,1.86264537e-09,5.00000566e-02
16,16,9.99999978e-03,-3.97364310e-08,1.02132539e-14,3.80472991e-22,1.02132539e-14
17,16,9.99999978e-03,-3.97364310e-08,1.02132539e-14,3.80472991e-22,1.02132539e-14
18,16,9.99999978e-03,-3.97364310e-08,1.02132539e-14,3.80472991e-22,1.02132539e-14
19,16,9.99999978e-03,-3.97364310e-08,1.02132539e-14,3.80472991e-22,1.02132539e-14
20,16,9.99999978e-03,-3.97364310e-08,1.02132539e-14,3.80472991e-22,1.02132539e-14
21,16,9.99999978e-03,-3.97364310e-08,1.02132539e-14,3.80472991e-22,1.02132539e-14
22,16,9.99999978e-03,-3.97364310e-08,1.02132539e-14,3.80472991e-22,1.02132539e-14
23,16,9.99999978e-03,-3.97364310e-08,1.02132539e-14,3.80472991e-22,1.02132539e-14
24,16,9.99999978e-03,-3.97364310e-08,1.02132539e-14,3.80472991e-22,1.02132539e-14
25,16,9.99999978e-03,-3.97364310e-08,1.02132539e-14,3.80472991e-22,1.02132539e-14
26,16,9.99999978e-03,-3.97364310e-08,1.02132539e-14,3.80472991e-22,1.02132539e-14
27,16,9.99999978e-03,-3.97364310e-08,1.02132539e-14,3.80472991e-22,1.02132539e-14
28,16,9.99999978e-03,-3.97364310e-08,1.02132539e-14,3.80472991e-22,1.02132539e-14
29,16,9.99999978e-03,-3.97364310e-08,1.02132539e-14,3.80472991e-22,1.02132539e-14
30,16,9.99999978e-03,-3.97364310e-08,1.02132539e-14,3.80472991e-22,1.02132539e-14
31,16,9.99999978e-03,-3.97364310e-08,1.02132539e-14,3.80472991e-22,1.02132539e-14
0,17,1.00000000e+00,-3.97364310e-08,5.00000566e-02,1.86264537e-09,5.00000566e-02
1,17,1.00000000e+00,-3.97364310e-08,5.00000566e-02,1.86264537e-09,5.00000566e-02
2,17,1.00000000e+00,-3.97364310e-08,5.00000566e-02,1.86264537e-09,5.00000566e-02
3,17,1.00000000e+00,-3.97364310e-08,5.00000566e-02,1.86264537e-09,5.00000566e-02
4,17,1.00000000e+00,-3.97364310e-08,5.00000566e-02,1.86264537e-09,5.00000566e-02
5,17,1.00000000e+00,-3.97364310e-08,5.00000566e-02,1.86264537e-09,5.00000566e-02
6,17,1.00000000e+00,-3.97364310e-08,5.00000566e-02,1.86264537e-09,5.00000566e-02
7,17,1.00000000e+00,-3.97364310e-08,5.00000566e-02,1.86264537e-09,5.00000566e-02
8,17,1.00000000e+00,-3.97364310e-08,5.00000566e-02,1.86264537e-09,5.00000566e-02
9,17,1.00000000e+00,-3.97364310e-08,5.00000566e-02,1.86264537e-09,5.00000566e-02
10,17,1.00000000e+00,-3.97364310e-08,5.00000566e-02,1.86264537e-09,5.00000566e-02
11,17,1.00000000e+00,-3.97364310e-08,5.00000566e-02,1.86264537e-09,5.00000566e-02
12,17,1.00000000e+00,-3.97364310e-08,5.00000566e-02,1.86264537e-09,5.00000566e-02
13,17,1.00000000e+00,-3.97364310e-08,5.00000566e-02,1.86264537e-09,5.00000566e-02
14,17,1.00000000e+00,-3.97364310e-08,5.00000566e-02,1.86264537e-09,5.00000566e-02
15,17,1.00000000e+00,-3.97364310e-08,5.00000566e-02,1.86264537e-09,5.00000566e-02
16,17,9.99999978e-03,-3.97364310e-08,1.02132539e-14,3.80472991e-22,1.02132539e-14
17,17,9.99999978e-03,-3.97364310e-08,1.02132539e-14,3.80472991e-22,1.02132539e-14
18,17,9.99999978e-03,-3.97364310e-08,1.02132539e-14,3.80472991e-22,1.02132539e-14
19,17,9.99999978e-03,-3.97364310e-08,1.02132539e-14,3.80472991e-22,1.02132539e-14
20,17,9.99999978e-03,-3.97364310e-08,1.02132539e-14,3.80472991e-22,1.02132539e-14
21,17,9.99999978e-03,-3.97364310e-08,1.02132539e-14,3.80472991e-22,1.02132539e-14
22,17,9.99999978e-03,-3.97364310e-08,1.02132539e-14,3.80472991e-22,1.02132539e-14
23,17,9.99999978e-03,-3.97364310e-08,1.02132539e-14,3.80472991e-22,1.02132539e-14
24,17,9.99999978e-03,-3.97364310e-08,1.02132539e-14,3.80472991e-22,1.02132539e-14
25,17,9.99999978e-03,-3.97364310e-08,1.02132539e-14,3.80472991e-22,1.02132539e-14
26,17,9.99999978e-03,-3.97364310e-08,1.02132539e-14,3.80472991e-22,1.02132539e-14
27,17,9.99999978e-03,-3.97364310e-08,1.02132539e-14,3.80472991e-22,1.02132539e-14
28,17,9.99999978e-03,-3.97364310e-08,1.02132539e-14,3.80472991e-22,1.02132539e-14
29,17,9.99999978e-03,-3.97364310e-08,1.02132539e-14,3.80472991e-22,1.02132539e-14
30,17,9.99999978e-03,-3.97364310e-08,1.02132539e-14,3.80472991e-22,1.02132539e-14
31,17,9.99999978e-03,-3.97364310e-08,1.02132539e-14,3.80472991e-22,1.02132539e-14
0,18,1.00000000e+00,-3.97364310e-08,5.00000566e-02,1.86264537e-09,5.00000566e-02
1,18,1.00000000e+00,-3.97364310e-08,5.00000566e-02,1.86264537e-09,5.00000566e-02
2,18,1.00000000e+00,-3.97364310e-08,5.00000566e-02,1.86264537e-09,5.00000566e-02
3,18,1.00000000e+00,-3.97364310e-08,5.00000566e-02,1.86264537e-09,5.00000566e-02
4,18,1.00000000e+00,-3.97364310e-08,5.00000566e-02,1.86264537e-09,5.00000566e-02
5,18,1.00000000e+00,-3.97364310e-08,5.00000566e-02,1.86264537e-09,5.00000566e-02
6,18,1.00000000e+00,-3.97364310e-08,5.00000566e-02,1.86264537e-09,5.00000566e-02
7,18,1.00000000e+00,-3.97364310e-08,5.00000566e-02,1.86264537e-09,5.00000566e-02
8,18,1.00000000e+00,-3.97364310e-08,5.00000566e-02,1.86264537e-09,5.00000566e-02
9,18,1.00000000e+00,-3.97364310e-08,5.00000566e-02,1.86264537e-09,5.00000566e-02
10,18,1.00000000e+00,-3.97364310e-08,5.00000566e-02,1.86264537e-09,5.00000566e-02
11,18,1.00000000e+00,-3.97364310e-08,5.00000566e-02,1.86264537e-09,5.00000566e-02
12,18,1.00000000e+00,-3.97364310e-08,5.00000566e-02,1.86264537e-09,5.00000566e-02
13,18,1.00000000e+00,-3.97364310e-08,5.00000566e-02,1.86264537e-09,5.00000566e-02
14,18,1.00000000e+00,-3.97364310e-08,5.00000566e-02,1.86264537e-09,5.00000566e-02
15,18,1.00000000e+00,-3.97364310e-08,5.00000566e-02,1.86264537e-09,5.00000566e-02
16,18,9.99999978e-03,-3.97364310e-08,1.02132539e-14,3.80472991e-22,1.02132539e-14
17,18,9.99999978e-03,-3.97364310e-08,1.02132539e-14,3.80472991e-22,1.02132539e-14
18,18,9.99999978e-03,-3.97364310e-08,1.02132539e-14,3.80472991e-22,1.02132539e-14
19,18,9.99999978e-03,-3.97364310e-08,1.02132539e-14,3.80472991e-22,1.02132539e-14
20,18,9.99999978e-03,-3.97364310e-08,1.02132539e-14,3.80472991e-22,1.02132539e-14
21,18,9.99999978e-03,-3.97364310e-08,1.02132539e-14,3.80472991e-22,1.02132539e-14
22,18,9.99999978e-03,-3.97364310e-08,1.02132539e-14,3.80472991e-22,1.02132539e-14
23,18,9.99999978e-03,-3.97364310e-08,1.02132539e-14,3.80472991e-22,1.02132539e-14
24,18,9.99999978e-03,-3.97364310e-08,1.02132539e-14,3.80472991e-22,1.02132539e-14
25,18,9.99999978e-03,-3.97364310e-08,1.02132539e-14,3.80472991e-22,1.02132539e-14
26,18,9.99999978e-03,-3.97364310e-08,1.02132539e-14,3.80472991e-22,1.02132539e-14
27,18,9.99999978e-03,-3.97364310e-08,1.02132539e-14,3.80472991e-22,1.02132539e-14
28,18,9.99999978e-03,-3.97364310e-08,1.02132539e-14,3.80472991e-22,1.02132539e-14
29,18,9.99999978e-03,-3.97364310e-08,1.02132539e-14,3.80472991e-22,1.02132539e-14
30,18,9.99999978e-03,-3.97364310e-08,1.02132539e-14,3.80472991e-22,1.02132539e-14
31,18,9.99999978e-03,-3.97364310e-08,1.02132539e-14,3.80472991e-22,1.02132539e-14
0,19,1.00000000e+00,-3.97364310e-08,5.00000566e-02,1.86264537e-09,5.00000566e-02
1,19,1.00000000e+00,-3.97364310e-08,5.00000566e-02,1.86264537e-09,5.00000566e-02
2,19,1.00000000e+00,-3.97364310e-08,5.00000566e-02,1.86264537e-09,5.00000566e-02
3,19,1.00000000e+00,-3.97364310e-08,5.00000566e-02,1.86264537e-09,5.00000566e-02
4,19,1.00000000e+00,-3.97364310e-08,5.00000566e-02,1.86264537e-09,5.00000566e-02
5,19,1.00000000e+00,-3.97364310e-08,5.00000566e-02,1.86264537e-09,5.00000566e-02
6,19,1.00000000e+00,-3.97364310e-08,5.00000566e-02,1.86264537e-09,5.00000566e-02
7,19,1.00000000e+00,-3.97364310e-08,5.00000566e-02,1.86264537e-09,5.00000566e-02
8,19,1.00000000e+00,-3.97364310e-08,5.00000566e-02,1.86264537e-09,5.00000566e-02
9,19,1.00000000e+00,-3.97364310e-08,5.00000566e-02,1.86264537e-09,5.00000566e-02
10,19,1.00000000e+00,-3.97364310e-08,5.00000566e-02,1.86264537e-09,5.00000566e-02
11,19,1.00000000e+00,-3.97364310e-08,5.00000566e-02,1.86264537e-09,5.00000566e-02
12,19,1.00000000e+00,-3.97364310e-08,5.00000566e-02,1.86264537e-09,5.00000566e-02
13,19,1.00000000e+00,-3.97364310e-08,5.00000566e-02,1.86264537e-09,5.00000566e-02
14,19,1.00000000e+00,-3.97364310e-08,5.00000566e-02,1.86264537e-09,5.00000566e-02
15,19,1.00000000e+00,-3.97364310e-08,5.00000566e-02,1.86264537e-09,5.00000566e-02
16,19,9.99999978e-03,-3.97364310e-08,1.02132539e-14,3.80472991e-22,1.02132539e-14
17,19,9.99999978e-03,-3.97364310e-08,1.02132539e-14,3.80472991e-22,1.02132539e-14
18,19,9.99999978e-03,-3.97364310e-08,1.02132539e-14,3.80472991e-22,1.02132539e-14
19,19,9.99999978e-03,-3.97364310e-08,1.02132539e-14,3.80472991e-22,1.02132539e-14
20,19,9.99999978e-03,-3.97364310e-08,1.02132539e-14,3.80472991e-22,1.02132539e-14
21,19,9.99999978e-03,-3.97364310e-08,1.02132539e-14,3.80472991e-22,1.02132539e-14
22,19,9.99999978e-03,-3.97364310e-08,1.02132539e-14,3.80472991e-22,1.02132539e-14
23,19,9.99999978e-03,-3.97364310e-08,1.02132539e-14,3.80472991e-22,1.02132539e-14
24,19,9.99999978e-03,-3.97364310e-08,1.02132539e-14,3.80472991e-22,1.02132539e-14
25,19,9.99999978e-03,-3.97364310e-08,1.02132539e-14,3.80472991e-22,1.02132539e-14
26,19,9.99999978e-03,-3.97364310e-08,1.02132539e-14,3.80472991e-22,1.02132539e-14
27,19,9.99999978e-03,-3.97364310e-08,1.02132539e-14,3.80472991e-22,1.02132539e-14
28,19,9.99999978e-03,-3.97364310e-08,1.02132539e-14,3.80472991e-22,1.02132539e-14
29,19,9.99999978e-03,-3.97364310e-08,1.02132539e-14,3.80472991e-22,1.02132539e-14
30,19,9.99999978e-03,-3.97364310e-08,1.02132539e-14,3.80472991e-22,1.02132539e-14
31,19,9.99999978e-03,-3.97364310e-08,1.02132539e-14,3.80472991e-22,1.02132539e-14
0,20,1.00000000e+00,-3.97364310e-08,5.00000566e-02,1.86264537e-09,5.00000566e-02
1,20,1.00000000e+00,-3.97364310e-08,5.00000566e-02,1.86264537e-09,5.00000566e-02
2,20,1.00000000e+00,-3.97364310e-08,5.00000566e-02,1.86264537e-09,5.00000566e-02
3,20,1.00000000e+00,-3.97364310e-08,5.00000566e-02,1.86264537e-09,5.00000566e-02
4,20,1.00000000e+00,-3.97364310e-08,5.00000566e-02,1.86264537e-09,5.00000566e-02
5,20,1.00000000e+00,-3.97364310e-08,5.00000566e-02,1.86264537e-09,5.00000566e-02
6,20,1.00000000e+00,-3.97364310e-08,5.00000566e-02,1.86264537e-09,5.00000566e-02
7,20,1.00000000e+00,-3.97364310e-08,5.00000566e-02,1.86264537e-09,5.00000566e-02
8,20,1.00000000e+00,-3.97364310e-08,5.00000566e-02,1.86264537e-09,5.00000566e-02
9,20,1.00000000e+00,-3.97364310e-08,5.00000566e-02,1.86264537e-09,5.00000566e-02
10,20,1.00000000e+00,-3.97364310e-08,5.00000566e-02,1.86264537e-09,5.00000566e-02
11,20,1.00000000e+00,-3.97364310e-08,5.00000566e-02,1.86264537e-09,5.00000566e-02
12,20,1.00000000e+00,-3.97364310e-08,5.00000566e-02,1.86264537e-09,5.00000566e-02
13,20,1.00000000e+00,-3.97364310e-08,5.00000566e-02,1.86264537e-09,5.00000566e-02
14,20,1.00000000e+00,-3.97364310e-08,5.00000566e-02,1.86264537e-09,5.00000566e-02
15,20,1.00000000e+00,-3.97364310e-08,5.00000566e-02,1.86264537e-09,5.00000566e-02
16,20,9.99999978e-03,-3.97364310e-08,1.02132539e-14,3.80472991e-22,1.02132539e-14
17,20,9.99999978e-03,-3.97364310e-08,1.02132539e-14,3.80472991e-22,1.02132539e-14
18,20,9.99999978e-03,-3.97364310e-08,1.02132539e-14,3.80472991e-22,1.02132539e-14
19,20,9.99999978e-03,-3.97364310e-08,1.02132539e-14,3.80472991e-22,1.02132539e-14
20,20,9.99999978e-03,-3.97364310e-08,1.02132539e-14,3.80472991e-22,1.02132539e-14
21,20,9.99999978e-03,-3.97364310e-08,1.02132539e-14,3.80472991e-22,1.02132539e-14
22,20,9.99999978e-03,-3.97364310e-08,1.02132539e-14,3.80472991e-22,1.02132539e-14
23,20,9.99999978e-03,-3.97364310e-08,1.02132539e-14,3.80472991e-22,1.02132539e-14
24,20,9.99999978e-03,-3.97364310e-08,1.02132539e-14,3.80472991e-22,1.02132539e-14
25,20,9.99999978e-03,-3.97364310e-08,1.02132539e-14,3.80472991e-22,1.02132539e-14
26,20,9.99999978e-03,-3.97364310e-08,1.02132539e-14,3.80472991e-22,1.02132539e-14
27,20,9.99999978e-03,-3.97364310e-08,1.02132539e-14,3.80472991e-22,1.02132539e-14
28,20,9.99999978e-03,-3.97364310e-08,1.02132539e-14,3.80472991e-22,1.02132539e-14
29,20,9.99999978e-03,-3.97364310e-08,1.02132539e-14,3.80472991e-22,1.02132539e-14
30,20,9.99999978e-03,-3.97364310e-08,1.02132539e-14,3.80472991e-22,1.02132539e-14
31,20,9.99999978e-03,-3.97364310e-08,1.02132539e-14,3.80472991e-22,1.02132539e-14
0,21,1.00000000e+00,-3.97364310e-08,5.00000566e-02,1.86264537e-09,5.00000566e-02
1,21,1.00000000e+00,-3.97364310e-08,5.00000566e-02,1.86264537e-09,5.00000566e-02
2,21,1.00000000e+00,-3.97364310e-08,5.00000566e-02,1.86264537e-09,5.00000566e-02
3,21,1.00000000e+00,-3.97364310e-08,5.00000566e-02,1.86264537e-09,5.00000566e-02
4,21,1.00000000e+00,-3.97364310e-08,5.00000566e-02,1.86264537e-09,5.00000566e-02
5,21,1.00000000e+00,-3.97364310e-08,5.00000566e-02,1.86264537e-09,5.00000566e-02
6,21,1.00000000e+00,-3.97364310e-08,5.00000566e-02,1.86264537e-09,5.00000566e-02
7,21,1.00000000e+00,-3.97364310e-08,5.00000566e-02,1.86264537e-09,5.00000566e-02
8,21,1.00000000e+00,-3.97364310e-08,5.00000566e-02,1.86264537e-09,5.00000566e-02
9,21,1.00000000e+00,-3.97364310e-08,5.00000566e-02,1.86264537e-09,5.00000566e-02
10,21,1.00000000e+00,-3.97364310e-08,5.00000566e-02,1.86264537e-09,5.00000566e-02
11,21,1.00000000e+00,-3.97364310e-08,5.00000566e-02,1.86264537e-09,5.00000566e-02
12,21,1.00000000e+00,-3.97364310e-08,5.00000566e-02,1.86264537e-09,5.00000566e-02
13,21,1.00000000e+00,-3.97364310e-08,5.00000566e-02,1.86264537e-09,5.00000566e-02
14,21,1.00000000e+00,-3.97364310e-08,5.00000566e-02,1.86264537e-09,5.00000566e-02
15,21,1.00000000e+00,-3.97364310e-08,5.00000566e-02,1.86264537e-09,5.00000566e-02
16,21,9.99999978e-03,-3.97364310e-08,1.02132539e-14,3.80472991e-22,1.02132539e-14
17,21,9.99999978e-03,-3.97364310e-08,1.02132539e-14,3.80472991e-22,1.02132539e-14
18,21,9.99999978e-03,-3.97364310e-08,1.02132539e-14,3.80472991e-22,1.02132539e-14
19,21,9.99999978e-03,-3.97364310e-08,1.02132539e-14,3.80472991e-22,1.02132539e-14
20,21,9.99999978e-03,-3.97364310e-08,1.02132539e-14,3.80472991e-22,1.02132539e-14
21,21,9.99999978e-03,-3.97364310e-08,1.02132539e-14,3.80472991e-22,1.02132539e-14
22,21,9.99999978e-03,-3.97364310e-08,1.02132539e-14,3.80472991e-22,1.02132539e-14
23,21,9.99999978e-03,-3.97364310e-08,1.02132539e-14,3.80472991e-22,1.02132539e-14
24,21,9.99999978e-03,-3.97364310e-08,1.02132539e-14,3.80472991e-22,1.02132539e-14
25,21,9.99999978e-03,-3.97364310e-08,1.02132539e-14,3.80472991e-22,1.02132539e-14
26,21,9.99999978e-03,-3.97364310e-08,1.02132539e-14,3.80472991e-22,1.02132539e-14
27,21,9.99999978e-03,-3.97364310e-08,1.02132539e-14,3.80472991e-22,1.02132539e-14
28,21,9.99999978e-03,-3.97364310e-08,1.02132539e-14,3.80472991e-22,1.02132539e-14
29,21,9.99999978e-03,-3.97364310e-08,1.02132539e-14,3.80472991e-22,1.02132539e-14
30,21,9.99999978e-03,-3.97364310e-08,1.02132539e-14,3.80472991e-22,1.02132539e-14
31,21,9.99999978e-03,-3.97364310e-08,1.02132539e-14,3.80472991e-22,1.02132539e-14
0,22,1.00000000e+00,-3.97364310e-08,5.00000566e-02,1.86264537e-09,5.00000566e-02
1,22,1.00000000e+00,-3.97364310e-08,5.00000566e-02,1.86264537e-09,5.00000566e-02
2,22,1.00000000e+00,-3.97364310e-08,5.00000566e-02,1.86264537e-09,5.00000566e-02
3,22,1.00000000e+00,-3.97364310e-08,5.00000566e-02,1.86264537e-09,5.00000566e-02
4,22,1.00000000e+00,-3.97364310e-08,5.00000566e-02,1.86264537e-09,5.00000566e-02
5,22,1.00000000e+00,-3.97364310e-08,5.00000566e-02,1.86264537e-09,5.00000566e-02
6,22,1.00000000e+00,-3.97364310e-08,5.00000566e-02,1.86264537e-09,5.00000566e-02
7,22,1.00000000e+00,-3.97364310e-08,5.00000566e-02,1.86264537e-09,5.00000566e-02
8,22,1.00000000e+00,-3.97364310e-08,5.00000566e-02,1.86264537e-09,5.00000566e-02
9,22,1.00000000e+00,-3.97364310e-08,5.00000566e-02,1.86264537e-09,5.00000566e-02
10,22,1.00000000e+00,-3.97364310e-08,5.00000566e-02,1.86264537e-09,5.00000566e-02
11,22,1.00000000e+00,-3.97364310e-08,5.00000566e-02,1.86264537e-09,5.00000566e-02
12,22,1.00000000e+00,-3.97364310e-08,5.00000566e-02,1.86264537e-09,5.00000566e-02
13,22,1.00000000e+00,-3.97364310e-08,5.00000566e-02,1.86264537e-09,5.00000566e-02
14,22,1.00000000e+00,-3.97364310e-08,5.00000566e-02,1.86264537e-09,5.00000566e-02
15,22,1.00000000e+00,-3.97364310e-08,5.00000566e-02,1.86264537e-09,5.00000566e-02
16,22,9.99999978e-03,-3.97364310e-08,1.02132539e-14,3.80472991e-22,1.02132539e-14
17,22,9.99999978e-03,-3.97364310e-08,1.02132539e-14,3.80472991e-22,1.02132539e-14
18,22,9.99999978e-03,-3.97364310e-08,1.02132539e-14,3.80472991e-22,1.02132539e-14
19,22,9.99999978e-03,-3.97364310e-08,1.02132539e-14,3.80472991e-22,1.02132539e-14
20,22,9.99999978e-03,-3.97364310e-08,1.02132539e-14,3.80472991e-22,1.02132539e-14
21,22,9.99999978e-03,-3.97364310e-08,1.02132539e-14,3.80472991e-22,1.02132539e-14
22,22,9.99999978e-03,-3.97364310e-08,1.02132539e-14,3.80472991e-22,1.02132539e-14
23,22,9.99999978e-03,-3.97364310e-08,1.02132539e-14,3.80472991e-22,1.02132539e-14
24,22,9.99999978e-03,-3.97364310e-08,1.02132539e-14,3.80472991e-22,1.02132539e-14
25,22,9.99999978e-03,-3.97364310e-08,1.02132539e-14,3.80472991e-22,1.02132539e-14
26,22,9.99999978e-03,-3.97364310e-08,1.02132539e-14,3.80472991e-22,1.02132539e-14
27,22,9.99999978e-03,-3.97364310e-08,1.02132539e-14,3.80472991e-22,1.02132539e-14
28,22,9.99999978e-03,-3.97364310e-08,1.02132539e-14,3.80472991e-22,1.02132539e-14
29,22,9.99999978e-03,-3.97364310e-08,1.02132539e-14,3.80472991e-22,1.02132539e-14
30,22,9.99999978e-03,-3.97364310e-08,1.02132539e-14,3.80472991e-22,1.02132539e-14
31,22,9.99999978e-03,-3.97364310e-08,1.02132539e-14,3.80472991e-22,1.02132539e-14
0,23,1.00000000e+00,-3.97364310e-08,5.00000566e-02,1.86264537e-09,5.00000566e-02
1,23,1.00000000e+00,-3.97364310e-08,5.00000566e-02,1.86264537e-09,5.00000566e-02
2,23,1.00000000e+00,-3.97364310e-08,5.00000566e-02,1.86264537e-09,5.00000566e-02
3,23,1.00000000e+00,-3.97364310e-08,5.00000566e-02,1.86264537e-09,5.00000566e-02
4,23,1.00000000e+00,-3.97364310e-08,5.00000566e-02,1.86264537e-09,5.00000566e-02
5,23,1.00000000e+00,-3.97364310e-08,5.00000566e-02,1.86264537e-09,5.00000566e-02
6,23,1.00000000e+00,-3.97364310e-08,5.00000566e-02,1.86264537e-09,5.00000566e-02
7,23,1.00000000e+00,-3.97364310e-08,5.00000566e-02,1.86264537e-09,5.00000566e-02
8,23,1.00000000e+00,-3.97364310e-08,5.00000566e-02,1.86264537e-09,5.00000566e-02
9,23,1.00000000e+00,-3.97364310e-08,5.00000566e-02,1.86264537e-09,5.00000566e-02
10,23,1.00000000e+00,-3.97364310e-08,5.00000566e-02,1.86264537e-09,5.00000566e-02
11,23,1.00000000e+00,-3.97364310e-08,5.00000566e-02,1.86264537e-09,5.00000566e-02
12,23,1.00000000e+00,-3.97364310e-08,5.00000566e-02,1.86264537e-09,5.00000566e-02
13,23,1.00000000e+00,-3.97364310e-08,5.00000566e-02,1.86264537e-09,5.00000566e-02
14,23,1.00000000e+00,-3.97364310e-08,5.00000566e-02,1.86264537e-09,5.00000566e-02
15,23,1.00000000e+00,-3.97364310e-08,5.00000566e-02,1.86264537e-09,5.00000566e-02
16,23,9.99999978e-03,-3.97364310e-08,1.02132539e-14,3.80472991e-22,1.02132539e-14
17,23,9.99999978e-03,-3.97364310e-08,1.02132539e-14,3.80472991e-22,1.02132539e-14
18,23,9.99999978e-03,-3.97364310e-08,1.02132539e-14,3.80472991e-22,1.02132539e-14
19,23,9.99999978e-03,-3.97364310e-08,1.02132539e-14,3.80472991e-22,1.02132539e-14
20,23,9.99999978e-03,-3.97364310e-08,1.02132539e-14,3.80472991e-22,1.02132539e-14
21,23,9.99999978e-03,-3.97364310e-08,1.02132539e-14,3.80472991e-22,1.02132539e-14
22,23,9.99999978e-03,-3.97364310e-08,1.02132539e-14,3.80472991e-22,1.02132539e-14
23,23,9.99999978e-03,-3.97364310e-08,1.02132539e-14,3.80472991e-22,1.02132539e-14
24,23,9.99999978e-03,-3.97364310e-08,1.02132539e-14,3.80472991e-22,1.02132539e-14
25,23,9.99999978e-03,-3.97364310e-08,1.02132539e-14,3.80472991e-22,1.02132539e-14
26,23,9.99999978e-03,-3.97364310e-08,1.02132539e-14,3.80472991e-22,1.02132539e-14
27,23,9.99999978e-03,-3.97364310e-08,1.02132539e-14,3.80472991e-22,1.02132539e-14
28,23,9.99999978e-03,-3.97364310e-08,1.02132539e-14,3.80472991e-22,1.02132539e-14
29,23,9.99999978e-03,-3.97364310e-08,1.02132539e-14,3.80472991e-22,1.02132539e-14
30,23,9.99999978e-03,-3.97364310e-08,1.02132539e-14,3.80472991e-22,1.02132539e-14
31,23,9.99999978e-03,-3.97364310e-08,1.02132539e-14,3.80472991e-22,1.02132539e-14
0,24,1.00000000e+00,-3.97364310e-08,5.00000566e-02,1.86264537e-09,5.00000566e-02
1,24,1.00000000e+00,-3.97364310e-08,5.00000566e-02,1.86264537e-09,5.00000566e-02
2,24,1.00000000e+00,-3.97364310e-08,5.00000566e-02,1.86264537e-09,5.00000566e-02
3,24,1.00000000e+00,-3.97364310e-08,5.00000566e-02,1.86264537e-09,5.00000566e-02
4,24,1.00000000e+00,-3.97364310e-08,5.00000566e-02,1.86264537e-09,5.00000566e-02
5,24,1.00000000e+00,-3.97364310e-08,5.00000566e-02,1.86264537e-09,5.00000566e-02
6,24,1.00000000e+00,-3.97364310e-08,5.00000566e-02,1.86264537e-09,5.00000566e-02
7,24,1.00000000e+00,-3.97364310e-08,5.00000566e-02,1.86264537e-09,5.00000566e-02
8,24,1.00000000e+00,-3.97364310e-08,5.00000566e-02,1.86264537e-09,5.00000566e-02
9,24,1.00000000e+00,-3.97364310e-08,5.00000566e-02,1.86264537e-09,5.00000566e-02
10,24,1.00000000e+00,-3.97364310e-08,5.00000566e-02,1.86264537e-09,5.00000566e-02
11,24,1.00000000e+00,-3.97364310e-08,5.00000566e-02,1.86264537e-09,5.00000566e-02
12,24,1.00000000e+00,-3.97364310e-08,5.00000566e-02,1.86264537e-09,5.00000566e-02
13,24,1.00000000e+00,-3.97364310e-08,5.00000566e-02,1.86264537e-09,5.00000566e-02
14,24,1.00000000e+00,-3.97364310e-08,5.00000566e-02,1.86264537e-09,5.00000566e-02
15,24,1.00000000e+00,-3.97364310e-08,5.00000566e-02,1.86264537e-09,5.00000566e-02
16,24,9.99999978e-03,-3.97364310e-08,1.02132539e-14,3.80472991e-22,1.02132539e-14
17,24,9.99999978e-03,-3.97364310e-08,1.02132539e-14,3.80472991e-22,1.02132539e-14
18,24,9.99999978e-03,-3.97364310e-08,1.02132539e-14,3.80472991e-22,1.02132539e-14
19,24,9.99999978e-03,-3.97364310e-08,1.02132539e-14,3.80472991e-22,1.02132539e-14
20,24,9.99999978e-03,-3.97364310e-08,1.02132539e-14,3.80472991e-22,1.02132539e-14
21,24,9.99999978e-03,-3.97364310e-08,1.02132539e-14,3.80472991e-22,1.02132539e-14
22,24,9.99999978e-03,-3.97364310e-08,1.02132539e-14,3.80472991e-22,1.02132539e-14
23,24,9.99999978e-03,-3.97364310e-08,1.02132539e-14,3.80472991e-22,1.02132539e-14
24,24,9.99999978e-03,-3.97364310e-08,1.02132539e-14,3.80472991e-22,1.02132539e-14
25,24,9.99999978e-03,-3.97364310e-08,1.02132539e-14,3.80472991e-22,1.02132539e-14
26,24,9.99999978e-03,-3.97364310e-08,1.02132539e-14,3.80472991e-22,1.02132539e-14
27,24,9.99999978e-03,-3.97364310e-08,1.02132539e-14,3.80472991e-22,1.02132539e-14
28,24,9.99999978e-03,-3.97364310e-08,1.02132539e-14,3.80472991e-22,1.02132539e-14
29,24,9.99999978e-03,-3.97364310e-08,1.02132539e-14,3.80472991e-22,1.02132539e-14
30,24,9.99999978e-03,-3.97364310e-08,1.02132539e-14,3.80472991e-22,1.02132539e-14
31,24,9.99999978e-03,-3.97364310e-08,1.02132539e-14,3.80472991e-22,1.02132539e-14
0,25,1.00000000e+00,-3.97364310e-08,5.00000566e-02,1.86264537e-09,5.00000566e-02
1,25,1.00000000e+00,-3.97364310e-08,5.00000566e-02,1.86264537e-09,5.00000566e-02
2,25,1.00000000e+00,-3.97364310e-08,5.00000566e-02,1.86264537e-09,5.00000566e-02
3,25,1.00000000e+00,-3.97364310e-08,5.00000566e-02,1.86264537e-09,5.00000566e-02
4,25,1.00000000e+00,-3.97364310e-08,5.00000566e-02,1.86264537e-09,5.00000566e-02
5,25,1.00000000e+00,-3.97364310e-08,5.00000566e-02,1.86264537e-09,5.00000566e-02
6,25,1.00000000e+00,-3.97364310e-08,5.00000566e-02,1.86264537e-09,5.00000566e-02
7,25,1.00000000e+00,-3.97364310e-08,5.00000566e-02,1.86264537e-09,5.00000566e-02
8,25,1.00000000e+00,-3.97364310e-08,5.00000566e-02,1.86264537e-09,5.00000566e-02
9,25,1.00000000e+00,-3.97364310e-08,5.00000566e-02,1.86264537e-09,5.00000566e-02
10,25,1.00000000e+00,-3.97364310e-08,5.00000566e-02,1.86264537e-09,5.00000566e-02
11,25,1.00000000e+00,-3.97364310e-08,5.00000566e-02,1.86264537e-09,5.00000566e-02
12,25,1.00000000e+00,-3.97364310e-08,5.00000566e-02,1.86264537e-09,5.00000566e-02
13,25,1.00000000e+00,-3.97364310e-08,5.00000566e-02,1.86264537e-09,5.00000566e-02
14,25,1.00000000e+00,-3.97364310e-08,5.00000566e-02,1.86264537e-09,5.00000566e-02
15,25,1.00000000e+00,-3.97364310e-08,5.00000566e-02,1.86264537e-09,5.00000566e-02
16,25,9.99999978e-03,-3.97364310e-08,1.02132539e-14,3.80472991e-22,1.02132539e-14
17,25,9.99999978e-03,-3.97364310e-08,1.02132539e-14,3.80472991e-22,1.02132539e-14
18,25,9.99999978e-03,-3.97364310e-08,1.02132539e-14,3.80472991e-22,1.02132539e-14
19,25,9.99999978e-03,-3.97364310e-08,1.02132539e-14,3.80472991e-22,1.02132539e-14
20,25,9.99999978e-03,-3.97364310e-08,1.02132539e-14,3.80472991e-22,1.02132539e-14
21,25,9.99999978e-03,-3.97364310e-08,1.02132539e-14,3.80472991e-22,1.02132539e-14
22,25,9.99999978e-03,-3.97364310e-08,1.02132539e-14,3.80472991e-22,1.02132539e-14
23,25,9.99999978e-03,-3.97364310e-08,1.02132539e-14,3.80472991e-22,1.02132539e-14
24,25,9.99999978e-03,-3.97364310e-08,1.02132539e-14,3.80472991e-22,1.02132539e-14
25,25,9.99999978e-03,-3.97364310e-08,1.02132539e-14,3.80472991e-22,1.02132539e-14
26,25,9.99999978e-03,-3.97364310e-08,1.02132539e-14,3.80472991e-22,1.02132539e-14
27,25,9.99999978e-03,-3.97364310e-08,1.02132539e-14,3.80472991e-22,1.02132539e-14
28,25,9.99999978e-03,-3.97364310e-08,1.02132539e-14,3.80472991e-22,1.02132539e-14
29,25,9.99999978e-03,-3.97364310e-08,1.02132539e-14,3.80472991e-22,1.02132539e-14
30,25,9.99999978e-03,-3.97364310e-08,1.02132539e-14,3.80472991e-22,1.02132539e-14
31,25,9.99999978e-03,-3.97364310e-08,1.02132539e-14,3.80472991e-22,1.02132539e-14
0,26,1.00000000e+00,-3.97364310e-08,5.00000566e-02,1.86264537e-09,5.00000566e-02
1,26,1.00000000e+00,-3.97364310e-08,5.00000566e-02,1.86264537e-09,5.00000566e-02
2,26,1.00000000e+00,-3.97364310e-08,5.00000566e-02,1.86264537e-09,5.00000566e-02
3,26,1.00000000e+00,-3.97364310e-08,5.00000566e-02,1.86264537e-09,5.00000566e-02
4,26,1.00000000e+00,-3.97364310e-08,5.00000566e-02,1.86264537e-09,5.00000566e-02
5,26,1.00000000e+00,-3.97364310e-08,5.00000566e-02,1.86264537e-09,5.00000566e-02
6,26,1.00000000e+00,-3.97364310e-08,5.00000566e-02,1.86264537e-09,5.00000566e-02
7,26,1.00000000e+00,-3.97364310e-08,5.00000566e-02,1.86264537e-09,5.00000566e-02
8,26,1.00000000e+00,-3.97364310e-08,5.00000566e-02,1.86264537e-09,5.00000566e-02
9,26,1.00000000e+00,-3.97364310e-08,5.00000566e-02,1.86264537e-09,5.00000566e-02
10,26,1.00000000e+00,-3.97364310e-08,5.00000566e-02,1.86264537e-09,5.00000566e-02
11,26,1.00000000e+00,-3.97364310e-08,5.00000566e-02,1.86264537e-09,5.00000566e-02
12,26,1.00000000e+00,-3.97364310e-08,5.00000566e-02,1.86264537e-09,5.00000566e-02
13,26,1.00000000e+00,-3.97364310e-08,5.00000566e-02,1.86264537e-09,5.00000566e-02
14,26,1.00000000e+00,-3.97364310e-08,5.00000566e-02,1.86264537e-09,5.00000566e-02
15,26,1.00000000e+00,-3.97364310e-08,5.00000566e-02,1.86264537e-09,5.00000566e-02
16,26,9.99999978e-03,-3.97364310e-08,1.02132539e-14,3.80472991e-22,1.02132539e-14
17,26,9.99999978e-03,-3.97364310e-08,1.02132539e-14,3.80472991e-22,1.02132539e-14
18,26,9.99999978e-03,-3.97364310e-08,1.02132539e-14,3.80472991e-22,1.02132539e-14
19,26,9.99999978e-03,-3.97364310e-08,1.02132539e-14,3.80472991e-22,1.02132539e-14
20,26,9.99999978e-03,-3.97364310e-08,1.02132539e-14,3.80472991e-22,1.02132539e-14
21,26,9.99999978e-03,-3.97364310e-08,1.02132539e-14,3.80472991e-22,1.02132539e-14
22,26,9.99999978e-03,-3.97364310e-08,1.02132539e-14,3.80472991e-22,1.02132539e-14
23,26,9.99999978e-03,-3.97364310e-08,1.02132539e-14,3.80472991e-22,1.02132539e-14
24,26,9.99999978e-03,-3.97364310e-08,1.02132539e-14,3.80472991e-22,1.02132539e-14
25,26,9.99999978e-03,-3.97364310e-08,1.02132539e-14,3.80472991e-22,1.02132539e-14
26,26,9.99999978e-03,-3.97364310e-08,1.02132539e-14,3.80472991e-22,1.02132539e-14
27,26,9.99999978e-03,-3.97364310e-08,1.02132539e-14,3.80472991e-22,1.02132539e-14
28,26,9.99999978e-03,-3.97364310e-08,1.02132539e-14,3.80472991e-22,1.02132539e-14
29,26,9.99999978e-03,-3.97364310e-08,1.02132539e-14,3.80472991e-22,1.02132539e-14
30,26,9.99999978e-03,-3.97364310e-08,1.02132539e-14,3.80472991e-22,1.02132539e-14
31,26,9.99999978e-03,-3.97364310e-08,1.02132539e-14,3.80472991e-22,1.02132539e-14
0,27,1.00000000e+00,-3.97364310e-08,5.00000566e-02,1.86264537e-09,5.00000566e-02
1,27,1.00000000e+00,-3.97364310e-08,5.00000566e-02,1.86264537e-09,5.00000566e-02
2,27,1.00000000e+00,-3.97364310e-08,5.00000566e-02,1.86264537e-09,5.00000566e-02
3,27,1.00000000e+00,-3.97364310e-08,5.00000566e-02,1.86264537e-09,5.00000566e-02
4,27,1.00000000e+00,-3.97364310e-08,5.00000566e-02,1.86264537e-09,5.00000566e-02
5,27,1.00000000e+00,-3.97364310e-08,5.00000566e-02,1.86264537e-09,5.00000566e-02
6,27,1.00000000e+00,-3.97364310e-08,5.00000566e-02,1.86264537e-09,5.00000566e-02
7,27,1.00000000e+00,-3.97364310e-08,5.00000566e-02,1.86264537e-09,5.00000566e-02
8,27,1.00000000e+00,-3.97364310e-08,5.00000566e-02,1.86264537e-09,5.00000566e-02
9,27,1.00000000e+00,-3.97364310e-08,5.00000566e-02,1.86264537e-09,5.00000566e-02
10,27,1.00000000e+00,-3.97364310e-08,5.00000566e-02,1.86264537e-09,5.00000566e-02
11,27,1.00000000e+00,-3.97364310e-08,5.00000566e-02,1.86264537e-09,5.00000566e-02
12,27,1.00000000e+00,-3.97364310e-08,5.00000566e-02,1.86264537e-09,5.00000566e-02
13,27,1.00000000e+00,-3.97364310e-08,5.00000566e-02,1.86264537e-09,5.00000566e-02
14,27,1.00000000e+00,-3.97364310e-08,5.00000566e-02,1.86264537e-09,5.00000566e-02
15,27,1.00000000e+00,-3.97364310e-08,5.00000566e-02,1.86264537e-09,5.00000566e-02
16,27,9.99999978e-03,-3.97364310e-08,1.02132539e-14,3.80472991e-22,1.02132539e-14
17,27,9.99999978e-03,-3.97364310e-08,1.02132539e-14,3.80472991e-22,1.02132539e-14
18,27,9.99999978e-03,-3.97364310e-08,1.02132539e-14,3.80472991e-22,1.02132539e-14
19,27,9.99999978e-03,-3.97364310e-08,1.02132539e-14,3.80472991e-22,1.02132539e-14
20,27,9.99999978e-03,-3.97364310e-08,1.02132539e-14,3.80472991e-22,1.02132539e-14
21,27,9.99999978e-03,-3.97364310e-08,1.02132539e-14,3.80472991e-22,1.02132539e-14
22,27,9.99999978e-03,-3.97364310e-08,1.02132539e-14,3.80472991e-22,1.02132539e-14
23,27,9.99999978e-03,-3.97364310e-08,1.02132539e-14,3.80472991e-22,1.02132539e-14
24,27,9.99999978e-03,-3.97364310e-08,1.02132539e-14,3.80472991e-22,1.02132539e-14
25,27,9.99999978e-03,-3.97364310e-08,1.02132539e-14,3.80472991e-22,1.02132539e-14
26,27,9.99999978e-03,-3.97364310e-08,1.02132539e-14,3.80472991e-22,1.02132539e-14
27,27,9.99999978e-03,-3.97364310e-08,1.02132539e-14,3.80472991e-22,1.02132539e-14
28,27,9.99999978e-03,-3.97364310e-08,1.02132539e-14,3.80472991e-22,1.02132539e-14
29,27,9.99999978e-03,-3.97364310e-08,1.02132539e-14,3.80472991e-22,1.02132539e-14
30,27,9.99999978e-03,-3.97364310e-08,1.02132539e-14,3.80472991e-22,1.02132539e-14
31,27,9.99999978e-03,-3.97364310e-08,1.02132539e-14,3.80472991e-22,1.02132539e-14
0,28,1.00000000e+00,-3.97364310e-08,5.00000566e-02,3.72529074e-09,5.00000566e-02
1,28,1.00000000e+00,-3.97364310e-08,5.00000566e-02,3.72529074e-09,5.00000566e-02
2,28,1.00000000e+00,-3.97364310e-08,5.00000566e-02,3.72529074e-09,5.00000566e-02
3,28,1.00000000e+00,-3.97364310e-08,5.00000566e-02,3.72529074e-09,5.00000566e-02
4,28,1.00000000e+00,-3.97364310e-08,5.00000566e-02,3.72529074e-09,5.00000566e-02
5,28,1.00000000e+00,-3.97364310e-08,5.00000566e-02,3.72529074e-09,5.00000566e-02
6,28,1.00000000e+00,-3.97364310e-08,5.00000566e-02,3.72529074e-09,5.00000566e-02
7,28,1.00000000e+00,-3.97364310e-08,5.00000566e-02,3.72529074e-09,5.00000566e-02
8,28,1.00000000e+00,-3.97364310e-08,5.00000566e-02,3.72529074e-09,5.00000566e-02
9,28,1.00000000e+00,-3.97364310e-08,5.00000566e-02,3.72529074e-09,5.00000566e-02
10,28,1.00000000e+00,-3.97364310e-08,5.00000566e-02,3.72529074e-09,5.00000566e-02
11,28,1.00000000e+00,-3.97364310e-08,5.00000566e-02,3.72529074e-09,5.00000566e-02
12,28,1.00000000e+00,-3.97364310e-08,5.00000566e-02,3.72529074e-09,5.00000566e-02
13,28,1.00000000e+00,-3.97364310e-08,5.00000566e-02,3.72529074e-09,5.00000566e-02
14,28,1.00000000e+00,-3.97364310e-08,5.00000566e-02,3.72529074e-09,5.00000566e-02
15,28,1.00000000e+00,-3.97364310e-08,5.00000566e-02,3.72529074e-09,5.00000566e-02
16,28,9.99999978e-03,-3.97364310e-08,1.02132539e-14,7.60945983e-22,1.02132539e-14
17,28,9.99999978e-03,-3.97364310e-08,1.02132539e-14,7.60945983e-22,1.02132539e-14
18,28,9.99999978e-03,-3.97364310e-08,1.02132539e-14,7.60945983e-22,1.02132539e-14
19,28,9.99999978e-03,-3.97364310e-08,1.02132539e-14,7.60945983e-22,1.02132539e-14
20,28,9.99999978e-03,-3.97364310e-08,1.02132539e-14,7.60945983e-22,1.02132539e-14
21,28,9.99999978e-03,-3.97364310e-08,1.02132539e-14,7.60945983e-22,1.02132539e-14
22,28,9.99999978e-03,-3.97364310e-08,1.02132539e-14,7.60945983e-22,1.02132539e-14
23,28,9.99999978e-03,-3.97364310e-08,1.02132539e-14,7.60945983e-22,1.02132539e-14
24,28,9.99999978e-03,-3.97364310e-08,1.02132539e-14,7.60945983e-22,1.02132539e-14
25,28,9.99999978e-03,-3.97364310e-08,1.02132539e-14,7.60945983e-22,1.02132539e-14
26,28,9.99999978e-03,-3.97364310e-08,1.02132539e-14,7.60945983e-22,1.02132539e-14
27,28,9.99999978e-03,-3.97364310e-08,1.02132539e-14,7.60945983e-22,1.02132539e-14
28,28,9.99999978e-03,-3.97364310e-08,1.02132539e-14,7.60945983e-22,1.02132539e-14
29,28,9.99999978e-03,-3.97364310e-08,1.02132539e-14,7.60945983e-22,1.02132539e-14
30,28,9.99999978e-03,-3.97364310e-08,1.02132539e-14,7.60945983e-22,1.02132539e-14
31,28,9.99999978e-03,-3.97364310e-08,1.02132539e-14,7.60945983e-22,1.02132539e-14
0,29,1.00000000e+00,-3.97364310e-08,5.00000603e-02,1.86264537e-09,5.00000603e-02
1,29,1.00000000e+00,-3.97364310e-08,5.00000603e-02,1.86264537e-09,5.00000603e-02
2,29,1.00000000e+00,-3.97364310e-08,5.00000603e-02,1.86264537e-09,5.00000603e-02
3,29,1.00000000e+00,-3.97364310e-08,5.00000603e-02,1.86264537e-09,5.00000603e-02
4,29,1.00000000e+00,-3.97364310e-08,5.00000603e-02,1.86264537e-09,5.00000603e-02
5,29,1.00000000e+00,-3.97364310e-08,5.00000603e-02,1.86264537e-09,5.00000603e-02
6,29,1.00000000e+00,-3.97364310e-08,5.00000603e-02,1.86264537e-09,5.00000603e-02
7,29,1.00000000e+00,-3.97364310e-08,5.00000603e-02,1.86264537e-09,5.00000603e-02
8,29,1.00000000e+00,-3.97364310e-08,5.00000603e-02,1.86264537e-09,5.00000603e-02
9,29,1.00000000e+00,-3.97364310e-08,5.00000603e-02,1.86264537e-09,5.00000603e-02
10,29,1.00000000e+00,-3.97364310e-08,5.00000603e-02,1.86264537e-09,5.00000603e-02
11,29,1.00000000e+00,-3.97364310e-08,5.00000603e-02,1.86264537e-09,5.00000603e-02
12,29,1.00000000e+00,-3.97364310e-08,5.00000603e-02,1.86264537e-09,5.00000603e-02
13,29,1.00000000e+00,-3.97364310e-08,5.00000603e-02,1.86264537e-09,5.00000603e-02
14,29,1.00000000e+00,-3.97364310e-08,5.00000603e-02,1.86264537e-09,5.00000603e-02
15,29,1.00000000e+00,-3.97364310e-08,5.00000603e-02,1.86264537e-09,5.00000603e-02
16,29,9.99999978e-03,-3.97364310e-08,1.02132548e-14,3.80472991e-22,1.02132548e-14
17,29,9.99999978e-03,-3.97364310e-08,1.02132548e-14,3.80472991e-22,1.02132548e-14
18,29,9.99999978e-03,-3.97364310e-08,1.02132548e-14,3.80472991e-22,1.02132548e-14
19,29,9.99999978e-03,-3.97364310e-08,1.02132548e-14,3.80472991e-22,1.02132548e-14
20,29,9.99999978e-03,-3.97364310e-08,1.02132548e-14,3.80472991e-22,1.02132548e-14
21,29,9.99999978e-03,-3.97364310e-08,1.02132548e-14,3.80472991e-22,1.02132548e-14
22,29,9.99999978e-03,-3.97364310e-08,1.02132548e-14,3.80472991e-22,1.02132548e-14
23,29,9.99999978e-03,-3.97364310e-08,1.02132548e-14,3.80472991e-22,1.02132548e-14
24,29,9.99999978e-03,-3.97364310e-08,1.02132548e-14,3.80472991e-22,1.02132548e-14
25,29,9.99999978e-03,-3.97364310e-08,1.02132548e-14,3.80472991e-22,1.02132548e-14
26,29,9.99999978e-03,-3.97364310e-08,1.02132548e-14,3.80472991e-22,1.02132548e-14
27,29,9.99999978e-03,-3.97364310e-08,1.02132548e-14,3.80472991e-22,1.02132548e-14
28,29,9.99999978e-03,-3.97364310e-08,1.02132548e-14,3.80472991e-22,1.02132548e-14
29,29,9.99999978e-03,-3.97364310e-08,1.02132548e-14,3.80472991e-22,1.02132548e-14
30,29,9.99999978e-03,-3.97364310e-08,1.02132548e-14,3.80472991e-22,1.02132548e-14
31,29,9.99999978e-03,-3.97364310e-08,1.02132548e-14,3.80472991e-22,1.02132548e-14
0,30,1.00000000e+00,-3.97364310e-08,5.00000566e-02,-1.11758727e-08,5.00000566e-02
1,30,1.00000000e+00,-3.97364310e-08,5.00000566e-02,-1.11758727e-08,5.00000566e-02
2,30,1.00000000e+00,-3.97364310e-08,5.00000566e-02,-1.11758727e-08,5.00000566e-02
3,30,1.00000000e+00,-3.97364310e-08,5.00000566e-02,-1.11758727e-08,5.00000566e-02
4,30,1.00000000e+00,-3.97364310e-08,5.00000566e-02,-1.11758727e-08,5.00000566e-02
5,30,1.00000000e+00,-3.97364310e-08,5.00000566e-02,-1.11758727e-08,5.00000566e-02
6,30,1.00000000e+00,-3.97364310e-08,5.00000566e-02,-1.11758727e-08,5.00000566e-02
7,30,1.00000000e+00,-3.97364310e-08,5.00000566e-02,-1.11758727e-08,5.00000566e-02
8,30,1.00000000e+00,-3.97364310e-08,5.00000566e-02,-1.11758727e-08,5.00000566e-02
9,30,1.00000000e+00,-3.97364310e-08,5.00000566e-02,-1.11758727e-08,5.00000566e-02
10,30,1.00000000e+00,-3.97364310e-08,5.00000566e-02,-1.11758727e-08,5.00000566e-02
11,30,1.00000000e+00,-3.97364310e-08,5.00000566e-02,-1.11758727e-08,5.00000566e-02
12,30,1.00000000e+00,-3.97364310e-08,5.00000566e-02,-1.11758727e-08,5.00000566e-02
13,30,1.00000000e+00,-3.97364310e-08,5.00000566e-02,-1.11758727e-08,5.00000566e-02
14,30,1.00000000e+00,-3.97364310e-08,5.00000566e-02,-1.11758727e-08,5.00000566e-02
15,30,1.00000000e+00,-3.97364310e-08,5.00000566e-02,-1.11758727e-08,5.00000566e-02
16,30,9.99999978e-03,-3.97364310e-08,1.02132539e-14,-2.28283795e-21,1.02132539e-14
17,30,9.99999978e-03,-3.97364310e-08,1.02132539e-14,-2.28283795e-21,1.02132539e-14
18,30,9.99999978e-03,-3.97364310e-08,1.02132539e-14,-2.28283795e-21,1.02132539e-14
19,30,9.99999978e-03,-3.97364310e-08,1.02132539e-14,-2.28283795e-21,1.02132539e-14
20,30,9.99999978e-03,-3.97364310e-08,1.02132539e-14,-2.28283795e-21,1.02132539e-14
21,30,9.99999978e-03,-3.97364310e-08,1.02132539e-14,-2.28283795e-21,1.02132539e-14
22,30,9.99999978e-03,-3.97364310e-08,1.02132539e-14,-2.28283795e-21,1.02132539e-14
23,30,9.99999978e-03,-3.97364310e-08,1.02132539e-14,-2.28283795e-21,1.02132539e-14
24,30,9.99999978e-03,-3.97364310e-08,1.02132539e-14,-2.28283795e-21,1.02132539e-14
25,30,9.99999978e-03,-3.97364310e-08,1.02132539e-14,-2.28283795e-21,1.02132539e-14
26,30,9.99999978e-03,-3.97364310e-08,1.02132539e-14,-2.28283795e-21,1.02132539e-14
27,30,9.99999978e-03,-3.97364310e-08,1.02132539e-14,-2.28283795e-21,1.02132539e-14
28,30,9.99999978e-03,-3.97364310e-08,1.02132539e-14,-2.28283795e-21,1.02132539e-14
29,30,9.99999978e-03,-3.97364310e-08,1.02132539e-14,-2.28283795e-21,1.02132539e-14
30,30,9.99999978e-03,-3.97364310e-08,1.02132539e-14,-2.28283795e-21,1.02132539e-14
31,30,9.99999978e-03,-3.97364310e-08,1.02132539e-14,-2.28283795e-21,1.02132539e-14
0,31,1.00000000e+00,-3.97364310e-08,0.00000000e+00,0.00000000e+00,0.00000000e+00
1,31,1.00000000e+00,-3.97364310e-08,0.00000000e+00,0.00000000e+00,0.00000000e+00
2,31,1.00000000e+00,-3.97364310e-08,0.00000000e+00,0.00000000e+00,0.00000000e+00
3,31,1.00000000e+00,-3.97364310e-08,0.00000000e+00,0.00000000e+00,0.00000000e+00
4,31,1.00000000e+00,-3.97364310e-08,0.00000000e+00,0.00000000e+00,0.00000000e+00
5,31,1.00000000e+00,-3.97364310e-08,0.00000000e+00,0.00000000e+00,0.00000000e+00
6,31,1.00000000e+00,-3.97364310e-08,0.00000000e+00,0.00000000e+00,0.00000000e+00
7,31,1.00000000e+00,-3.97364310e-08,0.00000000e+00,0.00000000e+00,0.00000000e+00
8,31,1.00000000e+00,-3.97364310e-08,0.00000000e+00,0.00000000e+00,0.00000000e+00
9,31,1.00000000e+00,-3.97364310e-08,0.00000000e+00,0.00000000e+00,0.00000000e+00
10,31,1.00000000e+00,-3.97364310e-08,0.00000000e+00,0.00000000e+00,0.00000000e+00
11,31,1.00000000e+00,-3.97364310e-08,0.00000000e+00,0.00000000e+00,0.00000000e+00
12,31,1.00000000e+00,-3.97364310e-08,0.00000000e+00,0.00000000e+00,0.00000000e+00
13,31,1.00000000e+00,-3.97364310e-08,0.00000000e+00,0.00000000e+00,0.00000000e+00
14,31,1.00000000e+00,-3.97364310e-08,0.00000000e+00,0.00000000e+00,0.00000000e+00
15,31,1.00000000e+00,-3.97364310e-08,0.00000000e+00,0.00000000e+00,0.00000000e+00
16,31,9.99999978e-03,-3.97364310e-08,0.00000000e+00,0.00000000e+00,0.00000000e+00
17,31,9.99999978e-03,-3.97364310e-08,0.00000000e+00,0.00000000e+00,0.00000000e+00
18,31,9.99999978e-03,-3.97364310e-08,0.00000000e+00,0.00000000e+00,0.00000000e+00
19,31,9.99999978e-03,-3.97364310e-08,0.00000000e+00,0.00000000e+00,0.00000000e+00
20,31,9.99999978e-03,-3.97364310e-08,0.00000000e+00,0.00000000e+00,0.00000000e+00
21,31,9.99999978e-03,-3.97364310e-08,0.00000000e+00,0.00000000e+00,0.00000000e+00
22,31,9.99999978e-03,-3.97364310e-08,0.00000000e+00,0.00000000e+00,0.00000000e+00
23,31,9.99999978e-03,-3.97364310e-08,0.00000000e+00,0.00000000e+00,0.00000000e+00
24,31,9.99999978e-03,-3.97364310e-08,0.00000000e+00,0.00000000e+00,0.00000000e+00
25,31,9.99999978e-03,-3.97364310e-08,0.00000000e+00,0.00000000e+00,0.00000000e+00
26,31,9.99999978e-03,-3.97364310e-08,0.00000000e+00,0.00000000e+00,0.00000000e+00
27,31,9.99999978e-03,-3.97364310e-08,0.00000000e+00,0.00000000e+00,0.00000000e+00
28,31,9.99999978e-03,-3.97364310e-08,0.00000000e+00,0.00000000e+00,0.00000000e+00
29,31,9.99999978e-03,-3.97364310e-08,0.00000000e+00,0.00000000e+00,0.00000000e+00
30,31,9.99999978e-03,-3.97364310e-08,0.00000000e+00,0.00000000e+00,0.00000000e+00
31,31,9.99999978e-03,-3.97364310e-08,0.00000000e+00,0.00000000e+00,0.00000000e+00
