0.00,2.00,4.00,6.00,8.00,10.00,12.00,14.00,16.00,18.00,20.00,22.00,24.00,26.00,28.00,30.00,32.00,34.00,36.00,38.00,40.00,42.00,44.00,46.00,48.00,50.00,52.00,54.00,56.00,58.00,60.00,62.00,64.00,66.00,68.00,70.00,72.00,74.00,76.00,78.00,80.00,82.00,84.00,86.00,88.00,90.00,92.00,94.00,96.00,98.00,100.00,102.00,104.00,106.00,108.00,110.00,112.00,114.00,116.00,118.00,120.00,122.00,124.00,126.00,128.00,130.00,132.00,134.00,136.00,138.00,140.00,142.00,144.00,146.00,148.00,150.00,152.00,154.00,156.00,158.00,160.00,162.00,164.00,166.00,168.00,170.00,172.00,174.00,176.00,178.00,180.00,182.00,184.00,186.00,188.00,190.00,192.00,194.00,196.00,198.00
0.000280,0.000272,0.000247,0.000210,0.000168,0.000126,0.000131,0.000266,0.000518,0.000956,0.001662,0.002690,0.004012,0.005457,0.006706,0.007394,0.007292,0.006434,0.005102,0.003662,0.002403,0.003120,0.003960,0.004683,0.005146,0.005249,0.004967,0.004364,0.009989,0.024369,0.057331,0.126645,0.251802,0.429883,0.617228,0.764187,0.857001,0.908490,0.934543,0.945349,0.945417,0.934774,0.908978,0.857926,0.765780,0.619546,0.432470,0.253897,0.127923,0.057973,0.024658,0.042657,0.087548,0.165232,0.279092,0.414762,0.544584,0.646360,0.713147,0.747656,0.753848,0.732626,0.681142,0.595285,0.476428,0.339878,0.213122,0.118423,0.059746,0.038551,0.058119,0.076513,0.086843,0.084504,0.070578,0.051009,0.032392,0.018447,0.009627,0.004696,0.002174,0.000968,0.000417,0.000176,0.000108,0.000098,0.000084,0.000088,0.000119,0.000148,0.000170,0.000179,0.000174,0.000154,0.000126,0.000096,0.000067,0.000044,0.000028,0.000016
0.000747,0.000725,0.000654,0.000551,0.000433,0.000320,0.000222,0.000427,0.000853,0.001623,0.002903,0.004834,0.007395,0.010271,0.012807,0.014223,0.014012,0.012252,0.009558,0.006711,0.005806,0.008046,0.010381,0.012422,0.013744,0.014038,0.013232,0.011520,0.009372,0.022772,0.053405,0.117890,0.235389,0.406124,0.591549,0.742220,0.840357,0.896080,0.924730,0.936725,0.936800,0.924985,0.896614,0.841350,0.743883,0.593888,0.408640,0.237371,0.119081,0.054002,0.032720,0.072768,0.150154,0.276869,0.441360,0.604858,0.732283,0.815200,0.862429,0.884749,0.888609,0.875199,0.840472,0.775315,0.668638,0.518770,0.349216,0.201812,0.102453,0.064232,0.099061,0.132189,0.150848,0.146621,0.121478,0.086336,0.053431,0.029462,0.014848,0.006997,0.003138,0.001357,0.000571,0.000298,0.000216,0.000147,0.000124,0.000184,0.000252,0.000318,0.000369,0.000390,0.000377,0.000333,0.000269,0.000200,0.000138,0.000089,0.000053,0.000031
0.001992,0.001926,0.001726,0.001435,0.001110,0.000803,0.000545,0.000638,0.001310,0.002559,0.004707,0.008051,0.012621,0.017883,0.022613,0.025284,0.024885,0.021572,0.016567,0.011388,0.014426,0.020425,0.026800,0.032444,0.036129,0.036951,0.034698,0.029943,0.023798,0.019600,0.045630,0.100461,0.202027,0.355778,0.534005,0.690191,0.799141,0.864355,0.899121,0.913990,0.914084,0.899435,0.864995,0.800279,0.691984,0.536343,0.358111,0.203766,0.101478,0.046136,0.050847,0.114381,0.233020,0.409014,0.601727,0.756991,0.856033,0.910981,0.938945,0.951274,0.953345,0.946071,0.926254,0.885470,0.808826,0.679433,0.498610,0.307693,0.160735,0.094071,0.147153,0.197568,0.225767,0.219396,0.181305,0.127737,0.077705,0.041825,0.020511,0.009406,0.004114,0.001739,0.000964,0.000738,0.000524,0.000347,0.000242,0.000366,0.000512,0.000657,0.000768,0.000817,0.000787,0.000688,0.000548,0.000400,0.000270,0.000169,0.000099,0.000055
0.005281,0.005094,0.004524,0.003709,0.002816,0.001990,0.001316,0.000884,0.001855,0.003712,0.006998,0.012256,0.019635,0.028316,0.036245,0.040766,0.040088,0.034492,0.026130,0.022424,0.034920,0.050401,0.067016,0.081777,0.091415,0.093563,0.087674,0.075232,0.059176,0.042783,0.035830,0.078381,0.158531,0.285946,0.446752,0.603535,0.724853,0.803788,0.848391,0.868127,0.868252,0.848803,0.804590,0.726185,0.605442,0.448977,0.287951,0.159926,0.079173,0.036222,0.072960,0.164243,0.325074,0.535160,0.726699,0.854059,0.923205,0.957188,0.973039,0.979641,0.980723,0.976888,0.965983,0.941838,0.891447,0.793332,0.629017,0.418455,0.228804,0.118963,0.187251,0.251558,0.287138,0.279127,0.230900,0.162312,0.097894,0.051942,0.025038,0.011284,0.004856,0.002942,0.002403,0.001801,0.001246,0.000802,0.000483,0.000692,0.000988,0.001290,0.001526,0.001629,0.001566,0.001357,0.001064,0.000761,0.000501,0.000306,0.000175,0.000095
0.013870,0.013342,0.011740,0.009475,0.007045,0.004853,0.003119,0.001882,0.002405,0.004904,0.009427,0.016827,0.027423,0.040096,0.051804,0.058520,0.057511,0.049206,0.036887,0.050962,0.080805,0.117695,0.156685,0.190543,0.212186,0.216957,0.203831,0.175633,0.138390,0.099586,0.065618,0.056101,0.113458,0.208639,0.339462,0.483190,0.609618,0.701572,0.757935,0.784110,0.784279,0.758474,0.702556,0.611098,0.485061,0.341377,0.210188,0.114470,0.056662,0.039344,0.096132,0.214792,0.409880,0.634055,0.808248,0.908115,0.956351,0.978013,0.987425,0.991150,0.991746,0.989614,0.983306,0.968438,0.934796,0.862146,0.722966,0.513857,0.295459,0.140843,0.202805,0.272306,0.310563,0.301964,0.250026,0.175755,0.105753,0.055854,0.026768,0.011993,0.008274,0.007330,0.005882,0.004302,0.002890,0.001800,0.001048,0.001230,0.001796,0.002385,0.002854,0.003061,0.002934,0.002517,0.001943,0.001361,0.000874,0.000520,0.000290,0.000153
0.035752,0.034292,0.029892,0.023747,0.017275,0.011584,0.007217,0.004213,0.002834,0.005852,0.011393,0.020595,0.033941,0.050065,0.065061,0.073691,0.072394,0.061727,0.062780,0.108982,0.172794,0.247984,0.322167,0.382006,0.418054,0.425775,0.404339,0.356178,0.288060,0.211649,0.140596,0.084815,0.074212,0.137595,0.230684,0.344477,0.458420,0.552348,0.615898,0.647282,0.647490,0.616531,0.553413,0.459850,0.346058,0.232112,0.138652,0.074872,0.037373,0.047271,0.115996,0.256478,0.473544,0.698703,0.854658,0.935645,0.971841,0.987083,0.993344,0.995716,0.996087,0.994747,0.990643,0.980457,0.955971,0.899233,0.780471,0.581302,0.348506,0.169556,0.186786,0.250936,0.286434,0.278441,0.230328,0.161911,0.097660,0.051825,0.024986,0.020764,0.020343,0.017825,0.014027,0.009988,0.006497,0.003903,0.002190,0.002035,0.003034,0.004097,0.004960,0.005343,0.005107,0.004339,0.003297,0.002263,0.001420,0.000825,0.000448,0.000231
0.088495,0.084714,0.073335,0.057510,0.041021,0.026796,0.016177,0.009121,0.004852,0.006270,0.012271,0.022292,0.036902,0.054620,0.071136,0.080652,0.079221,0.067462,0.123191,0.212039,0.325363,0.443650,0.544971,0.616652,0.655918,0.663969,0.641309,0.586746,0.500188,0.388531,0.269652,0.166181,0.091962,0.082432,0.139941,0.215561,0.299430,0.376722,0.434349,0.464708,0.464914,0.434948,0.377649,0.300546,0.216663,0.140849,0.083069,0.045076,0.022883,0.052137,0.128118,0.281119,0.508647,0.731183,0.876057,0.947516,0.978166,0.990609,0.995548,0.997370,0.997652,0.996630,0.993437,0.985253,0.964868,0.915784,0.808190,0.616977,0.379023,0.186899,0.146429,0.196587,0.224648,0.218307,0.180406,0.127114,0.077341,0.041641,0.044566,0.049223,0.048144,0.041727,0.032192,0.022291,0.014014,0.008106,0.004371,0.003090,0.004697,0.006444,0.007883,0.008528,0.008131,0.006845,0.005127,0.003455,0.002123,0.001206,0.000641,0.000323
0.201221,0.192771,0.167059,0.130694,0.092304,0.059143,0.034727,0.018930,0.009708,0.006019,0.011744,0.021272,0.035120,0.051877,0.067476,0.076457,0.075107,0.116756,0.219151,0.361599,0.517389,0.651748,0.747147,0.805150,0.833914,0.839563,0.823451,0.781841,0.707032,0.592462,0.444339,0.290315,0.164991,0.083585,0.076774,0.119393,0.169514,0.219220,0.259002,0.281053,0.281205,0.259430,0.219841,0.170205,0.120030,0.077275,0.045781,0.025248,0.020332,0.052726,0.129580,0.284050,0.512702,0.734798,0.878362,0.948762,0.978815,0.990964,0.995766,0.997531,0.997805,0.996815,0.993715,0.985741,0.965793,0.917544,0.811226,0.621030,0.382610,0.188981,0.098350,0.131220,0.149735,0.145540,0.120592,0.085724,0.054967,0.078121,0.098437,0.109326,0.106801,0.091811,0.069675,0.047040,0.028611,0.015929,0.008251,0.004257,0.006575,0.009138,0.011279,0.012245,0.011649,0.009733,0.007202,0.004779,0.002886,0.001610,0.000841,0.000416
0.392223,0.377919,0.332921,0.265534,0.189903,0.121519,0.070190,0.037207,0.018438,0.008678,0.010004,0.017928,0.029318,0.042986,0.055640,0.062907,0.092748,0.191141,0.345419,0.529717,0.693776,0.808177,0.876093,0.912358,0.928949,0.932097,0.923021,0.898235,0.848809,0.760536,0.621376,0.441856,0.266046,0.137568,0.063741,0.060011,0.085334,0.111261,0.132757,0.156760,0.165592,0.153747,0.125483,0.090251,0.060328,0.039137,0.023577,0.013312,0.018926,0.048884,0.120023,0.264732,0.485506,0.710013,0.862251,0.939918,0.974145,0.988382,0.994164,0.996335,0.996673,0.995450,0.991677,0.982213,0.959192,0.905148,0.790212,0.593579,0.358798,0.175333,0.074327,0.075799,0.086022,0.083707,0.069924,0.066508,0.107939,0.155311,0.196436,0.218194,0.213169,0.183090,0.138066,0.091707,0.054294,0.029193,0.014551,0.006846,0.008217,0.011525,0.014313,0.015577,0.014797,0.012298,0.009023,0.005923,0.003534,0.001947,0.001004,0.000491
0.618729,0.602252,0.547494,0.456714,0.341467,0.224913,0.130636,0.068206,0.032867,0.014964,0.007630,0.013436,0.021631,0.031318,0.040197,0.061832,0.139746,0.281677,0.479361,0.675573,0.817281,0.899402,0.941721,0.962165,0.970940,0.972560,0.967851,0.954398,0.925320,0.866829,0.758327,0.587216,0.381586,0.205789,0.096013,0.040992,0.046442,0.070813,0.096197,0.115438,0.121917,0.113231,0.092584,0.066934,0.043189,0.025231,0.013572,0.008484,0.016244,0.041589,0.101769,0.226783,0.428759,0.654034,0.823146,0.917212,0.961586,0.981137,0.989496,0.992765,0.993284,0.991421,0.985853,0.972537,0.941869,0.874223,0.741068,0.534229,0.310899,0.149026,0.063070,0.038978,0.043857,0.042755,0.062777,0.115655,0.189443,0.271295,0.339210,0.373794,0.365893,0.317525,0.241903,0.160700,0.093753,0.049064,0.023648,0.010743,0.009082,0.012793,0.015933,0.017361,0.016479,0.013662,0.009984,0.006522,0.003869,0.002119,0.001087,0.000529
0.798674,0.785368,0.738422,0.650806,0.520219,0.363801,0.218699,0.114672,0.054313,0.024056,0.010209,0.009052,0.014275,0.020324,0.034915,0.085252,0.191875,0.373448,0.594567,0.778176,0.889599,0.945726,0.971734,0.983328,0.988034,0.988880,0.986400,0.979016,0.961936,0.924271,0.845398,0.699771,0.489866,0.278645,0.132488,0.056256,0.031083,0.046727,0.062910,0.075160,0.079288,0.073755,0.060609,0.044247,0.028980,0.023459,0.021619,0.017744,0.013061,0.032537,0.079001,0.177607,0.348328,0.563833,0.751729,0.871415,0.934206,0.964275,0.978028,0.983679,0.984599,0.981329,0.971935,0.950775,0.905595,0.814929,0.657002,0.445250,0.246668,0.115821,0.049105,0.019734,0.020876,0.046379,0.095858,0.178448,0.290061,0.406161,0.495374,0.538224,0.528588,0.467614,0.365510,0.247266,0.144387,0.074369,0.034930,0.015415,0.008839,0.012436,0.015475,0.016857,0.016004,0.013278,0.009714,0.006353,0.003775,0.002071,0.001064,0.000519
0.902615,0.893856,0.861359,0.794084,0.677314,0.509442,0.324267,0.174309,0.082231,0.035707,0.014776,0.005945,0.008553,0.017025,0.043841,0.107749,0.240061,0.450181,0.676921,0.840338,0.927837,0.967795,0.984904,0.992038,0.994788,0.995270,0.993845,0.989435,0.978604,0.952927,0.894283,0.773354,0.573611,0.343076,0.167042,0.070975,0.028118,0.027834,0.036982,0.043855,0.046164,0.043068,0.035687,0.038209,0.045066,0.046882,0.042958,0.034777,0.025061,0.023496,0.056260,0.126705,0.256542,0.443246,0.638166,0.787129,0.877884,0.926513,0.950662,0.961144,0.962894,0.956735,0.939760,0.904110,0.835081,0.713675,0.535177,0.336701,0.177757,0.082315,0.035196,0.014396,0.027321,0.061938,0.129756,0.241383,0.385093,0.523346,0.621062,0.665284,0.655495,0.591469,0.476334,0.331146,0.195763,0.100299,0.046325,0.020016,0.008299,0.010601,0.013135,0.014283,0.013574,0.011304,0.008320,0.005483,0.003286,0.001818,0.000942,0.000463
0.952509,0.947010,0.925791,0.878229,0.785230,0.629250,0.426168,0.237857,0.113060,0.048531,0.019706,0.007770,0.007348,0.019495,0.050590,0.124655,0.274918,0.501078,0.725351,0.872946,0.946171,0.977643,0.990422,0.995493,0.997373,0.997697,0.996735,0.993670,0.985792,0.966136,0.918669,0.813988,0.625835,0.387879,0.192632,0.082098,0.032339,0.015216,0.019895,0.023367,0.024527,0.033741,0.051192,0.069132,0.082242,0.085727,0.078204,0.062603,0.044294,0.028039,0.036932,0.082462,0.169897,0.310005,0.484671,0.649229,0.770716,0.846306,0.888003,0.907325,0.910639,0.899089,0.868750,0.810307,0.710810,0.563755,0.387899,0.227540,0.116127,0.053703,0.023346,0.013267,0.031997,0.073370,0.154614,0.286189,0.448713,0.595937,0.693921,0.736490,0.727165,0.664806,0.546962,0.388752,0.232878,0.119376,0.054668,0.023334,0.009553,0.007984,0.009820,0.010646,0.010136,0.008495,0.006316,0.004217,0.002564,0.001440,0.000758,0.000378
0.974298,0.970594,0.955879,0.920973,0.846882,0.708461,0.504201,0.291891,0.140520,0.060025,0.024071,0.009358,0.007728,0.020574,0.053550,0.132031,0.289749,0.521618,0.743612,0.884518,0.952376,0.980845,0.992149,0.996538,0.998141,0.998417,0.997598,0.994970,0.988083,0.970511,0.927099,0.828802,0.646175,0.406478,0.203686,0.086971,0.034188,0.012962,0.009974,0.016509,0.030995,0.053271,0.082228,0.112227,0.134166,0.139990,0.127412,0.101298,0.070740,0.043909,0.024652,0.049320,0.101527,0.190973,0.318779,0.464893,0.597837,0.697116,0.759802,0.791395,0.797006,0.777703,0.730011,0.647851,0.528905,0.385120,0.245261,0.137255,0.069214,0.032407,0.014431,0.013786,0.033361,0.076724,0.161882,0.299041,0.466319,0.615185,0.712577,0.754408,0.745272,0.683794,0.565979,0.404928,0.243621,0.124969,0.057112,0.024299,0.010287,0.008975,0.007258,0.007074,0.006751,0.005705,0.004299,0.002919,0.001809,0.001037,0.000556,0.000474
0.982657,0.979742,0.967963,0.939102,0.875034,0.748200,0.547580,0.324463,0.157756,0.067304,0.026818,0.010347,0.007524,0.019995,0.051962,0.128078,0.281828,0.510728,0.734019,0.878488,0.949163,0.979196,0.991264,0.996005,0.997750,0.998051,0.997159,0.994306,0.986907,0.968252,0.922722,0.821055,0.635444,0.396579,0.197769,0.084358,0.033196,0.012609,0.010900,0.022415,0.042937,0.075020,0.117047,0.160505,0.192065,0.200398,0.182376,0.144704,0.100362,0.061489,0.033901,0.027415,0.055499,0.104780,0.180717,0.279902,0.387211,0.482908,0.552969,0.591950,0.599172,0.574716,0.518574,0.433400,0.329104,0.223787,0.136066,0.074918,0.038111,0.018268,0.008379,0.012859,0.030926,0.070744,0.148914,0.276028,0.434590,0.580233,0.678492,0.721572,0.712114,0.649171,0.531539,0.375852,0.224417,0.114995,0.052753,0.022575,0.016175,0.014051,0.011287,0.008416,0.005851,0.003814,0.002659,0.001841,0.001522,0.001570,0.001465,0.001240
0.983582,0.980759,0.969327,0.941195,0.878380,0.753103,0.553163,0.328805,0.160097,0.068297,0.027193,0.010481,0.006786,0.017903,0.046237,0.113763,0.252599,0.468920,0.695295,0.853042,0.935125,0.971775,0.987167,0.993474,0.995871,0.996288,0.995052,0.991184,0.981532,0.958225,0.903892,0.789001,0.593143,0.359366,0.176185,0.074925,0.029617,0.011328,0.013052,0.027212,0.052792,0.093128,0.146022,0.200363,0.239441,0.249694,0.227484,0.180666,0.125044,0.076091,0.041493,0.023177,0.032736,0.054038,0.090640,0.143639,0.206967,0.270685,0.323047,0.354774,0.360884,0.340494,0.296651,0.236731,0.171770,0.113122,0.068019,0.037789,0.019671,0.009719,0.004607,0.010789,0.025552,0.057640,0.120389,0.224186,0.359765,0.493129,0.589589,0.633950,0.624089,0.560160,0.447405,0.308554,0.181645,0.093127,0.043183,0.025245,0.023729,0.020538,0.016406,0.012139,0.008361,0.005391,0.003275,0.003493,0.004034,0.004175,0.003869,0.003218
0.977741,0.974353,0.960809,0.928286,0.858068,0.723943,0.520721,0.304060,0.146894,0.062710,0.025085,0.009724,0.005678,0.014795,0.037783,0.092492,0.207598,0.399324,0.623669,0.801145,0.904220,0.954385,0.977011,0.986878,0.990818,0.991520,0.989455,0.983231,0.968551,0.935386,0.863813,0.726421,0.518790,0.299983,0.143665,0.060985,0.024322,0.009416,0.013996,0.029339,0.057196,0.101246,0.158972,0.218041,0.260299,0.271350,0.247391,0.196667,0.136095,0.082634,0.044877,0.034686,0.064586,0.109225,0.164780,0.219609,0.258500,0.269890,0.250398,0.205820,0.175008,0.163692,0.140247,0.109902,0.078797,0.051882,0.031600,0.017974,0.009644,0.004927,0.003426,0.008186,0.018932,0.041748,0.085794,0.159445,0.260161,0.367187,0.451458,0.492672,0.483360,0.425023,0.329405,0.221332,0.129013,0.066677,0.033627,0.034376,0.032275,0.027858,0.022154,0.016293,0.011137,0.007118,0.006853,0.009024,0.010591,0.011006,0.010111,0.008241
0.960928,0.956085,0.937222,0.894133,0.807502,0.656776,0.452154,0.255264,0.121765,0.052164,0.021089,0.008276,0.005874,0.011320,0.028435,0.068884,0.155630,0.310619,0.517809,0.711986,0.844268,0.917334,0.953654,0.970743,0.977950,0.979269,0.975423,0.964294,0.939710,0.888714,0.790114,0.626044,0.416699,0.228321,0.107039,0.045585,0.018442,0.007264,0.013409,0.028017,0.054456,0.096193,0.150916,0.207055,0.247348,0.257908,0.235027,0.186719,0.129219,0.078562,0.042772,0.060969,0.116274,0.198113,0.295669,0.385595,0.445174,0.461948,0.433054,0.363621,0.269118,0.173833,0.098735,0.050462,0.033457,0.022403,0.013977,0.008188,0.004540,0.002399,0.002437,0.005661,0.012698,0.027156,0.054381,0.099637,0.163056,0.234298,0.294421,0.325461,0.318342,0.275110,0.208579,0.138284,0.080892,0.042622,0.042216,0.043167,0.040498,0.034889,0.027660,0.020254,0.013767,0.011050,0.016818,0.022837,0.027303,0.028501,0.025925,0.020641
0.921466,0.913831,0.885146,0.824215,0.714281,0.548255,0.355506,0.193070,0.091193,0.039433,0.021463,0.017396,0.013049,0.009102,0.019797,0.047147,0.106249,0.217873,0.387193,0.578563,0.737985,0.842537,0.901705,0.932254,0.945940,0.948513,0.941073,0.920454,0.878220,0.799699,0.668954,0.488891,0.301046,0.157385,0.072966,0.031421,0.012969,0.005279,0.011496,0.023735,0.045638,0.079972,0.124978,0.171452,0.205121,0.213997,0.194793,0.154567,0.107113,0.065484,0.045592,0.097033,0.186738,0.313657,0.451899,0.565535,0.633571,0.651710,0.620190,0.538994,0.415798,0.276947,0.158512,0.079871,0.036752,0.015939,0.006655,0.003612,0.002454,0.001626,0.001602,0.003602,0.007798,0.016081,0.031129,0.055551,0.089654,0.128731,0.162868,0.181040,0.176836,0.151762,0.114482,0.076295,0.045479,0.043691,0.048715,0.049820,0.046719,0.040205,0.031816,0.023234,0.015738,0.024956,0.039663,0.055649,0.067823,0.071128,0.064042,0.049753
0.836459,0.824526,0.781747,0.699251,0.570365,0.407371,0.248601,0.131047,0.066111,0.062969,0.054968,0.044040,0.032481,0.022159,0.014073,0.029839,0.066339,0.137354,0.255571,0.413384,0.575935,0.707184,0.795105,0.846294,0.871000,0.875795,0.862066,0.825938,0.758685,0.650317,0.501070,0.335456,0.193481,0.098386,0.045761,0.020096,0.008508,0.004149,0.008863,0.017944,0.033874,0.058487,0.090567,0.123812,0.148099,0.154540,0.140626,0.111704,0.077834,0.048132,0.063862,0.137828,0.263855,0.429893,0.591066,0.707611,0.770556,0.786479,0.758578,0.681673,0.551028,0.383568,0.224837,0.113189,0.051191,0.021681,0.010515,0.007878,0.005461,0.003526,0.003227,0.005338,0.008212,0.011641,0.016391,0.028267,0.044445,0.062803,0.078884,0.087503,0.085504,0.073639,0.056113,0.038140,0.038071,0.046242,0.051574,0.052747,0.049456,0.042543,0.033642,0.024541,0.028495,0.052861,0.087567,0.126380,0.156289,0.164426,0.146984,0.111979
0.679019,0.663049,0.609018,0.516283,0.393114,0.262795,0.153719,0.153952,0.160028,0.152469,0.133059,0.106245,0.077643,0.052102,0.032318,0.018696,0.038247,0.078517,0.148836,0.253839,0.382564,0.509999,0.613273,0.682985,0.719977,0.727456,0.706313,0.654242,0.568307,0.451525,0.320062,0.200046,0.111231,0.056322,0.026644,0.012017,0.005239,0.003081,0.006196,0.012222,0.022503,0.038027,0.057967,0.078522,0.093559,0.097556,0.088927,0.100111,0.100856,0.088712,0.079910,0.173404,0.327965,0.517682,0.684131,0.792770,0.847084,0.860310,0.836995,0.769480,0.644498,0.466530,0.280962,0.142394,0.063844,0.029308,0.023559,0.017325,0.011731,0.007372,0.007325,0.012593,0.020059,0.029274,0.038758,0.046211,0.049396,0.047260,0.040515,0.038518,0.037691,0.032766,0.025422,0.028038,0.036970,0.044891,0.050060,0.051197,0.048007,0.041305,0.032675,0.024727,0.052596,0.101946,0.173918,0.253928,0.314033,0.330067,0.295524,0.224438
0.458636,0.443091,0.393484,0.317250,0.229090,0.239309,0.292040,0.327081,0.338429,0.324286,0.286906,0.232761,0.171967,0.115433,0.070734,0.039995,0.021149,0.041381,0.077947,0.135373,0.213352,0.302632,0.387609,0.453783,0.492604,0.500815,0.477927,0.425484,0.348936,0.259867,0.174233,0.105411,0.058276,0.029955,0.014555,0.006774,0.005514,0.007911,0.010382,0.012374,0.013566,0.022320,0.033304,0.046271,0.078761,0.119255,0.158327,0.183190,0.184574,0.161945,0.123801,0.192978,0.361836,0.560818,0.726158,0.828579,0.877867,0.889648,0.868820,0.807030,0.687658,0.508193,0.311044,0.158547,0.072058,0.063235,0.050272,0.036355,0.024077,0.014733,0.016012,0.028644,0.047215,0.070736,0.095279,0.114648,0.122924,0.117375,0.099845,0.075813,0.051670,0.031926,0.018124,0.025051,0.032970,0.039987,0.044565,0.045571,0.042746,0.036811,0.029163,0.039089,0.086646,0.172959,0.297065,0.427118,0.517507,0.540467,0.490391,0.380387
0.249396,0.239187,0.207900,0.242560,0.345545,0.442678,0.518059,0.563804,0.577918,0.560278,0.511073,0.432739,0.334044,0.231608,0.143742,0.080687,0.041738,0.020471,0.037708,0.064910,0.103189,0.150110,0.199008,0.240786,0.267129,0.272897,0.256995,0.222471,0.176163,0.127146,0.083733,0.050654,0.028454,0.015022,0.007538,0.008346,0.013467,0.019944,0.026823,0.032486,0.035234,0.034141,0.037452,0.072055,0.124856,0.190403,0.252426,0.291004,0.293129,0.258087,0.197695,0.190156,0.357016,0.554815,0.720453,0.823816,0.873824,0.885808,0.864629,0.802012,0.681761,0.502357,0.306744,0.156214,0.144361,0.126493,0.100060,0.071584,0.046580,0.027834,0.033268,0.061720,0.104444,0.158531,0.213817,0.256160,0.273849,0.262016,0.223910,0.170093,0.114728,0.069228,0.037959,0.032076,0.044768,0.054722,0.058059,0.053326,0.042562,0.030161,0.023960,0.054536,0.124333,0.251138,0.424936,0.590235,0.693519,0.718198,0.663560,0.533044
0.113848,0.160633,0.276655,0.417895,0.554855,0.662941,0.734618,0.773509,0.784855,0.770627,0.728384,0.652733,0.540762,0.401839,0.262084,0.150113,0.077184,0.036686,0.017254,0.029016,0.045489,0.065945,0.087881,0.107308,0.119949,0.122761,0.115047,0.098704,0.077537,0.055877,0.037108,0.022872,0.013197,0.007192,0.010468,0.018985,0.031837,0.048669,0.066986,0.082275,0.089737,0.086766,0.074419,0.099395,0.173652,0.264121,0.346883,0.396683,0.399385,0.354275,0.274010,0.183050,0.314661,0.500129,0.666339,0.777109,0.833350,0.847150,0.822853,0.753181,0.626413,0.449754,0.269232,0.265621,0.258160,0.227503,0.180971,0.129503,0.083558,0.049071,0.064552,0.122783,0.208896,0.311960,0.408520,0.476132,0.502762,0.485052,0.425136,0.332920,0.229082,0.138114,0.074118,0.070825,0.101673,0.126235,0.134508,0.122779,0.096266,0.065423,0.039199,0.066098,0.152882,0.308955,0.512584,0.690832,0.793497,0.817026,0.764423,0.631047
0.142247,0.267989,0.435798,0.605802,0.739142,0.825707,0.875085,0.899367,0.906126,0.897626,0.871031,0.818172,0.726705,0.588242,0.416167,0.251473,0.131585,0.061950,0.027258,0.012411,0.019005,0.027082,0.035703,0.043355,0.048359,0.049475,0.046416,0.039962,0.031638,0.023116,0.015666,0.009911,0.005895,0.010750,0.021747,0.041133,0.071437,0.111891,0.155955,0.192307,0.209828,0.202872,0.173695,0.131512,0.210345,0.317978,0.413451,0.469300,0.472294,0.421821,0.329549,0.221660,0.245559,0.403356,0.560907,0.678309,0.743220,0.759834,0.730776,0.651888,0.521296,0.358927,0.387553,0.411580,0.401393,0.358523,0.290361,0.210827,0.136642,0.079632,0.114500,0.218564,0.361586,0.511479,0.630855,0.703212,0.729352,0.712112,0.649459,0.539075,0.392818,0.245113,0.131855,0.142228,0.207307,0.258360,0.275313,0.251238,0.195952,0.130809,0.075823,0.068953,0.159950,0.323010,0.532924,0.712841,0.814491,0.837593,0.785854,0.652960
0.219810,0.395271,0.593385,0.755713,0.859350,0.916361,0.945233,0.958386,0.961914,0.957468,0.942968,0.911717,0.850502,0.740577,0.572253,0.373558,0.203890,0.096626,0.041895,0.017278,0.007700,0.010741,0.013933,0.016733,0.018553,0.018958,0.017847,0.015494,0.012434,0.009256,0.006422,0.004176,0.009024,0.020081,0.042385,0.083084,0.147449,0.231546,0.318397,0.385461,0.416213,0.404129,0.351668,0.270925,0.221880,0.334587,0.433526,0.490869,0.493930,0.442146,0.346635,0.233777,0.168384,0.284353,0.413928,0.523754,0.591245,0.609487,0.577858,0.497797,0.379703,0.462070,0.526069,0.553128,0.541743,0.492427,0.409317,0.305058,0.201106,0.117555,0.181922,0.339520,0.529442,0.694179,0.802023,0.858054,0.876629,0.864477,0.817084,0.720875,0.566603,0.377219,0.209180,0.249264,0.360359,0.442311,0.468389,0.431183,0.341470,0.229150,0.130806,0.065420,0.142221,0.287549,0.480870,0.655512,0.759155,0.783256,0.729553,0.596249
0.306034,0.517554,0.716972,0.851542,0.924370,0.959704,0.976020,0.982993,0.984803,0.982518,0.974786,0.956970,0.918566,0.840046,0.697595,0.493202,0.285181,0.138063,0.059547,0.024137,0.009483,0.004182,0.005334,0.006330,0.006971,0.007113,0.006723,0.005891,0.004796,0.003638,0.002790,0.006252,0.015018,0.034774,0.076041,0.152234,0.268912,0.408390,0.534642,0.619913,0.655637,0.641845,0.578236,0.467896,0.329695,0.308736,0.402185,0.457127,0.460079,0.410405,0.320033,0.214962,0.124667,0.173480,0.260215,0.341900,0.397136,0.412867,0.385821,0.340247,0.466382,0.569074,0.634737,0.661444,0.650283,0.600659,0.512306,0.393108,0.265282,0.156729,0.255802,0.458338,0.667137,0.816771,0.899034,0.936627,0.948244,0.940694,0.909501,0.838304,0.703417,0.502911,0.292607,0.370105,0.519722,0.619947,0.649959,0.606863,0.495369,0.341462,0.195942,0.096260,0.122597,0.217094,0.370476,0.523069,0.623065,0.647604,0.593626,0.469354
0.385652,0.614174,0.798207,0.905119,0.956466,0.979165,0.988883,0.992803,0.993788,0.992542,0.988173,0.977479,0.952576,0.896560,0.781649,0.589626,0.361253,0.180047,0.077834,0.031196,0.012067,0.004591,0.002023,0.002373,0.002597,0.002646,0.002510,0.002616,0.003943,0.005481,0.006976,0.009246,0.022974,0.054982,0.123117,0.246445,0.419777,0.597046,0.729790,0.805636,0.834299,0.823445,0.769898,0.662769,0.501103,0.318785,0.327282,0.374995,0.377593,0.334346,0.257954,0.172086,0.099983,0.092889,0.139980,0.186860,0.220445,0.230340,0.259678,0.399458,0.535060,0.639214,0.702756,0.727899,0.717442,0.670081,0.582347,0.457288,0.315076,0.188392,0.318404,0.547507,0.754217,0.882292,0.944447,0.970399,0.978061,0.973100,0.951847,0.899192,0.786886,0.594238,0.361984,0.465106,0.633071,0.736131,0.765440,0.723127,0.606852,0.431164,0.251219,0.133997,0.226212,0.327753,0.407441,0.440706,0.425579,0.445975,0.401767,0.307853
0.445292,0.677491,0.844540,0.932417,0.971446,0.987605,0.994125,0.996628,0.997241,0.996464,0.993662,0.986442,0.968591,0.925677,0.830283,0.653833,0.418947,0.214513,0.093268,0.037150,0.014222,0.005353,0.003053,0.002956,0.002639,0.002178,0.003519,0.005905,0.009188,0.013126,0.017055,0.020008,0.031939,0.078295,0.177172,0.347825,0.560376,0.741891,0.854393,0.909675,0.928799,0.921675,0.884457,0.800076,0.648144,0.440698,0.243872,0.265936,0.267900,0.235579,0.180220,0.119996,0.070351,0.044985,0.066736,0.088611,0.104563,0.159802,0.280946,0.428034,0.566718,0.670243,0.732008,0.756137,0.746123,0.700385,0.614058,0.487691,0.339704,0.204532,0.353854,0.593504,0.794136,0.909253,0.961631,0.982588,0.988801,0.984757,0.967660,0.923772,0.824262,0.640266,0.400678,0.504033,0.676330,0.778087,0.806420,0.765429,0.649936,0.468358,0.275286,0.213934,0.356784,0.500250,0.601331,0.640471,0.614597,0.525404,0.387695,0.240835
0.477324,0.708608,0.865458,0.943945,0.977437,0.990815,0.996029,0.997976,0.998449,0.997849,0.995665,0.989870,0.975032,0.938055,0.852429,0.685711,0.450205,0.234308,0.102339,0.040655,0.015483,0.005794,0.004969,0.004805,0.004271,0.003955,0.007361,0.012821,0.020638,0.030328,0.040240,0.047807,0.050609,0.099436,0.225175,0.430563,0.658779,0.826642,0.916888,0.956707,0.969712,0.964911,0.938953,0.874749,0.743191,0.534304,0.307536,0.161898,0.163122,0.143131,0.109524,0.073549,0.043946,0.023821,0.029380,0.038355,0.079245,0.156936,0.276215,0.421743,0.559831,0.663563,0.725755,0.750118,0.740002,0.693883,0.607191,0.481030,0.334247,0.200927,0.353806,0.593444,0.794085,0.909220,0.961611,0.982573,0.988788,0.984744,0.967641,0.923742,0.824215,0.640205,0.400625,0.476761,0.646219,0.749025,0.778076,0.736108,0.619913,0.442272,0.258328,0.294188,0.477130,0.641306,0.744247,0.781219,0.756960,0.667922,0.514247,0.329967
0.478915,0.710104,0.866434,0.944471,0.977704,0.990956,0.996111,0.998033,0.998501,0.997909,0.995751,0.990021,0.975321,0.938620,0.853465,0.687249,0.451763,0.235318,0.102806,0.040836,0.015547,0.007163,0.007554,0.007296,0.006460,0.007553,0.014624,0.026447,0.044000,0.066341,0.089544,0.107367,0.113973,0.112040,0.253151,0.475494,0.706462,0.863043,0.941208,0.973963,0.984672,0.980663,0.959484,0.905342,0.786796,0.582812,0.343739,0.163397,0.086687,0.076346,0.059010,0.040379,0.024798,0.013898,0.024473,0.042910,0.070335,0.139207,0.246556,0.381451,0.514614,0.618737,0.683168,0.708874,0.698167,0.649944,0.561672,0.437936,0.299762,0.178522,0.318270,0.547326,0.754054,0.882178,0.944372,0.970346,0.978014,0.973049,0.951778,0.899088,0.786732,0.594056,0.361837,0.390197,0.544603,0.646208,0.676307,0.633036,0.519679,0.360317,0.207276,0.348683,0.551975,0.719969,0.817311,0.850641,0.828871,0.745760,0.591239,0.389623
0.449952,0.682138,0.847740,0.934213,0.972394,0.988120,0.994435,0.996849,0.997439,0.996691,0.993987,0.986991,0.969608,0.927602,0.833662,0.658580,0.423482,0.217332,0.094550,0.037645,0.014400,0.010077,0.010643,0.010270,0.009061,0.013535,0.027224,0.050966,0.087112,0.133505,0.181288,0.217369,0.230567,0.216682,0.252623,0.474669,0.705622,0.862428,0.940810,0.973684,0.984422,0.980406,0.959151,0.904833,0.786042,0.581937,0.343063,0.163046,0.067526,0.036874,0.028971,0.020325,0.015283,0.016525,0.031701,0.056262,0.090796,0.131332,0.198844,0.313554,0.434053,0.534717,0.600481,0.627575,0.616227,0.566204,0.478760,0.363667,0.243335,0.143143,0.255615,0.458056,0.666840,0.816532,0.898859,0.936493,0.948124,0.940565,0.909337,0.838079,0.703128,0.502618,0.292398,0.282342,0.390188,0.476741,0.504001,0.465065,0.370062,0.249228,0.186324,0.359224,0.565796,0.733734,0.829588,0.862123,0.840889,0.759246,0.605300,0.401071
0.392907,0.622270,0.804423,0.908919,0.958612,0.980404,0.989670,0.993386,0.994317,0.993139,0.988995,0.978792,0.954864,0.900599,0.788141,0.597788,0.368237,0.184089,0.079622,0.031885,0.012317,0.013053,0.013802,0.013308,0.011711,0.022471,0.046745,0.089913,0.155919,0.238666,0.319953,0.378164,0.398735,0.377082,0.318040,0.428213,0.656177,0.824569,0.915456,0.955674,0.968825,0.963969,0.937731,0.872979,0.740764,0.531721,0.305677,0.143996,0.059867,0.023394,0.026545,0.033748,0.039497,0.042458,0.041880,0.066012,0.106968,0.154886,0.198951,0.231319,0.329113,0.417317,0.478922,0.505367,0.494209,0.446379,0.367460,0.271090,0.177428,0.103486,0.181730,0.339191,0.529025,0.693771,0.801676,0.857760,0.876356,0.864190,0.816749,0.720477,0.566180,0.376866,0.345439,0.454710,0.537947,0.584735,0.592826,0.562143,0.493478,0.393037,0.278062,0.322425,0.516619,0.683678,0.784214,0.819422,0.796376,0.710009,0.555045,0.360974
0.314817,0.528944,0.727255,0.858727,0.928862,0.962519,0.977929,0.984475,0.986168,0.984029,0.976768,0.959927,0.923306,0.847582,0.708156,0.504478,0.293523,0.142499,0.061457,0.024876,0.013343,0.015483,0.016385,0.015790,0.015043,0.034113,0.072852,0.142346,0.246248,0.368839,0.479199,0.551806,0.576185,0.550506,0.476722,0.365655,0.556026,0.737837,0.851206,0.907175,0.926590,0.919353,0.881618,0.796392,0.643788,0.436734,0.241329,0.112574,0.047296,0.046350,0.064768,0.083147,0.097808,0.105342,0.103872,0.093770,0.111993,0.162176,0.208211,0.237134,0.240322,0.286908,0.336098,0.358091,0.348743,0.309775,0.248959,0.179539,0.115994,0.067699,0.114343,0.218271,0.361144,0.510947,0.630312,0.702692,0.728846,0.711596,0.648919,0.538536,0.392352,0.350786,0.498273,0.621937,0.704941,0.747594,0.754688,0.727348,0.661758,0.554262,0.413250,0.267284,0.412831,0.568162,0.671993,0.710829,0.685245,0.594460,0.447028,0.281441
0.228545,0.408557,0.608050,0.768029,0.868224,0.922536,0.949753,0.962066,0.965357,0.961208,0.947627,0.918138,0.859739,0.753259,0.586982,0.386440,0.212078,0.100667,0.043605,0.019467,0.015960,0.016754,0.017736,0.017088,0.020172,0.046787,0.101670,0.199473,0.339529,0.491643,0.615130,0.689286,0.712925,0.688007,0.612501,0.487888,0.414386,0.590909,0.724027,0.800532,0.829544,0.818551,0.764438,0.656704,0.495213,0.314336,0.167609,0.078166,0.068855,0.105490,0.147866,0.189136,0.221160,0.237278,0.234151,0.212425,0.176612,0.150790,0.193738,0.220823,0.223814,0.201793,0.204527,0.219343,0.213011,0.187156,0.148366,0.105995,0.068505,0.040441,0.064446,0.122578,0.208552,0.311475,0.407936,0.475500,0.502116,0.484416,0.424539,0.332411,0.296351,0.467236,0.628491,0.746283,0.816725,0.850260,0.855661,0.834569,0.780931,0.683750,0.538341,0.365689,0.281498,0.403122,0.494587,0.531618,0.507027,0.425373,0.307029,0.188305
0.149483,0.280572,0.452830,0.623638,0.754643,0.838098,0.885050,0.907937,0.914281,0.906301,0.881215,0.830889,0.742544,0.606182,0.432856,0.263444,0.138301,0.065107,0.053389,0.047154,0.038247,0.028574,0.019754,0.016838,0.024412,0.057442,0.125978,0.246476,0.411503,0.577884,0.701983,0.771476,0.792798,0.770310,0.699449,0.573952,0.406945,0.401581,0.526904,0.612024,0.647814,0.633986,0.570369,0.460552,0.323833,0.195393,0.102688,0.086094,0.144006,0.218509,0.299314,0.372021,0.424387,0.449442,0.444649,0.410447,0.350586,0.273759,0.193466,0.182690,0.185198,0.166781,0.133311,0.117444,0.113951,0.099831,0.079032,0.056702,0.037099,0.022345,0.033207,0.061602,0.104238,0.158219,0.213401,0.255673,0.273333,0.261520,0.223477,0.204070,0.368405,0.557694,0.717217,0.821680,0.879042,0.904899,0.908970,0.892923,0.850394,0.767516,0.630355,0.447669,0.266431,0.237658,0.298846,0.325191,0.307583,0.252091,0.178041,0.108840
0.088553,0.170256,0.291941,0.437688,0.576146,0.683209,0.753039,0.790506,0.801379,0.787740,0.747005,0.673187,0.562040,0.421265,0.276748,0.159147,0.121262,0.127494,0.122755,0.108215,0.087326,0.064577,0.043920,0.027647,0.026515,0.062770,0.138116,0.269442,0.445019,0.615519,0.737638,0.803851,0.823820,0.802755,0.735192,0.611576,0.440250,0.265304,0.311434,0.377454,0.407804,0.395872,0.344159,0.264827,0.178634,0.106002,0.090280,0.164670,0.269624,0.391424,0.506658,0.596584,0.654110,0.679667,0.674872,0.639352,0.571339,0.472038,0.352187,0.233406,0.137450,0.122257,0.097782,0.069726,0.055075,0.048416,0.038624,0.028087,0.018743,0.011576,0.015980,0.028584,0.047112,0.070577,0.095063,0.114387,0.122644,0.117108,0.112830,0.233981,0.415009,0.611130,0.764814,0.859020,0.908231,0.929718,0.933055,0.919825,0.883901,0.810861,0.682519,0.498854,0.303745,0.155373,0.149690,0.163396,0.154208,0.125919,0.089352,0.055751
0.048181,0.092515,0.162975,0.258526,0.366176,0.466112,0.542513,0.588358,0.602420,0.584838,0.535477,0.455963,0.354238,0.246983,0.177006,0.220386,0.251165,0.263170,0.254054,0.225594,0.183481,0.136145,0.092142,0.057177,0.032849,0.060912,0.133886,0.261478,0.433521,0.602787,0.725729,0.793130,0.813576,0.792009,0.723250,0.598843,0.428820,0.257446,0.151656,0.187037,0.204107,0.197329,0.168917,0.127887,0.085892,0.079363,0.158192,0.281608,0.436079,0.587005,0.705043,0.782746,0.826577,0.844683,0.841349,0.815745,0.762104,0.671888,0.541518,0.385427,0.237719,0.128349,0.064084,0.046085,0.029940,0.021983,0.017752,0.014653,0.017214,0.018304,0.017589,0.015290,0.020013,0.029204,0.038664,0.046097,0.049273,0.051031,0.117295,0.242844,0.428369,0.625744,0.777231,0.868399,0.915373,0.935702,0.938848,0.926358,0.892214,0.821976,0.696497,0.513255,0.314676,0.161482,0.072900,0.071492,0.067655,0.055848,0.040509,0.027879
0.024490,0.046124,0.081023,0.130938,0.192674,0.257269,0.312971,0.349714,0.361564,0.346792,0.307569,0.250319,0.185472,0.246261,0.327740,0.396865,0.442753,0.459960,0.446928,0.404812,0.338395,0.257793,0.177397,0.110307,0.062614,0.052530,0.114773,0.224967,0.379126,0.540008,0.664720,0.736778,0.759266,0.735554,0.662125,0.536129,0.374803,0.221442,0.184555,0.182990,0.164789,0.134563,0.099558,0.066920,0.058570,0.127527,0.250002,0.422426,0.604034,0.748492,0.841685,0.894430,0.921264,0.931728,0.929828,0.914829,0.881064,0.817139,0.708102,0.548487,0.363956,0.204655,0.100456,0.045030,0.019113,0.019596,0.028487,0.037608,0.044768,0.047840,0.045823,0.039380,0.030479,0.021385,0.015045,0.017698,0.019758,0.047975,0.110070,0.228473,0.406603,0.601776,0.756733,0.852835,0.903478,0.925715,0.929177,0.915466,0.878396,0.803583,0.673507,0.489730,0.296923,0.151593,0.068459,0.048620,0.061428,0.068673,0.067712,0.058908
0.011810,0.021611,0.037186,0.059565,0.088028,0.119286,0.147835,0.167644,0.174219,0.166038,0.144992,0.180559,0.287439,0.406322,0.514551,0.595955,0.645134,0.662634,0.649426,0.604740,0.527699,0.422489,0.303755,0.193961,0.110688,0.057568,0.087163,0.170869,0.293577,0.432691,0.551660,0.626391,0.650822,0.625078,0.549060,0.429167,0.290015,0.239064,0.260042,0.257931,0.233199,0.191438,0.142107,0.095382,0.086046,0.186725,0.353459,0.557691,0.735766,0.852764,0.917232,0.949716,0.964982,0.970669,0.969649,0.961408,0.941780,0.901099,0.822148,0.685105,0.492431,0.293768,0.147660,0.065936,0.028138,0.046140,0.068827,0.092424,0.111026,0.119011,0.113769,0.097024,0.073962,0.050669,0.031496,0.017995,0.017000,0.040877,0.093255,0.194418,0.352865,0.539005,0.699739,0.807422,0.867594,0.895020,0.899358,0.882291,0.837436,0.751315,0.611723,0.430277,0.254253,0.128461,0.064777,0.093501,0.119345,0.133961,0.132023,0.114257
0.005469,0.009691,0.016211,0.025400,0.036997,0.049783,0.061604,0.069922,0.072708,0.084400,0.164173,0.285147,0.432641,0.574732,0.685615,0.758560,0.798623,0.812185,0.801983,0.765931,0.697978,0.592365,0.453481,0.304691,0.178595,0.093100,0.058983,0.114515,0.198767,0.301704,0.398941,0.465898,0.488997,0.464675,0.396702,0.298969,0.255956,0.304180,0.329462,0.326931,0.297058,0.245674,0.183561,0.136264,0.115932,0.248302,0.449736,0.663669,0.821502,0.910795,0.954608,0.974842,0.983760,0.986953,0.986386,0.981714,0.970039,0.944057,0.888577,0.779265,0.599203,0.380369,0.197779,0.088771,0.060742,0.102212,0.154472,0.207780,0.248634,0.265798,0.254556,0.217991,0.166190,0.112680,0.068435,0.037792,0.019328,0.031663,0.071425,0.149088,0.276624,0.440746,0.600491,0.720928,0.794818,0.830583,0.836384,0.813796,0.757077,0.656548,0.510532,0.342659,0.196220,0.098237,0.110749,0.161290,0.206195,0.231230,0.227928,0.197415
0.002453,0.004210,0.006836,0.010435,0.014878,0.019704,0.024128,0.027230,0.058877,0.125178,0.240217,0.400587,0.571557,0.712067,0.806559,0.861899,0.890030,0.899187,0.892316,0.867195,0.816314,0.727952,0.593600,0.424783,0.260276,0.138022,0.065691,0.068328,0.117857,0.180986,0.244852,0.292056,0.309076,0.291165,0.243324,0.227681,0.297196,0.351012,0.378849,0.376074,0.343122,0.285603,0.214746,0.169211,0.142889,0.300982,0.523394,0.733456,0.870471,0.940431,0.972132,0.985861,0.991606,0.993591,0.993242,0.990311,0.982677,0.964706,0.923616,0.835373,0.673046,0.449444,0.241651,0.109507,0.121202,0.205055,0.305142,0.399017,0.465007,0.491201,0.474146,0.415994,0.326522,0.225680,0.136953,0.074064,0.036602,0.022414,0.049652,0.102943,0.193772,0.321175,0.462153,0.584513,0.669203,0.713650,0.721110,0.692469,0.624862,0.517032,0.380293,0.243331,0.135886,0.101321,0.167984,0.244136,0.309676,0.345192,0.340552,0.297040
0.001073,0.001786,0.002818,0.004192,0.005845,0.007604,0.014463,0.034765,0.079838,0.169518,0.317741,0.505136,0.679626,0.804177,0.878555,0.918479,0.937655,0.943720,0.939178,0.922150,0.885794,0.817212,0.700273,0.531400,0.342442,0.186585,0.089149,0.039153,0.062359,0.094946,0.128786,0.154661,0.164212,0.154165,0.166900,0.241893,0.314771,0.370723,0.399493,0.396630,0.362547,0.302664,0.228263,0.179614,0.161158,0.335085,0.567100,0.770730,0.894329,0.953880,0.979642,0.990356,0.994684,0.996144,0.995889,0.993721,0.987909,0.973708,0.939850,0.863455,0.713819,0.491739,0.270602,0.123656,0.216674,0.356624,0.503318,0.620750,0.692466,0.718627,0.701737,0.640020,0.531734,0.388713,0.244053,0.132367,0.064026,0.028660,0.031562,0.064344,0.121111,0.205520,0.309119,0.411539,0.491819,0.537924,0.545974,0.515569,0.448666,0.353351,0.247414,0.153128,0.084717,0.134791,0.223495,0.321802,0.403081,0.445699,0.440190,0.387672
0.000459,0.000744,0.001143,0.001659,0.002782,0.007070,0.017674,0.042961,0.099269,0.209498,0.382791,0.583286,0.750482,0.858005,0.917129,0.947034,0.960844,0.965122,0.961922,0.949709,0.922656,0.868658,0.769001,0.609663,0.410440,0.230063,0.110855,0.048447,0.054931,0.079520,0.105638,0.128452,0.142955,0.145726,0.161347,0.234136,0.305198,0.360005,0.388279,0.385463,0.351982,0.293368,0.220883,0.162825,0.166550,0.344902,0.579133,0.780488,0.900316,0.957145,0.981414,0.991391,0.995378,0.996713,0.996480,0.994493,0.989122,0.975852,0.943829,0.870588,0.724660,0.503569,0.279022,0.182656,0.338315,0.525025,0.687345,0.794452,0.850648,0.869481,0.857423,0.810218,0.715046,0.563387,0.377324,0.211116,0.101760,0.044477,0.018533,0.036823,0.068278,0.116106,0.178326,0.245449,0.303292,0.339105,0.345580,0.321479,0.271548,0.206518,0.140702,0.086201,0.083697,0.157622,0.260587,0.371925,0.461253,0.506996,0.501127,0.444523
0.000193,0.000305,0.000459,0.001196,0.003093,0.007917,0.019940,0.048781,0.113011,0.237025,0.424930,0.629597,0.788780,0.884985,0.935416,0.960054,0.971164,0.974562,0.972022,0.962221,0.940021,0.894216,0.805718,0.655431,0.453999,0.259810,0.126175,0.072964,0.115606,0.167280,0.220322,0.264826,0.292177,0.297318,0.279333,0.241475,0.270354,0.320622,0.346854,0.344232,0.313216,0.259599,0.194368,0.130942,0.157801,0.328916,0.559414,0.764387,0.890380,0.951701,0.978447,0.989653,0.994209,0.995753,0.995483,0.993193,0.987087,0.972268,0.937203,0.858768,0.706809,0.484227,0.265331,0.258463,0.459137,0.664783,0.812501,0.894426,0.932272,0.944102,0.936580,0.905415,0.834881,0.702264,0.505311,0.297024,0.145057,0.062604,0.025267,0.019575,0.035372,0.059221,0.090720,0.125969,0.157835,0.178419,0.182218,0.168199,0.140153,0.105330,0.071574,0.044303,0.085864,0.161787,0.267276,0.380802,0.471373,0.517552,0.511635,0.454449
0.000080,0.000180,0.000473,0.001235,0.003200,0.008211,0.020727,0.050810,0.117785,0.246437,0.438852,0.644194,0.800309,0.892815,0.940583,0.963662,0.973988,0.977133,0.974784,0.965680,0.944911,0.901602,0.816708,0.669760,0.468304,0.269944,0.131491,0.140789,0.220740,0.311316,0.396534,0.462053,0.499725,0.506592,0.482273,0.428342,0.350335,0.260063,0.282157,0.279902,0.253436,0.208495,0.155041,0.104112,0.136956,0.289629,0.508166,0.719767,0.861312,0.935091,0.969067,0.983982,0.990293,0.992492,0.992105,0.988865,0.980505,0.961062,0.917233,0.824731,0.658316,0.434945,0.232111,0.323963,0.551312,0.754484,0.880364,0.941921,0.967877,0.975605,0.970713,0.949641,0.897828,0.788083,0.599641,0.369743,0.184289,0.079235,0.031508,0.012086,0.021265,0.041191,0.072965,0.115679,0.161436,0.196768,0.209305,0.194426,0.157605,0.111621,0.069665,0.038984,0.077537,0.145755,0.241395,0.346177,0.431586,0.475866,0.470162,0.415487
0.000066,0.000175,0.000457,0.001191,0.003079,0.007880,0.019840,0.048524,0.112405,0.235826,0.423138,0.627693,0.787258,0.883940,0.934723,0.959567,0.970781,0.974213,0.971648,0.961754,0.939363,0.893230,0.804265,0.653559,0.452155,0.258517,0.143803,0.244849,0.369298,0.493583,0.595327,0.664480,0.700971,0.707378,0.684351,0.629831,0.541908,0.425396,0.297781,0.205114,0.184893,0.151162,0.111893,0.075138,0.108744,0.233787,0.428059,0.641339,0.804611,0.899971,0.947922,0.970489,0.980580,0.984226,0.983577,0.978254,0.965098,0.936279,0.875988,0.760333,0.576200,0.360526,0.185859,0.362926,0.601005,0.797276,0.909343,0.960533,0.981117,0.987179,0.983336,0.966723,0.924161,0.827998,0.649216,0.412267,0.208636,0.089722,0.035419,0.018655,0.040559,0.081906,0.149194,0.238362,0.329342,0.395387,0.417863,0.391132,0.321951,0.230033,0.142204,0.077266,0.061792,0.115315,0.191336,0.277173,0.349871,0.388742,0.383686,0.335950
0.000072,0.000159,0.000415,0.001074,0.002758,0.007005,0.017499,0.042512,0.098206,0.207344,0.379403,0.579419,0.747163,0.855597,0.915462,0.945829,0.959879,0.964237,0.960978,0.948549,0.921069,0.866369,0.765805,0.605820,0.406920,0.227728,0.229884,0.375935,0.532603,0.665166,0.757809,0.813404,0.840484,0.845083,0.828339,0.786262,0.710846,0.595235,0.445654,0.290314,0.164364,0.098933,0.073258,0.049454,0.079010,0.171777,0.328354,0.527018,0.708204,0.832478,0.903340,0.939955,0.957465,0.964056,0.962870,0.953343,0.930937,0.885409,0.799477,0.655780,0.462589,0.271796,0.178100,0.366493,0.605372,0.800859,0.911668,0.961978,0.982131,0.988076,0.984304,0.968042,0.926257,0.831308,0.653527,0.416132,0.210908,0.090709,0.035786,0.031208,0.070634,0.146704,0.267928,0.416083,0.549006,0.633698,0.660328,0.628534,0.538916,0.402969,0.255644,0.138167,0.065912,0.080431,0.132837,0.193538,0.246893,0.276343,0.272471,0.236512
0.000188,0.000200,0.000354,0.000907,0.002302,0.005777,0.014252,0.034227,0.078562,0.166854,0.313241,0.499415,0.674118,0.799779,0.875286,0.915998,0.935610,0.941822,0.937169,0.919749,0.882657,0.812983,0.694888,0.525622,0.337705,0.183676,0.329366,0.508711,0.672510,0.789883,0.861198,0.899874,0.917576,0.920506,0.909731,0.881380,0.826120,0.730276,0.585121,0.406793,0.240321,0.122931,0.094871,0.099974,0.092879,0.114640,0.226073,0.387669,0.565688,0.714561,0.814944,0.873687,0.904254,0.916324,0.914126,0.896876,0.858646,0.788117,0.672186,0.510263,0.332153,0.184542,0.160649,0.333908,0.564350,0.766075,0.888432,0.947211,0.971682,0.978927,0.974342,0.954513,0.905197,0.798965,0.612738,0.380651,0.190425,0.081865,0.032490,0.047219,0.110029,0.230566,0.409918,0.599789,0.741406,0.818038,0.840035,0.813657,0.731584,0.584356,0.392668,0.217255,0.102467,0.049972,0.081339,0.117981,0.150865,0.169392,0.166939,0.144403
0.000492,0.000525,0.000522,0.000718,0.001796,0.004435,0.010753,0.025405,0.057637,0.122521,0.235395,0.393653,0.563815,0.704987,0.800722,0.857142,0.885941,0.895335,0.888285,0.862558,0.810647,0.721033,0.585877,0.417637,0.255127,0.243740,0.424530,0.618209,0.770584,0.865830,0.917880,0.944087,0.955543,0.957403,0.950511,0.931747,0.892853,0.818913,0.692136,0.511665,0.317667,0.166402,0.187190,0.197320,0.183222,0.149753,0.139349,0.250205,0.393865,0.540925,0.661634,0.744406,0.792469,0.812651,0.808918,0.780490,0.722131,0.627158,0.495813,0.346070,0.210436,0.112946,0.129176,0.272437,0.479738,0.686044,0.829454,0.906766,0.941756,0.952569,0.945700,0.916982,0.850758,0.722854,0.526653,0.312662,0.153267,0.066062,0.026570,0.063700,0.150921,0.313948,0.534872,0.734528,0.859321,0.918021,0.933734,0.914833,0.851346,0.719671,0.514939,0.296426,0.140440,0.058801,0.044695,0.063871,0.081093,0.090847,0.089553,0.077701
0.001277,0.001370,0.001362,0.001253,0.001314,0.003181,0.007551,0.017468,0.038937,0.082162,0.159882,0.278247,0.423641,0.565054,0.676474,0.750352,0.791146,0.804995,0.794575,0.757845,0.688961,0.582706,0.444293,0.297439,0.173958,0.297618,0.499420,0.693557,0.829831,0.907190,0.946516,0.965321,0.973272,0.974545,0.969803,0.956563,0.927901,0.869887,0.761518,0.589623,0.382480,0.270447,0.321147,0.337401,0.314726,0.259414,0.187498,0.142057,0.234535,0.345323,0.454365,0.542844,0.601227,0.627658,0.622675,0.586106,0.517677,0.421125,0.309173,0.202346,0.118433,0.063040,0.092684,0.197152,0.362602,0.555258,0.716473,0.819066,0.871463,0.888765,0.877703,0.833875,0.743320,0.593927,0.403424,0.227674,0.109897,0.047876,0.029513,0.075833,0.180908,0.371931,0.611970,0.805655,0.913537,0.960648,0.973501,0.958106,0.906979,0.792092,0.591354,0.351888,0.168339,0.069924,0.027103,0.031523,0.039482,0.043963,0.043369,0.037921
0.003288,0.003548,0.003524,0.003223,0.002719,0.002142,0.004962,0.011195,0.024383,0.050617,0.098355,0.174952,0.279124,0.395866,0.503077,0.584371,0.633782,0.651423,0.638107,0.593181,0.516167,0.419749,0.398427,0.350204,0.282139,0.333557,0.545480,0.735596,0.860134,0.926982,0.959568,0.974673,0.980927,0.981919,0.978210,0.967686,0.944287,0.895146,0.798692,0.635572,0.424359,0.401979,0.468847,0.489513,0.460578,0.386952,0.285039,0.182009,0.121496,0.185305,0.256039,0.321316,0.369419,0.392784,0.388296,0.356519,0.301897,0.233477,0.163722,0.104110,0.060544,0.032643,0.059700,0.126234,0.238676,0.389199,0.541863,0.659715,0.729571,0.754622,0.738476,0.678650,0.570756,0.423073,0.268452,0.146167,0.070550,0.031408,0.030728,0.079230,0.189260,0.387558,0.631409,0.822203,0.925359,0.970021,0.983823,0.967549,0.919162,0.809058,0.610753,0.366901,0.176120,0.073037,0.028209,0.014550,0.017931,0.019812,0.019563,0.017271
0.008364,0.009080,0.009015,0.008187,0.006815,0.005220,0.003698,0.006735,0.014271,0.028932,0.055406,0.098694,0.160971,0.237701,0.317080,0.384836,0.430043,0.447044,0.457411,0.529406,0.570584,0.579463,0.555988,0.500511,0.416387,0.345494,0.560122,0.748314,0.868922,0.932542,0.963147,0.977193,0.982968,0.983881,0.980463,0.970711,0.948838,0.902361,0.809718,0.649861,0.438028,0.515864,0.589839,0.611860,0.580917,0.498672,0.376757,0.244769,0.136942,0.087046,0.122145,0.156670,0.183739,0.197464,0.194796,0.176329,0.146153,0.110717,0.076717,0.048860,0.036283,0.044051,0.047359,0.072238,0.136822,0.230905,0.341092,0.441865,0.511038,0.538089,0.520502,0.459798,0.364276,0.253821,0.154593,0.083470,0.066171,0.059979,0.049856,0.072557,0.172834,0.356604,0.592357,0.788400,0.900895,0.950798,0.964066,0.948121,0.893971,0.774450,0.571836,0.337191,0.160822,0.066921,0.026033,0.009836,0.007766,0.008514,0.008415,0.007503
0.020874,0.022804,0.022628,0.020398,0.016742,0.012568,0.008683,0.005563,0.007877,0.015521,0.029028,0.050961,0.083015,0.124216,0.169699,0.232098,0.355759,0.482042,0.587224,0.659706,0.698752,0.706946,0.685109,0.631268,0.543459,0.426469,0.543027,0.733435,0.858623,0.926019,0.958943,0.974231,0.980568,0.981573,0.977814,0.967157,0.943496,0.893901,0.796809,0.633163,0.462448,0.586389,0.661258,0.682973,0.652383,0.568577,0.438051,0.289117,0.162655,0.080220,0.052430,0.067203,0.079010,0.085087,0.083901,0.075756,0.062673,0.047595,0.033304,0.045825,0.063412,0.077709,0.083822,0.079423,0.069863,0.117923,0.178170,0.238999,0.285082,0.304289,0.291719,0.250563,0.191603,0.130029,0.150913,0.162907,0.161191,0.146171,0.121331,0.092127,0.137756,0.287610,0.497210,0.696505,0.828053,0.892555,0.910148,0.889002,0.819435,0.681255,0.477894,0.271349,0.128208,0.053933,0.021364,0.008221,0.003255,0.003543,0.003505,0.003154
0.050401,0.055375,0.054920,0.049176,0.039837,0.029323,0.019747,0.012272,0.007109,0.007901,0.014361,0.024622,0.044191,0.092052,0.175882,0.299112,0.444441,0.580407,0.684063,0.750486,0.784583,0.791588,0.772803,0.724909,0.641983,0.522129,0.494592,0.688967,0.826405,0.904893,0.944972,0.964200,0.972347,0.973652,0.968791,0.955239,0.925982,0.866996,0.757392,0.584719,0.479733,0.604945,0.679582,0.701074,0.670778,0.587073,0.454864,0.301680,0.170077,0.083809,0.037647,0.026947,0.031474,0.033804,0.033349,0.030227,0.025207,0.026037,0.045280,0.071181,0.099578,0.122706,0.132584,0.125476,0.104087,0.075971,0.080982,0.108960,0.130973,0.140402,0.134213,0.157499,0.219681,0.278567,0.323169,0.345659,0.342478,0.314111,0.265150,0.204387,0.143121,0.201238,0.362034,0.541513,0.684301,0.765922,0.790061,0.761157,0.674088,0.526470,0.346256,0.189546,0.089552,0.038507,0.015697,0.006211,0.002415,0.001441,0.001427,0.001391
0.114669,0.126324,0.125259,0.111795,0.089844,0.065172,0.042926,0.025922,0.014524,0.007642,0.010240,0.023777,0.052970,0.110725,0.210424,0.351774,0.509102,0.646475,0.744606,0.804382,0.834085,0.840102,0.823901,0.781660,0.705471,0.588780,0.438591,0.610912,0.764500,0.861388,0.914706,0.941682,0.953511,0.955434,0.948312,0.928967,0.889031,0.813565,0.685232,0.504385,0.447943,0.570594,0.645505,0.667364,0.636590,0.552868,0.423976,0.278738,0.156571,0.077285,0.034885,0.018818,0.012443,0.012945,0.012781,0.011653,0.018206,0.035031,0.061872,0.098324,0.138319,0.170733,0.184506,0.174600,0.144655,0.105078,0.067430,0.044905,0.068223,0.125077,0.208258,0.310579,0.414608,0.501848,0.561177,0.589048,0.585186,0.549573,0.482890,0.390187,0.284717,0.185741,0.223860,0.352494,0.474052,0.555493,0.581871,0.550423,0.464575,0.340850,0.213445,0.115187,0.055395,0.024644,0.010432,0.004931,0.002609,0.001594,0.001753,0.001800
0.235251,0.258069,0.256002,0.229562,0.185350,0.134275,0.087438,0.051655,0.028089,0.014284,0.011148,0.026016,0.058189,0.121770,0.230451,0.381141,0.543294,0.679555,0.773576,0.829368,0.856638,0.862123,0.847324,0.808300,0.736428,0.622962,0.471392,0.499023,0.663109,0.782114,0.855123,0.894990,0.913313,0.916351,0.905186,0.875900,0.819138,0.721513,0.575303,0.397930,0.372793,0.485543,0.558293,0.580178,0.549457,0.468795,0.351541,0.227123,0.126899,0.072086,0.055947,0.039464,0.025488,0.015219,0.008491,0.010373,0.021586,0.042002,0.074856,0.119609,0.168556,0.207947,0.224588,0.212626,0.176278,0.127893,0.081677,0.063860,0.127816,0.231300,0.368593,0.513393,0.635899,0.722108,0.773255,0.795385,0.792388,0.763693,0.704538,0.609185,0.479206,0.333188,0.202371,0.189989,0.264429,0.320033,0.339311,0.316405,0.258295,0.183278,0.113279,0.073955,0.052659,0.033679,0.019617,0.010569,0.005345,0.002570,0.002123,0.002180
0.413031,0.446912,0.443898,0.404380,0.334360,0.247429,0.162554,0.095303,0.050721,0.025036,0.013531,0.026157,0.058517,0.122462,0.231696,0.382939,0.545345,0.681499,0.775251,0.830797,0.857920,0.863373,0.848658,0.809829,0.738230,0.624990,0.473379,0.365358,0.520388,0.653329,0.747353,0.804285,0.832172,0.836919,0.819652,0.776439,0.699566,0.582980,0.434092,0.281457,0.271689,0.362859,0.425763,0.445433,0.417924,0.348868,0.255222,0.176304,0.167523,0.143639,0.111028,0.077493,0.049146,0.028627,0.015515,0.010932,0.022840,0.044606,0.079725,0.127587,0.179836,0.221754,0.239417,0.226723,0.188065,0.136440,0.087022,0.109522,0.217118,0.375343,0.552803,0.703875,0.807194,0.868272,0.900346,0.913295,0.911574,0.894578,0.856551,0.786389,0.671228,0.510445,0.333256,0.185825,0.122794,0.149623,0.159197,0.196742,0.228535,0.234335,0.212253,0.169447,0.119146,0.074285,0.041704,0.021507,0.010389,0.004775,0.002399,0.002464
0.604132,0.640947,0.637748,0.594423,0.511055,0.395203,0.268598,0.159543,0.084228,0.040666,0.022190,0.039637,0.065040,0.112629,0.213897,0.356929,0.515198,0.652466,0.749919,0.809004,0.838277,0.844199,0.828247,0.786571,0.711119,0.594929,0.444397,0.288363,0.356764,0.479189,0.580618,0.650255,0.687248,0.693762,0.670377,0.615290,0.527220,0.411833,0.286972,0.176992,0.171743,0.233093,0.277819,0.292285,0.272122,0.255617,0.295364,0.309621,0.295309,0.255518,0.199259,0.139398,0.087712,0.050187,0.026531,0.026682,0.032270,0.041875,0.074619,0.119221,0.168006,0.207274,0.223864,0.211938,0.175704,0.127477,0.081418,0.171562,0.328934,0.528924,0.711038,0.835409,0.905929,0.942181,0.959490,0.966106,0.965240,0.956472,0.935549,0.892649,0.810725,0.671308,0.479370,0.284899,0.143254,0.202382,0.299789,0.387096,0.441486,0.451061,0.414033,0.337859,0.241342,0.150079,0.082323,0.040896,0.018914,0.008323,0.003537,0.002596
0.753979,0.785537,0.782858,0.745393,0.667023,0.543758,0.388945,0.238667,0.126911,0.060532,0.033447,0.060868,0.101123,0.151078,0.201312,0.306828,0.454189,0.590666,0.693700,0.759214,0.792676,0.799536,0.781129,0.734037,0.651985,0.532345,0.387092,0.245698,0.210877,0.298315,0.381309,0.445657,0.482883,0.489687,0.465616,0.412486,0.336222,0.248747,0.165754,0.099799,0.095149,0.129209,0.154744,0.225119,0.315875,0.395776,0.449016,0.467460,0.448943,0.395640,0.315698,0.224941,0.142432,0.080885,0.046306,0.065603,0.080889,0.086019,0.078696,0.097693,0.137420,0.169622,0.183307,0.173464,0.143713,0.104401,0.113162,0.243484,0.443731,0.658714,0.818663,0.909539,0.954170,0.974771,0.983862,0.987170,0.986743,0.982320,0.971146,0.946190,0.892692,0.786522,0.609436,0.390486,0.213496,0.354521,0.500997,0.614213,0.676500,0.686841,0.645824,0.552429,0.415673,0.267290,0.146966,0.071313,0.031797,0.013448,0.005503,0.002546
0.846268,0.870711,0.868672,0.839454,0.774116,0.660010,0.496990,0.317757,0.172064,0.081823,0.045858,0.084508,0.141166,0.210370,0.278094,0.327678,0.367944,0.496102,0.601562,0.673496,0.711980,0.720031,0.698556,0.645348,0.557831,0.439901,0.308856,0.191079,0.109467,0.158525,0.209100,0.251736,0.278038,0.282990,0.265676,0.229341,0.181074,0.130257,0.085458,0.051486,0.060969,0.118600,0.208048,0.322161,0.438538,0.532749,0.591265,0.610756,0.591187,0.532595,0.438321,0.321923,0.207840,0.118454,0.103016,0.149673,0.186771,0.199187,0.181455,0.141330,0.098619,0.121514,0.131294,0.124257,0.103083,0.075252,0.148898,0.313258,0.540659,0.749549,0.881618,0.947166,0.976137,0.988401,0.993439,0.995183,0.994962,0.992607,0.986316,0.971162,0.935609,0.856708,0.704847,0.483301,0.331776,0.522562,0.688034,0.794097,0.844805,0.852716,0.820492,0.738490,0.595653,0.408166,0.231628,0.111912,0.048633,0.019904,0.007885,0.003066
0.894086,0.913429,0.911835,0.888608,0.834300,0.732452,0.572822,0.379364,0.209527,0.099874,0.056747,0.105298,0.175997,0.260696,0.341268,0.398615,0.420724,0.403671,0.475208,0.547846,0.589064,0.597918,0.574482,0.518779,0.433504,0.328739,0.222943,0.135042,0.074026,0.074792,0.099342,0.120819,0.134492,0.137106,0.128023,0.109439,0.085628,0.061418,0.040565,0.037806,0.080339,0.156726,0.271873,0.410434,0.540963,0.638410,0.695220,0.713511,0.695146,0.638256,0.540731,0.410155,0.271611,0.156534,0.205087,0.298939,0.370306,0.393407,0.360290,0.282449,0.188065,0.107356,0.082759,0.078419,0.065374,0.075231,0.179060,0.368264,0.608006,0.803943,0.914788,0.965115,0.985785,0.993963,0.997122,0.998175,0.998042,0.996612,0.992613,0.982343,0.956540,0.894749,0.764043,0.550078,0.445401,0.658733,0.812870,0.896358,0.931852,0.937119,0.915203,0.854109,0.730368,0.535361,0.318651,0.155828,0.066795,0.026693,0.010313,0.003920
0.913076,0.930068,0.928676,0.908226,0.859381,0.764597,0.609138,0.411078,0.229755,0.109808,0.063066,0.117348,0.195957,0.288934,0.375840,0.436658,0.459859,0.441976,0.385628,0.394819,0.432467,0.440790,0.418946,0.369280,0.298585,0.218960,0.144857,0.086855,0.047813,0.032725,0.043107,0.052241,0.058098,0.059223,0.055322,0.047392,0.037303,0.027072,0.035037,0.044772,0.095752,0.186594,0.319828,0.472514,0.607787,0.703015,0.756155,0.772879,0.756088,0.702869,0.607554,0.472216,0.319531,0.205150,0.348390,0.493393,0.592461,0.622387,0.579161,0.469093,0.320454,0.182768,0.089643,0.044301,0.037240,0.083064,0.197197,0.399640,0.643170,0.829778,0.929372,0.972535,0.989554,0.996019,0.998432,0.999260,0.999148,0.998045,0.994971,0.986771,0.965316,0.911762,0.792781,0.585775,0.525589,0.740767,0.876937,0.942760,0.968844,0.972654,0.956734,0.910229,0.806226,0.619872,0.384596,0.191297,0.081609,0.032149,0.012224,0.004578
0.911119,0.928363,0.926949,0.906202,0.856761,0.761176,0.605185,0.407549,0.227469,0.108678,0.062808,0.116856,0.195146,0.287796,0.374459,0.435150,0.458312,0.440458,0.384225,0.299965,0.274485,0.280730,0.264456,0.228785,0.180818,0.130059,0.085231,0.051248,0.028594,0.014991,0.017776,0.021336,0.023610,0.024045,0.022533,0.019449,0.022306,0.034451,0.048495,0.061693,0.103014,0.200492,0.341498,0.499379,0.635391,0.728700,0.779801,0.795729,0.779736,0.728558,0.635161,0.499075,0.341188,0.299120,0.493525,0.666309,0.769467,0.798268,0.756318,0.639152,0.457345,0.266951,0.129835,0.055932,0.032658,0.083980,0.199303,0.403201,0.647020,0.832505,0.930867,0.973277,0.989922,0.996216,0.998557,0.999380,0.999263,0.998181,0.995198,0.987207,0.966199,0.913518,0.795840,0.589720,0.557921,0.770758,0.898290,0.957239,0.980324,0.983867,0.969535,0.928360,0.832884,0.652664,0.412480,0.207008,0.088243,0.034578,0.013064,0.004864
0.887364,0.907492,0.905830,0.881677,0.825597,0.721590,0.560949,0.369327,0.203266,0.096827,0.056058,0.103983,0.173808,0.257572,0.337403,0.394327,0.416298,0.399350,0.346503,0.268688,0.184288,0.154878,0.145233,0.124547,0.097602,0.069967,0.046077,0.028084,0.015993,0.010644,0.013549,0.015657,0.016365,0.015453,0.013201,0.016276,0.027535,0.042841,0.060621,0.077363,0.099989,0.194717,0.332544,0.488367,0.624171,0.718331,0.770296,0.786557,0.770230,0.718188,0.623940,0.488066,0.332239,0.370629,0.592746,0.769606,0.865176,0.890667,0.853392,0.743197,0.553149,0.331852,0.161886,0.068760,0.030322,0.077745,0.184910,0.378521,0.619751,0.812760,0.919850,0.967726,0.987128,0.994705,0.997598,0.998559,0.998437,0.997133,0.993462,0.983916,0.959618,0.900633,0.773803,0.561935,0.538958,0.753376,0.886050,0.948999,0.973750,0.977396,0.962251,0.918005,0.817507,0.633521,0.396028,0.197682,0.084299,0.033135,0.012566,0.004695
0.832208,0.857952,0.855799,0.825061,0.757105,0.640564,0.477858,0.303077,0.163455,0.077730,0.044947,0.082769,0.138234,0.206076,0.272615,0.321443,0.340638,0.325814,0.280338,0.215220,0.146630,0.091269,0.076088,0.061314,0.048204,0.034847,0.023285,0.014483,0.018864,0.027034,0.035129,0.041100,0.043120,0.040517,0.034152,0.025938,0.030740,0.048006,0.068103,0.087033,0.099732,0.170812,0.294721,0.440467,0.573823,0.670607,0.725845,0.743433,0.725774,0.670457,0.573589,0.440178,0.294443,0.393859,0.622819,0.798540,0.890787,0.915322,0.879478,0.772729,0.582613,0.353126,0.172677,0.073076,0.028715,0.065930,0.157204,0.328762,0.560409,0.766197,0.892125,0.953003,0.979345,0.990289,0.994710,0.996224,0.996032,0.993985,0.988443,0.974861,0.942375,0.868668,0.722787,0.502677,0.470523,0.685638,0.834796,0.912731,0.945078,0.949835,0.929970,0.873588,0.755707,0.562319,0.338857,0.166466,0.071218,0.028328,0.010889,0.004120
0.729170,0.762106,0.759297,0.720260,0.639851,0.516327,0.365419,0.222550,0.118044,0.056393,0.032542,0.059151,0.098205,0.146706,0.195561,0.232455,0.247237,0.235806,0.201332,0.189311,0.207463,0.197827,0.164071,0.118457,0.075042,0.042427,0.021891,0.027782,0.045003,0.066196,0.087511,0.103330,0.108688,0.101784,0.084928,0.063330,0.042490,0.048349,0.068600,0.087676,0.100471,0.135071,0.235964,0.361560,0.485335,0.582018,0.640385,0.659530,0.640308,0.581862,0.485109,0.361302,0.235731,0.360818,0.579726,0.756740,0.853645,0.879600,0.841653,0.730122,0.540457,0.322896,0.157389,0.066962,0.026532,0.051291,0.122192,0.261582,0.470183,0.685081,0.837935,0.921524,0.961382,0.979358,0.987146,0.989946,0.989586,0.985834,0.976223,0.954333,0.906244,0.807759,0.636724,0.415457,0.363373,0.562872,0.727429,0.827970,0.874428,0.881569,0.852296,0.775788,0.636622,0.444382,0.255179,0.123529,0.053430,0.021711,0.008538,0.004750
0.568493,0.605537,0.602303,0.558788,0.476474,0.364819,0.245855,0.145409,0.076793,0.037211,0.021446,0.038246,0.062682,0.093144,0.124288,0.148261,0.157997,0.196434,0.283271,0.353170,0.384402,0.367923,0.308422,0.224066,0.140691,0.077498,0.038507,0.060839,0.101207,0.150985,0.200245,0.235953,0.247852,0.232500,0.194340,0.144284,0.095293,0.056538,0.061951,0.079082,0.090578,0.096257,0.169421,0.265667,0.368395,0.455798,0.512357,0.531628,0.512280,0.455652,0.368199,0.265462,0.169249,0.282963,0.469731,0.639729,0.743622,0.773007,0.730265,0.612702,0.434661,0.252398,0.122797,0.053107,0.021513,0.036721,0.086813,0.188948,0.358136,0.564447,0.742696,0.858474,0.921558,0.953050,0.967780,0.973340,0.972614,0.965229,0.947348,0.909846,0.835923,0.704649,0.514310,0.311355,0.243115,0.399132,0.554284,0.668609,0.729208,0.739101,0.699577,0.606862,0.464837,0.303306,0.167720,0.081136,0.035892,0.021796,0.016807,0.011825
0.375075,0.407220,0.404348,0.366914,0.301504,0.221738,0.145136,0.085091,0.045436,0.022547,0.013001,0.022631,0.036378,0.053358,0.070722,0.101768,0.194345,0.320631,0.449740,0.544170,0.583551,0.562989,0.484717,0.363069,0.231599,0.126574,0.065803,0.123214,0.206235,0.303371,0.392144,0.451614,0.470520,0.446043,0.381912,0.290708,0.194263,0.114239,0.060237,0.063968,0.073169,0.075022,0.109020,0.173079,0.245917,0.312727,0.358903,0.375246,0.358839,0.312610,0.245773,0.172939,0.108908,0.188470,0.321028,0.457973,0.553704,0.583038,0.540732,0.434782,0.294999,0.167923,0.082648,0.036832,0.020831,0.024323,0.056580,0.123567,0.243454,0.414137,0.596249,0.742769,0.838048,0.892255,0.919991,0.931025,0.929564,0.915044,0.881987,0.819208,0.711805,0.553730,0.369461,0.208867,0.140703,0.238181,0.349748,0.446596,0.505245,0.515428,0.475810,0.392373,0.283209,0.177008,0.096876,0.070185,0.065864,0.055374,0.041865,0.028657
0.206463,0.226843,0.224993,0.201398,0.162235,0.117378,0.076507,0.045353,0.024796,0.021207,0.026900,0.030188,0.029837,0.028560,0.067089,0.145483,0.277431,0.445587,0.599595,0.699998,0.738784,0.718759,0.638002,0.498307,0.328676,0.181340,0.118861,0.223224,0.363313,0.507105,0.619533,0.685412,0.704872,0.679545,0.607457,0.489615,0.344055,0.207233,0.108557,0.051237,0.053158,0.054480,0.063438,0.100496,0.144086,0.186010,0.216341,0.227379,0.216298,0.185934,0.143998,0.100414,0.063374,0.107614,0.183162,0.267440,0.332345,0.353541,0.323185,0.252553,0.167975,0.096191,0.049808,0.054845,0.054237,0.048183,0.038550,0.073609,0.147302,0.264367,0.414214,0.564615,0.685319,0.766476,0.813069,0.832852,0.830186,0.804450,0.750198,0.659526,0.529845,0.376221,0.231966,0.125486,0.072041,0.121493,0.181814,0.239247,0.277143,0.284011,0.257787,0.206398,0.145233,0.137031,0.161103,0.169093,0.158512,0.132646,0.099119,0.066420
0.098197,0.108165,0.107254,0.095741,0.077007,0.055979,0.037011,0.022470,0.035555,0.052264,0.067832,0.076959,0.075980,0.065306,0.082982,0.181374,0.342697,0.535094,0.695405,0.790850,0.825678,0.807843,0.732795,0.591786,0.403086,0.225917,0.192080,0.351781,0.538626,0.696913,0.798857,0.850390,0.864501,0.846037,0.788769,0.679388,0.514889,0.328378,0.175517,0.091977,0.114372,0.120729,0.107934,0.082127,0.075482,0.097526,0.113804,0.119809,0.113781,0.097486,0.075436,0.052911,0.033880,0.054247,0.089856,0.130111,0.162184,0.172942,0.157582,0.122909,0.082696,0.099128,0.122363,0.135190,0.133645,0.118216,0.093614,0.066567,0.080402,0.147337,0.243561,0.358349,0.470508,0.560830,0.620250,0.647593,0.643827,0.608758,0.541499,0.444607,0.329741,0.217750,0.128234,0.068462,0.033888,0.055367,0.081844,0.107656,0.125195,0.128427,0.116178,0.152337,0.223857,0.291534,0.338553,0.353689,0.333592,0.282745,0.213424,0.142752
0.042535,0.046688,0.046308,0.041513,0.033708,0.024903,0.024812,0.046805,0.079924,0.120850,0.159293,0.181780,0.179373,0.153055,0.113145,0.196672,0.369574,0.569677,0.729829,0.821725,0.854516,0.837777,0.766167,0.627071,0.433194,0.244777,0.273976,0.479500,0.683048,0.824606,0.901058,0.935148,0.943913,0.932394,0.894016,0.810299,0.659407,0.451168,0.251113,0.203071,0.254788,0.269328,0.239991,0.180176,0.114750,0.063393,0.054068,0.056853,0.054057,0.046517,0.036326,0.025875,0.016934,0.025022,0.039792,0.056059,0.068900,0.073204,0.067059,0.103708,0.159878,0.219772,0.269292,0.295785,0.292627,0.260594,0.207750,0.147544,0.093550,0.073643,0.123653,0.189120,0.261865,0.329165,0.379036,0.403810,0.400322,0.368987,0.313973,0.244127,0.172074,0.109881,0.064083,0.034606,0.017566,0.023536,0.033868,0.043807,0.050536,0.096103,0.177690,0.289492,0.410490,0.511986,0.575271,0.594441,0.568864,0.499510,0.393719,0.272231
0.017475,0.019067,0.018922,0.017081,0.014059,0.022148,0.047351,0.093154,0.163479,0.249204,0.326528,0.369876,0.365308,0.314244,0.233285,0.185526,0.350048,0.544685,0.705097,0.799639,0.833925,0.816383,0.742229,0.601620,0.411353,0.231044,0.345094,0.576455,0.774532,0.892659,0.948747,0.971604,0.977243,0.969813,0.943846,0.881514,0.753183,0.546380,0.317549,0.381215,0.471287,0.495490,0.446141,0.339502,0.215432,0.115603,0.054651,0.025178,0.024003,0.020824,0.016489,0.011978,0.008035,0.010878,0.016572,0.022598,0.030132,0.062599,0.119870,0.206044,0.311781,0.414437,0.491136,0.529204,0.524772,0.478192,0.394704,0.289310,0.186064,0.105643,0.056632,0.086914,0.122363,0.157459,0.185247,0.199709,0.197644,0.179511,0.149312,0.113506,0.078907,0.050397,0.029821,0.016519,0.008656,0.009605,0.014936,0.035470,0.079935,0.165354,0.300848,0.466180,0.617062,0.722716,0.779843,0.795907,0.774348,0.710688,0.597827,0.442298
0.006970,0.007558,0.007504,0.006825,0.015555,0.036780,0.081894,0.165555,0.290993,0.432338,0.546305,0.604358,0.598437,0.529092,0.407235,0.265616,0.289899,0.463288,0.619311,0.719272,0.757459,0.737775,0.657728,0.517030,0.343026,0.190846,0.387859,0.628835,0.817979,0.921474,0.967260,0.985176,0.989698,0.983770,0.963371,0.912078,0.798459,0.598653,0.406526,0.580065,0.692124,0.720104,0.662104,0.523922,0.342039,0.182940,0.083917,0.037523,0.030603,0.021826,0.013831,0.007936,0.004200,0.004547,0.009626,0.022882,0.052120,0.110949,0.212987,0.355549,0.508326,0.633557,0.713550,0.749309,0.745274,0.700811,0.611159,0.477936,0.323887,0.188064,0.095584,0.044162,0.051373,0.066053,0.077909,0.084177,0.083278,0.075442,0.062620,0.047709,0.041502,0.037451,0.029783,0.021058,0.013406,0.008664,0.021868,0.053407,0.122627,0.252274,0.439660,0.633216,0.777321,0.861066,0.900677,0.911097,0.897040,0.852220,0.760587,0.607627
0.002732,0.002945,0.003411,0.008820,0.022374,0.054778,0.125471,0.255493,0.437203,0.615912,0.738654,0.793989,0.788562,0.721327,0.586314,0.402077,0.226869,0.341918,0.476571,0.573249,0.613057,0.592312,0.512573,0.386465,0.247672,0.193651,0.392867,0.634691,0.822588,0.924394,0.969075,0.986514,0.990997,0.985139,0.965292,0.915193,0.803294,0.604537,0.531290,0.726061,0.838185,0.864869,0.809089,0.665920,0.452461,0.245548,0.111166,0.065932,0.053037,0.036978,0.022756,0.012633,0.008848,0.008857,0.014373,0.035229,0.082332,0.176843,0.331669,0.521275,0.689075,0.801512,0.862481,0.887116,0.884417,0.853316,0.782959,0.658482,0.481978,0.295218,0.152399,0.069452,0.029356,0.025946,0.030390,0.032739,0.038262,0.058584,0.079342,0.093981,0.096824,0.086686,0.067674,0.046476,0.028486,0.015869,0.029189,0.072712,0.168237,0.339285,0.560030,0.752334,0.871821,0.931519,0.956925,0.963264,0.954677,0.925581,0.859003,0.728996
0.001059,0.001572,0.004187,0.011060,0.028734,0.072039,0.167539,0.338522,0.557274,0.744078,0.854885,0.900119,0.895807,0.840124,0.715197,0.517142,0.301732,0.214985,0.309140,0.383977,0.417100,0.399649,0.336175,0.245070,0.154012,0.175032,0.359110,0.594097,0.789617,0.902924,0.955467,0.976550,0.981736,0.974903,0.950920,0.892370,0.768844,0.563917,0.589450,0.787539,0.897085,0.924633,0.868508,0.727774,0.505668,0.277636,0.125308,0.101830,0.081092,0.055558,0.033392,0.018643,0.020690,0.020712,0.019694,0.049423,0.117348,0.250520,0.450551,0.659669,0.812055,0.897394,0.937799,0.952834,0.951225,0.932008,0.884254,0.786506,0.619598,0.405767,0.216736,0.098790,0.040996,0.016216,0.022503,0.043677,0.077175,0.121290,0.166584,0.198329,0.204459,0.182543,0.141139,0.094927,0.056307,0.030099,0.035258,0.088872,0.205723,0.405678,0.640015,0.819509,0.917915,0.962324,0.979940,0.984212,0.978415,0.958086,0.907917,0.799041
0.000640,0.001727,0.004645,0.012407,0.032635,0.082786,0.193621,0.387569,0.621226,0.804155,0.904150,0.943440,0.939684,0.891204,0.777007,0.579807,0.346542,0.167216,0.168236,0.211938,0.232156,0.221429,0.183737,0.186915,0.204506,0.205423,0.293776,0.507770,0.711264,0.846650,0.917070,0.947650,0.955408,0.945202,0.910682,0.833237,0.688124,0.478737,0.566437,0.763693,0.874156,0.900761,0.845534,0.703633,0.484467,0.264674,0.144604,0.135154,0.107019,0.072533,0.042924,0.041404,0.046276,0.046330,0.041549,0.062663,0.149864,0.315397,0.542952,0.749911,0.879490,0.943176,0.970500,0.980075,0.979067,0.966721,0.933856,0.859099,0.712794,0.494441,0.274332,0.126137,0.051827,0.020163,0.038383,0.077306,0.140194,0.222472,0.304183,0.359106,0.369462,0.332059,0.258714,0.173512,0.100941,0.052196,0.038360,0.097158,0.224619,0.437354,0.674809,0.845942,0.934570,0.972760,0.987528,0.991188,0.986246,0.969181,0.925786,0.826984
0.000640,0.001726,0.004642,0.012400,0.032615,0.082730,0.193485,0.387317,0.620911,0.803873,0.903926,0.943242,0.939484,0.890971,0.776714,0.579495,0.346310,0.167098,0.079681,0.112539,0.175103,0.246820,0.315533,0.368830,0.398185,0.399686,0.373152,0.385524,0.579575,0.735677,0.831512,0.878311,0.890905,0.874406,0.822213,0.718810,0.555477,0.360559,0.467426,0.653776,0.767496,0.795073,0.737556,0.594795,0.395364,0.212590,0.162892,0.152175,0.120253,0.081158,0.068480,0.086140,0.096758,0.096876,0.086456,0.071425,0.171181,0.355876,0.595059,0.794736,0.909330,0.961660,0.982902,0.990199,0.989425,0.980015,0.954224,0.891937,0.760318,0.545682,0.310796,0.144146,0.058989,0.026229,0.058875,0.121713,0.222861,0.349551,0.466135,0.538671,0.551808,0.503552,0.402499,0.275143,0.159976,0.081065,0.037511,0.094889,0.219469,0.428840,0.665663,0.839153,0.930375,0.970169,0.985643,0.989425,0.984304,0.966423,0.921274,0.819784
0.000586,0.001569,0.004180,0.011042,0.028681,0.071893,0.167185,0.337841,0.556351,0.743169,0.854115,0.899438,0.895116,0.839329,0.714270,0.516245,0.301114,0.144411,0.126717,0.214023,0.322844,0.434360,0.528456,0.593554,0.626697,0.628342,0.598550,0.536783,0.445376,0.559222,0.671941,0.735529,0.753943,0.729944,0.660081,0.541236,0.387178,0.235977,0.322379,0.470681,0.573709,0.600553,0.545433,0.421402,0.269863,0.144146,0.154891,0.144728,0.114462,0.091219,0.129187,0.163075,0.183243,0.183468,0.163678,0.129987,0.175016,0.362981,0.603785,0.801838,0.913833,0.964343,0.984662,0.991665,0.990914,0.981906,0.957201,0.896939,0.767933,0.554358,0.317241,0.147393,0.060285,0.034774,0.079881,0.167464,0.305216,0.466839,0.602272,0.679612,0.693038,0.642843,0.530015,0.373602,0.220272,0.110829,0.049876,0.082815,0.191764,0.381508,0.612029,0.797038,0.903088,0.952708,0.972876,0.977802,0.971119,0.947902,0.892102,0.775463
0.000494,0.001301,0.003402,0.008796,0.022307,0.054598,0.125033,0.254605,0.435839,0.614338,0.737134,0.792555,0.787118,0.719787,0.584754,0.400787,0.226074,0.119643,0.220384,0.357735,0.506251,0.634249,0.725558,0.780848,0.806730,0.807977,0.784844,0.732973,0.645684,0.521147,0.449698,0.513180,0.533023,0.507302,0.438616,0.337879,0.227843,0.134333,0.184228,0.274217,0.342976,0.362020,0.323460,0.243337,0.154091,0.112711,0.124518,0.116465,0.096729,0.153885,0.217529,0.272588,0.304448,0.304799,0.273552,0.218849,0.160208,0.335248,0.569019,0.772858,0.895071,0.952977,0.977139,0.985487,0.984609,0.973828,0.944626,0.876182,0.737011,0.519956,0.292160,0.134867,0.055294,0.040756,0.094791,0.199725,0.360880,0.540179,0.680387,0.755843,0.768579,0.720409,0.606806,0.438204,0.262241,0.131970,0.058792,0.064723,0.149449,0.304247,0.513750,0.709197,0.839469,0.908422,0.938978,0.946758,0.936235,0.901403,0.825061,0.684660
0.000500,0.000988,0.002518,0.006319,0.015492,0.036618,0.081505,0.164739,0.289597,0.430442,0.544166,0.602161,0.596244,0.526980,0.405414,0.264329,0.146137,0.191522,0.340537,0.517162,0.675594,0.788272,0.856671,0.893560,0.909678,0.910435,0.896096,0.861813,0.797363,0.689781,0.535447,0.358584,0.297535,0.279598,0.234578,0.174682,0.115333,0.130818,0.186393,0.235745,0.265436,0.267197,0.240542,0.192887,0.137305,0.087060,0.085361,0.081505,0.145382,0.230459,0.321222,0.395736,0.437048,0.437496,0.397005,0.323054,0.232408,0.278593,0.491916,0.701834,0.844789,0.920267,0.954458,0.966838,0.965524,0.949635,0.908907,0.821493,0.662762,0.445138,0.241539,0.110418,0.045598,0.041969,0.097829,0.206259,0.371881,0.554089,0.694581,0.769307,0.781851,0.734300,0.621097,0.450768,0.270674,0.136274,0.060605,0.045527,0.103869,0.214656,0.381872,0.567720,0.718414,0.812843,0.859941,0.872661,0.855536,0.802565,0.700229,0.542193
0.001087,0.001475,0.001833,0.004134,0.009733,0.022029,0.047075,0.092579,0.162444,0.247644,0.324550,0.367693,0.363145,0.312328,0.231817,0.147989,0.139498,0.276487,0.465795,0.655729,0.796846,0.881710,0.927032,0.949405,0.958676,0.959104,0.950885,0.930242,0.888007,0.808224,0.673371,0.486881,0.294547,0.150857,0.105775,0.078638,0.128637,0.205599,0.289756,0.360927,0.401996,0.404390,0.367654,0.299323,0.215620,0.136896,0.077409,0.108937,0.194466,0.304713,0.416262,0.502633,0.548416,0.548903,0.504062,0.418443,0.307178,0.206323,0.381040,0.581968,0.746002,0.847787,0.899837,0.920137,0.917935,0.892172,0.831485,0.717133,0.541621,0.340691,0.178021,0.081014,0.033953,0.037928,0.087728,0.184477,0.334843,0.506486,0.645183,0.721929,0.735053,0.685681,0.571825,0.408196,0.242470,0.121956,0.054572,0.029076,0.064793,0.133573,0.245572,0.390201,0.533005,0.641300,0.703526,0.721576,0.697410,0.628555,0.514097,0.368637
0.002269,0.003150,0.003981,0.004549,0.005613,0.012105,0.024646,0.046472,0.079328,0.119924,0.158061,0.180374,0.177985,0.151873,0.112282,0.084774,0.187416,0.360271,0.572515,0.754369,0.869976,0.931245,0.961029,0.974774,0.980231,0.980479,0.975656,0.963045,0.935519,0.878567,0.769727,0.594217,0.381877,0.202317,0.092595,0.100348,0.180276,0.285195,0.393848,0.480175,0.527581,0.530289,0.488061,0.405755,0.298488,0.191752,0.108248,0.129909,0.231225,0.358022,0.480878,0.571820,0.618460,0.618950,0.573292,0.483220,0.360798,0.233740,0.258682,0.422729,0.586197,0.709831,0.783640,0.815264,0.811740,0.772165,0.688431,0.554761,0.387204,0.228994,0.116786,0.053566,0.022993,0.030200,0.068586,0.142880,0.261411,0.405716,0.533013,0.609139,0.622656,0.572593,0.464247,0.321629,0.187968,0.094815,0.043094,0.018347,0.036758,0.074204,0.136933,0.225341,0.325905,0.415469,0.474290,0.492624,0.468218,0.404161,0.311599,0.211447
0.004506,0.006408,0.008246,0.009522,0.009818,0.009028,0.011970,0.021510,0.035264,0.051820,0.067243,0.076284,0.075314,0.064740,0.048722,0.104770,0.229720,0.428111,0.647949,0.814621,0.909522,0.955678,0.976683,0.985895,0.989427,0.989585,0.986471,0.978058,0.958762,0.916190,0.827749,0.668905,0.451714,0.247461,0.114433,0.125248,0.224434,0.350207,0.473823,0.566728,0.615656,0.618406,0.574971,0.486924,0.365712,0.238464,0.135145,0.137982,0.245168,0.377698,0.503946,0.595816,0.642357,0.642845,0.597292,0.506330,0.380576,0.247817,0.153186,0.261366,0.388239,0.504209,0.585929,0.624884,0.620404,0.572439,0.482495,0.361882,0.236624,0.135006,0.068766,0.032249,0.014296,0.021374,0.047157,0.096240,0.175659,0.277992,0.376652,0.440923,0.452842,0.409493,0.322170,0.217394,0.126141,0.064523,0.030114,0.013214,0.019284,0.037627,0.068021,0.111889,0.165024,0.216701,0.253606,0.265686,0.249670,0.209899,0.157190,0.104856
0.008411,0.012259,0.016070,0.018760,0.019387,0.017714,0.014360,0.010411,0.014798,0.021018,0.026654,0.029908,0.029561,0.025747,0.049029,0.118535,0.257957,0.470304,0.690396,0.845365,0.928197,0.966549,0.983323,0.990441,0.993106,0.993224,0.990879,0.984398,0.969046,0.933832,0.857084,0.710473,0.494732,0.277429,0.129441,0.139269,0.248818,0.384801,0.514468,0.608967,0.657630,0.660341,0.617220,0.527954,0.401295,0.264166,0.150269,0.130513,0.232272,0.359510,0.482638,0.573664,0.620303,0.620794,0.575137,0.484984,0.362295,0.234798,0.132297,0.138573,0.212988,0.290152,0.351930,0.384172,0.380359,0.341219,0.274870,0.196799,0.124953,0.071089,0.036948,0.017917,0.008251,0.013618,0.028928,0.057148,0.102343,0.161955,0.222593,0.264514,0.272543,0.243737,0.188629,0.126361,0.074145,0.038996,0.018877,0.008605,0.009509,0.017824,0.031152,0.050075,0.073105,0.096016,0.112852,0.118466,0.111034,0.092961,0.069684,0.047046
0.014551,0.021712,0.028966,0.034165,0.035385,0.032136,0.025693,0.018248,0.011662,0.008246,0.010221,0.011341,0.011222,0.019899,0.050761,0.122784,0.266522,0.482629,0.702190,0.853522,0.932976,0.969253,0.984936,0.991523,0.993971,0.994080,0.991926,0.985933,0.971598,0.938333,0.864834,0.721963,0.507236,0.286491,0.134069,0.137897,0.246450,0.381483,0.510627,0.605027,0.653744,0.656460,0.613284,0.524083,0.397888,0.261672,0.148791,0.109950,0.196258,0.307360,0.419542,0.506214,0.552082,0.552570,0.507646,0.421733,0.309841,0.198425,0.111450,0.065392,0.100375,0.138478,0.170890,0.189714,0.192440,0.173176,0.138109,0.097713,0.061768,0.035368,0.018664,0.009315,0.004469,0.007928,0.016123,0.030569,0.052969,0.082174,0.112182,0.133361,0.137471,0.122809,0.095305,0.064738,0.039058,0.021347,0.015014,0.019838,0.024234,0.027280,0.028248,0.026890,0.030018,0.038832,0.045289,0.047443,0.044592,0.037659,0.028696,0.019865
0.022953,0.034966,0.047364,0.056349,0.058468,0.052834,0.041748,0.029122,0.018193,0.010352,0.005457,0.005022,0.007269,0.018941,0.048186,0.116464,0.253756,0.464178,0.684433,0.841179,0.925715,0.965132,0.982472,0.989865,0.992644,0.992767,0.990322,0.983586,0.967708,0.931493,0.853101,0.704655,0.488507,0.272979,0.127184,0.121586,0.218006,0.340930,0.462696,0.554957,0.603839,0.606593,0.563178,0.475665,0.356147,0.231676,0.131192,0.082633,0.147418,0.233604,0.325363,0.400517,0.442106,0.442556,0.401795,0.327212,0.235577,0.149064,0.083750,0.114095,0.187237,0.270478,0.343599,0.387737,0.392659,0.357318,0.289669,0.206868,0.129836,0.072508,0.036855,0.017461,0.007863,0.004281,0.008318,0.015082,0.025114,0.037767,0.050530,0.059476,0.061210,0.055022,0.043371,0.030254,0.018933,0.024969,0.036261,0.048650,0.060032,0.067949,0.070466,0.066933,0.058257,0.046527,0.034198,0.023244,0.017088,0.014616,0.011370,0.008093
0.032499,0.050311,0.068924,0.082504,0.085716,0.077185,0.060470,0.041611,0.025534,0.014235,0.007345,0.003741,0.006432,0.016618,0.041966,0.101134,0.222139,0.416368,0.635545,0.805216,0.903605,0.952138,0.974473,0.984355,0.988168,0.988339,0.984976,0.975943,0.955405,0.910582,0.818737,0.656693,0.439683,0.239392,0.110465,0.095530,0.171621,0.272110,0.377193,0.461585,0.508317,0.510996,0.469339,0.388783,0.284905,0.182574,0.103039,0.055705,0.098530,0.156762,0.221519,0.277443,0.309755,0.310111,0.278421,0.222861,0.158120,0.099625,0.115876,0.214200,0.343959,0.475481,0.576357,0.630913,0.636714,0.593809,0.503263,0.376587,0.243134,0.135714,0.067315,0.030732,0.013289,0.005547,0.005571,0.007007,0.011202,0.016284,0.021257,0.024679,0.025337,0.022980,0.018482,0.020749,0.035562,0.056757,0.083615,0.113008,0.139736,0.158108,0.163904,0.155762,0.135590,0.107988,0.078704,0.052666,0.032575,0.018793,0.010213,0.005277
0.040749,0.063735,0.087912,0.105600,0.109785,0.098671,0.076918,0.052482,0.031831,0.017504,0.008903,0.004264,0.005283,0.013469,0.033593,0.080405,0.177980,0.344361,0.553451,0.737945,0.858526,0.923847,0.956126,0.971204,0.977239,0.977514,0.972177,0.958329,0.928453,0.867616,0.753797,0.575184,0.365382,0.192210,0.087818,0.067125,0.120032,0.192004,0.271337,0.339088,0.378500,0.380805,0.345527,0.280406,0.201412,0.127735,0.072315,0.059135,0.059122,0.093343,0.132218,0.166889,0.187508,0.187737,0.167506,0.133037,0.094148,0.092613,0.193098,0.348856,0.528509,0.679570,0.775813,0.821335,0.825918,0.790857,0.707699,0.568830,0.391589,0.225706,0.111519,0.049594,0.020719,0.011589,0.013583,0.014535,0.014178,0.012614,0.010262,0.009843,0.010081,0.011554,0.022892,0.042896,0.075043,0.120962,0.177854,0.237626,0.289368,0.323421,0.333906,0.319141,0.281512,0.227624,0.167597,0.112147,0.068545,0.038685,0.020430,0.010225
0.044829,0.070415,0.097387,0.117130,0.121800,0.109395,0.085119,0.057879,0.034934,0.019098,0.009655,0.007067,0.007769,0.010118,0.024797,0.058620,0.130035,0.259066,0.441564,0.630950,0.776798,0.867217,0.916616,0.941388,0.951754,0.952234,0.943039,0.920152,0.874028,0.788788,0.648918,0.462251,0.276247,0.140658,0.063981,0.042536,0.074989,0.119675,0.170606,0.216102,0.243622,0.245258,0.220541,0.176576,0.125607,0.116222,0.113465,0.098665,0.076551,0.053258,0.070372,0.088547,0.099473,0.099595,0.088873,0.070799,0.058688,0.136763,0.282786,0.487401,0.685695,0.821703,0.894214,0.924640,0.927561,0.904549,0.844030,0.724684,0.538259,0.328028,0.164856,0.072368,0.029458,0.027109,0.032126,0.034538,0.033632,0.029680,0.023802,0.017430,0.011736,0.021397,0.043590,0.083307,0.146550,0.233154,0.332468,0.426732,0.500281,0.544857,0.558000,0.539414,0.489576,0.411668,0.315253,0.216948,0.133900,0.074937,0.038733,0.018838
0.043104,0.067588,0.093375,0.112247,0.116712,0.104854,0.081646,0.055595,0.033623,0.018425,0.009853,0.011906,0.013144,0.013227,0.016964,0.039354,0.086681,0.175729,0.315255,0.485881,0.645011,0.762515,0.836016,0.876495,0.894401,0.895247,0.879303,0.841620,0.772180,0.659589,0.503928,0.332405,0.188091,0.093803,0.042889,0.024620,0.042416,0.066736,0.094686,0.120146,0.135857,0.136800,0.122663,0.128954,0.158804,0.174077,0.169960,0.147764,0.114354,0.078991,0.049117,0.042696,0.047732,0.047789,0.042846,0.034495,0.076382,0.179229,0.363472,0.595203,0.786686,0.897999,0.949844,0.969798,0.971658,0.956746,0.914571,0.820334,0.647496,0.417560,0.215681,0.094488,0.045816,0.060526,0.072367,0.078075,0.075930,0.066587,0.052760,0.037937,0.024931,0.037300,0.077542,0.148953,0.257193,0.391279,0.524536,0.632463,0.705553,0.745579,0.756803,0.740854,0.695476,0.616337,0.502940,0.367479,0.236200,0.134069,0.068718,0.032695
0.036280,0.056449,0.077595,0.093047,0.096703,0.086994,0.067984,0.046586,0.028425,0.015741,0.015328,0.018653,0.020669,0.020805,0.019021,0.024494,0.053039,0.107626,0.199065,0.326526,0.469002,0.596529,0.690698,0.749228,0.777067,0.778415,0.753507,0.698477,0.608166,0.483601,0.341345,0.210986,0.115388,0.057342,0.026633,0.013210,0.022115,0.034017,0.047541,0.059838,0.067447,0.080241,0.124367,0.171981,0.211375,0.231329,0.225964,0.196863,0.152545,0.105128,0.064895,0.036396,0.021388,0.021411,0.019330,0.034658,0.088570,0.208043,0.414775,0.655894,0.835978,0.930871,0.971805,0.987277,0.988827,0.977099,0.944212,0.865535,0.706937,0.473104,0.249820,0.109717,0.094399,0.125669,0.150641,0.162587,0.158104,0.138480,0.109184,0.077614,0.050038,0.060571,0.127053,0.240490,0.396549,0.562123,0.698877,0.791826,0.846661,0.874087,0.881456,0.870944,0.839470,0.778871,0.678443,0.534886,0.367870,0.217474,0.112574,0.052930
0.026921,0.041316,0.056259,0.067126,0.069693,0.062873,0.049481,0.034300,0.021253,0.016393,0.021995,0.026920,0.029918,0.030121,0.027467,0.022733,0.030099,0.060204,0.112009,0.189963,0.289143,0.393677,0.484574,0.549103,0.582522,0.584192,0.554115,0.492749,0.404183,0.300241,0.199604,0.118973,0.064513,0.032470,0.015454,0.007055,0.010817,0.016205,0.022193,0.029229,0.055118,0.095147,0.147719,0.203969,0.249990,0.273093,0.266896,0.233098,0.181082,0.124836,0.076812,0.042799,0.022005,0.010630,0.013416,0.035633,0.091229,0.214268,0.425486,0.667834,0.845063,0.936603,0.975517,0.990560,0.992341,0.980549,0.949326,0.873747,0.718448,0.484557,0.257155,0.119916,0.177070,0.234254,0.278349,0.298908,0.291235,0.257061,0.204361,0.145606,0.093123,0.090768,0.189613,0.346919,0.536303,0.704330,0.820007,0.887584,0.923306,0.939968,0.944300,0.938101,0.918802,0.878691,0.803971,0.678875,0.503840,0.316315,0.168434,0.079204
0.017822,0.026837,0.036047,0.042682,0.044243,0.040090,0.031884,0.022466,0.014519,0.021389,0.028879,0.035496,0.039534,0.039808,0.036232,0.029869,0.047941,0.096234,0.174126,0.276606,0.381835,0.462729,0.501819,0.493045,0.437597,0.355467,0.330790,0.283833,0.222726,0.158800,0.102838,0.060930,0.033442,0.017243,0.008457,0.003985,0.005037,0.007346,0.015178,0.030774,0.058179,0.100587,0.156205,0.215504,0.263803,0.287966,0.281490,0.246099,0.191408,0.132014,0.081164,0.045132,0.023139,0.011144,0.012424,0.032770,0.083426,0.195934,0.393560,0.631508,0.816803,0.918436,0.963642,0.980678,0.982280,0.969540,0.933061,0.848078,0.683239,0.450271,0.235510,0.202163,0.293779,0.379504,0.441339,0.468896,0.458705,0.411953,0.335464,0.244034,0.157435,0.124688,0.256613,0.448937,0.649775,0.800920,0.890683,0.937480,0.960282,0.970364,0.972919,0.969255,0.957491,0.931581,0.878946,0.779605,0.617692,0.413336,0.228998,0.108813
0.013626,0.018054,0.021188,0.024366,0.025205,0.022969,0.018510,0.013302,0.017174,0.025435,0.034481,0.042494,0.047392,0.047724,0.043387,0.035680,0.070020,0.142547,0.256846,0.397821,0.529171,0.620505,0.661651,0.652583,0.593027,0.485006,0.345716,0.210895,0.111494,0.074520,0.048361,0.029073,0.016350,0.008688,0.004402,0.002144,0.003046,0.006760,0.014406,0.029112,0.054887,0.094736,0.147078,0.203095,0.248940,0.271961,0.265785,0.232111,0.180300,0.124294,0.076484,0.042623,0.021919,0.010592,0.010410,0.027020,0.067843,0.158813,0.325419,0.546300,0.743065,0.866494,0.927626,0.952068,0.954372,0.936018,0.885709,0.779493,0.598502,0.375655,0.191316,0.301978,0.424889,0.529426,0.598614,0.627812,0.617130,0.566372,0.476986,0.359571,0.237928,0.156582,0.316031,0.529544,0.726934,0.857909,0.927981,0.961736,0.977241,0.983818,0.985449,0.983104,0.975386,0.957611,0.919186,0.840385,0.697172,0.491811,0.283470,0.136793
0.013131,0.017377,0.020380,0.021041,0.019097,0.015301,0.010921,0.011501,0.018499,0.027461,0.037293,0.046011,0.051343,0.051704,0.046983,0.040615,0.091336,0.186806,0.332093,0.498648,0.639493,0.728869,0.766783,0.758555,0.702731,0.593735,0.438876,0.274656,0.146124,0.068674,0.029802,0.013198,0.007644,0.004195,0.002197,0.001175,0.002668,0.005866,0.012381,0.024782,0.046343,0.079555,0.123289,0.170495,0.209571,0.229372,0.224047,0.195174,0.151222,0.104220,0.064346,0.036100,0.018731,0.009140,0.007929,0.020085,0.049294,0.114039,0.237287,0.419611,0.612805,0.759346,0.844472,0.882289,0.886003,0.857153,0.784920,0.653397,0.467329,0.276459,0.255202,0.399251,0.540732,0.649683,0.716092,0.742768,0.733101,0.685706,0.596333,0.467345,0.319874,0.189071,0.357160,0.580306,0.770454,0.887120,0.945753,0.972668,0.984566,0.989471,0.990668,0.988944,0.983165,0.969443,0.938574,0.872002,0.742836,0.542147,0.321644,0.157330
0.011209,0.014759,0.017258,0.017808,0.016192,0.013026,0.009353,0.011270,0.018113,0.026870,0.036472,0.044985,0.050189,0.050542,0.045933,0.046656,0.105714,0.216194,0.379690,0.557653,0.698863,0.783535,0.818185,0.810733,0.759196,0.653989,0.495077,0.315870,0.169327,0.079314,0.034111,0.013968,0.005561,0.002176,0.001058,0.000960,0.002149,0.004655,0.009672,0.019065,0.035165,0.059751,0.092102,0.127280,0.156746,0.171827,0.167761,0.145846,0.112871,0.077981,0.048507,0.027540,0.014500,0.007187,0.005529,0.013572,0.032280,0.072939,0.151640,0.278196,0.435632,0.581969,0.684596,0.736533,0.741906,0.701485,0.611079,0.473228,0.314341,0.177569,0.310835,0.473566,0.621349,0.726586,0.786934,0.810336,0.801913,0.759686,0.676006,0.546232,0.385361,0.232337,0.373430,0.599320,0.785813,0.896933,0.951503,0.976100,0.986811,0.991174,0.992233,0.990708,0.985557,0.973175,0.944883,0.882705,0.759110,0.561196,0.336858,0.165755
0.008529,0.011136,0.012958,0.013358,0.012183,0.009867,0.007155,0.010080,0.016129,0.023840,0.032271,0.039731,0.044289,0.044598,0.040562,0.047732,0.108279,0.221388,0.387896,0.567455,0.708356,0.792030,0.826065,0.818756,0.768048,0.663752,0.504548,0.323054,0.173448,0.081213,0.034878,0.014257,0.005666,0.002214,0.000856,0.000727,0.001599,0.003396,0.006912,0.013346,0.024153,0.040405,0.061628,0.084722,0.104188,0.114217,0.111508,0.096970,0.075250,0.052373,0.032996,0.019060,0.010237,0.005180,0.003559,0.008423,0.019283,0.042096,0.085756,0.158501,0.258583,0.367268,0.457355,0.509148,0.514800,0.473665,0.391419,0.284763,0.180334,0.194055,0.342171,0.513055,0.661480,0.762791,0.819065,0.840497,0.832809,0.793832,0.714581,0.586891,0.421338,0.257271,0.362545,0.586665,0.775646,0.890466,0.947726,0.973852,0.985344,0.990063,0.991213,0.989557,0.983993,0.970729,0.940737,0.875647,0.748328,0.548505,0.326673,0.160098
0.005844,0.007547,0.008725,0.008982,0.008224,0.006720,0.004937,0.008250,0.013097,0.019232,0.025902,0.031783,0.035369,0.035612,0.032437,0.043464,0.098112,0.200710,0.354856,0.527328,0.668827,0.756207,0.792636,0.784764,0.730864,0.623339,0.466024,0.294274,0.157079,0.073688,0.031836,0.013107,0.005245,0.002062,0.000801,0.000514,0.001105,0.002292,0.004553,0.008579,0.015166,0.024860,0.037325,0.050779,0.062098,0.067935,0.066358,0.057901,0.045268,0.031907,0.020464,0.012082,0.006647,0.003447,0.002134,0.004854,0.010655,0.022312,0.043890,0.079558,0.130219,0.189466,0.243559,0.277369,0.281200,0.253967,0.203454,0.144007,0.096267,0.194381,0.342691,0.513696,0.662117,0.763354,0.819559,0.840958,0.833282,0.794359,0.715186,0.587544,0.421929,0.257689,0.326020,0.542237,0.738168,0.865649,0.932783,0.964734,0.979274,0.985399,0.986912,0.984736,0.977541,0.960849,0.924409,0.848729,0.708898,0.504328,0.292704,0.141685
0.003650,0.004654,0.005340,0.005489,0.005049,0.004169,0.003692,0.006205,0.009744,0.014175,0.018952,0.023141,0.025687,0.025859,0.023606,0.035319,0.078770,0.160797,0.288370,0.441185,0.577992,0.669525,0.709714,0.700916,0.642316,0.532645,0.385372,0.237417,0.125734,0.059376,0.026012,0.010879,0.004420,0.001761,0.000692,0.000340,0.000714,0.001443,0.002789,0.005114,0.008808,0.014099,0.020757,0.027833,0.033732,0.036761,0.035943,0.031549,0.024945,0.017878,0.011715,0.007091,0.004007,0.002136,0.001203,0.002627,0.005520,0.011056,0.020851,0.036503,0.058419,0.084289,0.108563,0.124194,0.125991,0.113332,0.090492,0.064395,0.086867,0.175590,0.312292,0.475440,0.623295,0.728373,0.788539,0.811851,0.803461,0.761383,0.677894,0.548181,0.387048,0.233487,0.269523,0.467214,0.668183,0.815132,0.900298,0.943885,0.964839,0.974019,0.976333,0.973011,0.962287,0.938430,0.889267,0.794660,0.636492,0.430981,0.240768,0.114739
