x_um,T_K,fl,T_analytical,front_analytical_um,time_ms,snapshot
0,1923,0.99824,1923,9.62591,0.2,0
5.01253,1917.33,0.873969,1899.34,9.62591,0.2,0
10.0251,1909.23,0.694065,1878,9.62591,0.2,0
15.0376,1900.56,0.501416,1878,9.62591,0.2,0
20.0501,1891.91,0.309039,1878,9.62591,0.2,0
25.0627,1884.44,0.143216,1878,9.62591,0.2,0
30.0752,1879.71,0.0379774,1878,9.62591,0.2,0
35.0877,1878.07,0.00147569,1878,9.62591,0.2,0
40.1003,1877.93,0,1878,9.62591,0.2,0
45.1128,1877.93,0,1878,9.62591,0.2,0
50.1253,1877.93,0,1878,9.62591,0.2,0
55.1378,1877.94,0,1878,9.62591,0.2,0
60.1504,1877.95,0,1878,9.62591,0.2,0
65.1629,1877.97,0,1878,9.62591,0.2,0
70.1754,1877.99,0,1878,9.62591,0.2,0
75.188,1877.99,0,1878,9.62591,0.2,0
80.2005,1878,0,1878,9.62591,0.2,0
85.213,1878,0,1878,9.62591,0.2,0
90.2256,1878,0,1878,9.62591,0.2,0
95.2381,1878,0,1878,9.62591,0.2,0
100.251,1878,0,1878,9.62591,0.2,0
105.263,1878,0,1878,9.62591,0.2,0
110.276,1878,2.71267e-06,1878,9.62591,0.2,0
115.288,1878,0,1878,9.62591,0.2,0
120.301,1878,0,1878,9.62591,0.2,0
125.313,1878,0,1878,9.62591,0.2,0
130.326,1878,0,1878,9.62591,0.2,0
135.338,1878,0,1878,9.62591,0.2,0
140.351,1878,0,1878,9.62591,0.2,0
145.363,1878,0,1878,9.62591,0.2,0
150.376,1878,0,1878,9.62591,0.2,0
155.388,1878,0,1878,9.62591,0.2,0
160.401,1878,0,1878,9.62591,0.2,0
165.414,1878,0,1878,9.62591,0.2,0
170.426,1878,0,1878,9.62591,0.2,0
175.439,1878,0,1878,9.62591,0.2,0
180.451,1878,0,1878,9.62591,0.2,0
185.464,1878,0,1878,9.62591,0.2,0
190.476,1878,0,1878,9.62591,0.2,0
195.489,1878,0,1878,9.62591,0.2,0
200.501,1878,0,1878,9.62591,0.2,0
205.514,1878,0,1878,9.62591,0.2,0
210.526,1878,0,1878,9.62591,0.2,0
215.539,1878,0,1878,9.62591,0.2,0
220.551,1878,0,1878,9.62591,0.2,0
225.564,1878,0,1878,9.62591,0.2,0
230.576,1878,0,1878,9.62591,0.2,0
235.589,1878,0,1878,9.62591,0.2,0
240.602,1878,0,1878,9.62591,0.2,0
245.614,1878,0,1878,9.62591,0.2,0
250.627,1878,0,1878,9.62591,0.2,0
255.639,1878,0,1878,9.62591,0.2,0
260.652,1878,0,1878,9.62591,0.2,0
265.664,1878,0,1878,9.62591,0.2,0
270.677,1878,0,1878,9.62591,0.2,0
275.689,1878,0,1878,9.62591,0.2,0
280.702,1878,0,1878,9.62591,0.2,0
285.714,1878,0,1878,9.62591,0.2,0
290.727,1878,0,1878,9.62591,0.2,0
295.739,1878,0,1878,9.62591,0.2,0
300.752,1878,0,1878,9.62591,0.2,0
305.764,1878,0,1878,9.62591,0.2,0
310.777,1878,0,1878,9.62591,0.2,0
315.789,1878,0,1878,9.62591,0.2,0
320.802,1878,0,1878,9.62591,0.2,0
325.815,1878,0,1878,9.62591,0.2,0
330.827,1878,0,1878,9.62591,0.2,0
335.84,1878,0,1878,9.62591,0.2,0
340.852,1878,0,1878,9.62591,0.2,0
345.865,1878,0,1878,9.62591,0.2,0
350.877,1878,0,1878,9.62591,0.2,0
355.89,1878,0,1878,9.62591,0.2,0
360.902,1878,0,1878,9.62591,0.2,0
365.915,1878,0,1878,9.62591,0.2,0
370.927,1878,0,1878,9.62591,0.2,0
375.94,1878,0,1878,9.62591,0.2,0
380.952,1878,0,1878,9.62591,0.2,0
385.965,1878,0,1878,9.62591,0.2,0
390.977,1878,0,1878,9.62591,0.2,0
395.99,1878,0,1878,9.62591,0.2,0
401.003,1878,0,1878,9.62591,0.2,0
406.015,1878,0,1878,9.62591,0.2,0
411.028,1878,0,1878,9.62591,0.2,0
416.04,1878,0,1878,9.62591,0.2,0
421.053,1878,0,1878,9.62591,0.2,0
426.065,1878,0,1878,9.62591,0.2,0
431.078,1878,0,1878,9.62591,0.2,0
436.09,1878,0,1878,9.62591,0.2,0
441.103,1878,0,1878,9.62591,0.2,0
446.115,1878,0,1878,9.62591,0.2,0
451.128,1878,0,1878,9.62591,0.2,0
456.14,1878,0,1878,9.62591,0.2,0
461.153,1878,0,1878,9.62591,0.2,0
466.165,1878,0,1878,9.62591,0.2,0
471.178,1878,0,1878,9.62591,0.2,0
476.19,1878,0,1878,9.62591,0.2,0
481.203,1878,0,1878,9.62591,0.2,0
486.216,1878,0,1878,9.62591,0.2,0
491.228,1878,0,1878,9.62591,0.2,0
496.241,1878,0,1878,9.62591,0.2,0
501.253,1878,0,1878,9.62591,0.2,0
506.266,1878,0,1878,9.62591,0.2,0
511.278,1878,0,1878,9.62591,0.2,0
516.291,1878,0,1878,9.62591,0.2,0
521.303,1878,0,1878,9.62591,0.2,0
526.316,1878,0,1878,9.62591,0.2,0
531.328,1878,0,1878,9.62591,0.2,0
536.341,1878,0,1878,9.62591,0.2,0
541.353,1878,0,1878,9.62591,0.2,0
546.366,1878,0,1878,9.62591,0.2,0
551.378,1878,0,1878,9.62591,0.2,0
556.391,1878,0,1878,9.62591,0.2,0
561.404,1878,0,1878,9.62591,0.2,0
566.416,1878,0,1878,9.62591,0.2,0
571.429,1878,0,1878,9.62591,0.2,0
576.441,1878,0,1878,9.62591,0.2,0
581.454,1878,0,1878,9.62591,0.2,0
586.466,1878,0,1878,9.62591,0.2,0
591.479,1878,0,1878,9.62591,0.2,0
596.491,1878,0,1878,9.62591,0.2,0
601.504,1878,0,1878,9.62591,0.2,0
606.516,1878,0,1878,9.62591,0.2,0
611.529,1878,0,1878,9.62591,0.2,0
616.541,1878,0,1878,9.62591,0.2,0
621.554,1878,0,1878,9.62591,0.2,0
626.566,1878,0,1878,9.62591,0.2,0
631.579,1878,0,1878,9.62591,0.2,0
636.591,1878,0,1878,9.62591,0.2,0
641.604,1878,0,1878,9.62591,0.2,0
646.617,1878,0,1878,9.62591,0.2,0
651.629,1878,0,1878,9.62591,0.2,0
656.642,1878,0,1878,9.62591,0.2,0
661.654,1878,0,1878,9.62591,0.2,0
666.667,1878,0,1878,9.62591,0.2,0
671.679,1878,0,1878,9.62591,0.2,0
676.692,1878,0,1878,9.62591,0.2,0
681.704,1878,0,1878,9.62591,0.2,0
686.717,1878,0,1878,9.62591,0.2,0
691.729,1878,0,1878,9.62591,0.2,0
696.742,1878,0,1878,9.62591,0.2,0
701.754,1878,0,1878,9.62591,0.2,0
706.767,1878,0,1878,9.62591,0.2,0
711.779,1878,0,1878,9.62591,0.2,0
716.792,1878,0,1878,9.62591,0.2,0
721.805,1878,0,1878,9.62591,0.2,0
726.817,1878,0,1878,9.62591,0.2,0
731.83,1878,0,1878,9.62591,0.2,0
736.842,1878,0,1878,9.62591,0.2,0
741.855,1878,0,1878,9.62591,0.2,0
746.867,1878,0,1878,9.62591,0.2,0
751.88,1878,0,1878,9.62591,0.2,0
756.892,1878,0,1878,9.62591,0.2,0
761.905,1878,0,1878,9.62591,0.2,0
766.917,1878,0,1878,9.62591,0.2,0
771.93,1878,0,1878,9.62591,0.2,0
776.942,1878,0,1878,9.62591,0.2,0
781.955,1878,0,1878,9.62591,0.2,0
786.967,1878,0,1878,9.62591,0.2,0
791.98,1878,0,1878,9.62591,0.2,0
796.992,1878,0,1878,9.62591,0.2,0
802.005,1878,0,1878,9.62591,0.2,0
807.018,1878,0,1878,9.62591,0.2,0
812.03,1878,0,1878,9.62591,0.2,0
817.043,1878,0,1878,9.62591,0.2,0
822.055,1878,0,1878,9.62591,0.2,0
827.068,1878,0,1878,9.62591,0.2,0
832.08,1878,0,1878,9.62591,0.2,0
837.093,1878,0,1878,9.62591,0.2,0
842.105,1878,0,1878,9.62591,0.2,0
847.118,1878,0,1878,9.62591,0.2,0
852.13,1878,0,1878,9.62591,0.2,0
857.143,1878,0,1878,9.62591,0.2,0
862.155,1878,0,1878,9.62591,0.2,0
867.168,1878,0,1878,9.62591,0.2,0
872.18,1878,0,1878,9.62591,0.2,0
877.193,1878,0,1878,9.62591,0.2,0
882.206,1878,0,1878,9.62591,0.2,0
887.218,1878,0,1878,9.62591,0.2,0
892.231,1878,0,1878,9.62591,0.2,0
897.243,1878,0,1878,9.62591,0.2,0
902.256,1878,0,1878,9.62591,0.2,0
907.268,1878,0,1878,9.62591,0.2,0
912.281,1878,0,1878,9.62591,0.2,0
917.293,1878,0,1878,9.62591,0.2,0
922.306,1878,0,1878,9.62591,0.2,0
927.318,1878,0,1878,9.62591,0.2,0
932.331,1878,0,1878,9.62591,0.2,0
937.343,1878,0,1878,9.62591,0.2,0
942.356,1878,0,1878,9.62591,0.2,0
947.368,1878,0,1878,9.62591,0.2,0
952.381,1878,0,1878,9.62591,0.2,0
957.393,1878,0,1878,9.62591,0.2,0
962.406,1878,0,1878,9.62591,0.2,0
967.419,1878,0,1878,9.62591,0.2,0
972.431,1878,0,1878,9.62591,0.2,0
977.444,1878,0,1878,9.62591,0.2,0
982.456,1878,0,1878,9.62591,0.2,0
987.469,1878,0,1878,9.62591,0.2,0
992.481,1878,0,1878,9.62591,0.2,0
997.494,1878,0,1878,9.62591,0.2,0
1002.51,1878,0,1878,9.62591,0.2,0
1007.52,1878,0,1878,9.62591,0.2,0
1012.53,1878,0,1878,9.62591,0.2,0
1017.54,1878,0,1878,9.62591,0.2,0
1022.56,1878,0,1878,9.62591,0.2,0
1027.57,1878,0,1878,9.62591,0.2,0
1032.58,1878,0,1878,9.62591,0.2,0
1037.59,1878,0,1878,9.62591,0.2,0
1042.61,1878,0,1878,9.62591,0.2,0
1047.62,1878,0,1878,9.62591,0.2,0
1052.63,1878,0,1878,9.62591,0.2,0
1057.64,1878,0,1878,9.62591,0.2,0
1062.66,1878,0,1878,9.62591,0.2,0
1067.67,1878,0,1878,9.62591,0.2,0
1072.68,1878,0,1878,9.62591,0.2,0
1077.69,1878,0,1878,9.62591,0.2,0
1082.71,1878,0,1878,9.62591,0.2,0
1087.72,1878,0,1878,9.62591,0.2,0
1092.73,1878,0,1878,9.62591,0.2,0
1097.74,1878,0,1878,9.62591,0.2,0
1102.76,1878,0,1878,9.62591,0.2,0
1107.77,1878,0,1878,9.62591,0.2,0
1112.78,1878,0,1878,9.62591,0.2,0
1117.79,1878,0,1878,9.62591,0.2,0
1122.81,1878,0,1878,9.62591,0.2,0
1127.82,1878,0,1878,9.62591,0.2,0
1132.83,1878,0,1878,9.62591,0.2,0
1137.84,1878,0,1878,9.62591,0.2,0
1142.86,1878,0,1878,9.62591,0.2,0
1147.87,1878,0,1878,9.62591,0.2,0
1152.88,1878,0,1878,9.62591,0.2,0
1157.89,1878,0,1878,9.62591,0.2,0
1162.91,1878,0,1878,9.62591,0.2,0
1167.92,1878,0,1878,9.62591,0.2,0
1172.93,1878,0,1878,9.62591,0.2,0
1177.94,1878,0,1878,9.62591,0.2,0
1182.96,1878,0,1878,9.62591,0.2,0
1187.97,1878,0,1878,9.62591,0.2,0
1192.98,1878,0,1878,9.62591,0.2,0
1197.99,1878,0,1878,9.62591,0.2,0
1203.01,1878,0,1878,9.62591,0.2,0
1208.02,1878,0,1878,9.62591,0.2,0
1213.03,1878,0,1878,9.62591,0.2,0
1218.05,1878,0,1878,9.62591,0.2,0
1223.06,1878,0,1878,9.62591,0.2,0
1228.07,1878,0,1878,9.62591,0.2,0
1233.08,1878,0,1878,9.62591,0.2,0
1238.1,1878,0,1878,9.62591,0.2,0
1243.11,1878,0,1878,9.62591,0.2,0
1248.12,1878,0,1878,9.62591,0.2,0
1253.13,1878,0,1878,9.62591,0.2,0
1258.15,1878,0,1878,9.62591,0.2,0
1263.16,1878,0,1878,9.62591,0.2,0
1268.17,1878,0,1878,9.62591,0.2,0
1273.18,1878,0,1878,9.62591,0.2,0
1278.2,1878,0,1878,9.62591,0.2,0
1283.21,1878,0,1878,9.62591,0.2,0
1288.22,1878,0,1878,9.62591,0.2,0
1293.23,1878,0,1878,9.62591,0.2,0
1298.25,1878,0,1878,9.62591,0.2,0
1303.26,1878,0,1878,9.62591,0.2,0
1308.27,1878,0,1878,9.62591,0.2,0
1313.28,1878,0,1878,9.62591,0.2,0
1318.3,1878,0,1878,9.62591,0.2,0
1323.31,1878,0,1878,9.62591,0.2,0
1328.32,1878,0,1878,9.62591,0.2,0
1333.33,1878,0,1878,9.62591,0.2,0
1338.35,1878,0,1878,9.62591,0.2,0
1343.36,1878,0,1878,9.62591,0.2,0
1348.37,1878,0,1878,9.62591,0.2,0
1353.38,1878,0,1878,9.62591,0.2,0
1358.4,1878,0,1878,9.62591,0.2,0
1363.41,1878,0,1878,9.62591,0.2,0
1368.42,1878,0,1878,9.62591,0.2,0
1373.43,1878,0,1878,9.62591,0.2,0
1378.45,1878,0,1878,9.62591,0.2,0
1383.46,1878,0,1878,9.62591,0.2,0
1388.47,1878,0,1878,9.62591,0.2,0
1393.48,1878,0,1878,9.62591,0.2,0
1398.5,1878,0,1878,9.62591,0.2,0
1403.51,1878,0,1878,9.62591,0.2,0
1408.52,1878,0,1878,9.62591,0.2,0
1413.53,1878,0,1878,9.62591,0.2,0
1418.55,1878,0,1878,9.62591,0.2,0
1423.56,1878,0,1878,9.62591,0.2,0
1428.57,1878,0,1878,9.62591,0.2,0
1433.58,1878,0,1878,9.62591,0.2,0
1438.6,1878,0,1878,9.62591,0.2,0
1443.61,1878,0,1878,9.62591,0.2,0
1448.62,1878,0,1878,9.62591,0.2,0
1453.63,1878,0,1878,9.62591,0.2,0
1458.65,1878,0,1878,9.62591,0.2,0
1463.66,1878,0,1878,9.62591,0.2,0
1468.67,1878,0,1878,9.62591,0.2,0
1473.68,1878,0,1878,9.62591,0.2,0
1478.7,1878,0,1878,9.62591,0.2,0
1483.71,1878,0,1878,9.62591,0.2,0
1488.72,1878,0,1878,9.62591,0.2,0
1493.73,1878,0,1878,9.62591,0.2,0
1498.75,1878,0,1878,9.62591,0.2,0
1503.76,1878,0,1878,9.62591,0.2,0
1508.77,1878,0,1878,9.62591,0.2,0
1513.78,1878,0,1878,9.62591,0.2,0
1518.8,1878,0,1878,9.62591,0.2,0
1523.81,1878,0,1878,9.62591,0.2,0
1528.82,1878,0,1878,9.62591,0.2,0
1533.83,1878,0,1878,9.62591,0.2,0
1538.85,1878,0,1878,9.62591,0.2,0
1543.86,1878,0,1878,9.62591,0.2,0
1548.87,1878,0,1878,9.62591,0.2,0
1553.88,1878,0,1878,9.62591,0.2,0
1558.9,1878,0,1878,9.62591,0.2,0
1563.91,1878,0,1878,9.62591,0.2,0
1568.92,1878,0,1878,9.62591,0.2,0
1573.93,1878,0,1878,9.62591,0.2,0
1578.95,1878,0,1878,9.62591,0.2,0
1583.96,1878,0,1878,9.62591,0.2,0
1588.97,1878,0,1878,9.62591,0.2,0
1593.98,1878,0,1878,9.62591,0.2,0
1599,1878,0,1878,9.62591,0.2,0
1604.01,1878,0,1878,9.62591,0.2,0
1609.02,1878,0,1878,9.62591,0.2,0
1614.04,1878,0,1878,9.62591,0.2,0
1619.05,1878,0,1878,9.62591,0.2,0
1624.06,1878,0,1878,9.62591,0.2,0
1629.07,1878,0,1878,9.62591,0.2,0
1634.09,1878,0,1878,9.62591,0.2,0
1639.1,1878,0,1878,9.62591,0.2,0
1644.11,1878,0,1878,9.62591,0.2,0
1649.12,1878,0,1878,9.62591,0.2,0
1654.14,1878,0,1878,9.62591,0.2,0
1659.15,1878,0,1878,9.62591,0.2,0
1664.16,1878,0,1878,9.62591,0.2,0
1669.17,1878,0,1878,9.62591,0.2,0
1674.19,1878,0,1878,9.62591,0.2,0
1679.2,1878,0,1878,9.62591,0.2,0
1684.21,1878,0,1878,9.62591,0.2,0
1689.22,1878,0,1878,9.62591,0.2,0
1694.24,1878,0,1878,9.62591,0.2,0
1699.25,1878,0,1878,9.62591,0.2,0
1704.26,1878,0,1878,9.62591,0.2,0
1709.27,1878,0,1878,9.62591,0.2,0
1714.29,1878,0,1878,9.62591,0.2,0
1719.3,1878,0,1878,9.62591,0.2,0
1724.31,1878,0,1878,9.62591,0.2,0
1729.32,1878,0,1878,9.62591,0.2,0
1734.34,1878,0,1878,9.62591,0.2,0
1739.35,1878,0,1878,9.62591,0.2,0
1744.36,1878,0,1878,9.62591,0.2,0
1749.37,1878,0,1878,9.62591,0.2,0
1754.39,1878,0,1878,9.62591,0.2,0
1759.4,1878,0,1878,9.62591,0.2,0
1764.41,1878,0,1878,9.62591,0.2,0
1769.42,1878,0,1878,9.62591,0.2,0
1774.44,1878,0,1878,9.62591,0.2,0
1779.45,1878,0,1878,9.62591,0.2,0
1784.46,1878,0,1878,9.62591,0.2,0
1789.47,1878,0,1878,9.62591,0.2,0
1794.49,1878,0,1878,9.62591,0.2,0
1799.5,1878,0,1878,9.62591,0.2,0
1804.51,1878,0,1878,9.62591,0.2,0
1809.52,1878,0,1878,9.62591,0.2,0
1814.54,1878,0,1878,9.62591,0.2,0
1819.55,1878,0,1878,9.62591,0.2,0
1824.56,1878,0,1878,9.62591,0.2,0
1829.57,1878,0,1878,9.62591,0.2,0
1834.59,1878,0,1878,9.62591,0.2,0
1839.6,1878,0,1878,9.62591,0.2,0
1844.61,1878,0,1878,9.62591,0.2,0
1849.62,1878,0,1878,9.62591,0.2,0
1854.64,1878,0,1878,9.62591,0.2,0
1859.65,1878,0,1878,9.62591,0.2,0
1864.66,1878,0,1878,9.62591,0.2,0
1869.67,1878,0,1878,9.62591,0.2,0
1874.69,1878,0,1878,9.62591,0.2,0
1879.7,1878,0,1878,9.62591,0.2,0
1884.71,1878,0,1878,9.62591,0.2,0
1889.72,1878,0,1878,9.62591,0.2,0
1894.74,1878,0,1878,9.62591,0.2,0
1899.75,1878,0,1878,9.62591,0.2,0
1904.76,1878,0,1878,9.62591,0.2,0
1909.77,1878,0,1878,9.62591,0.2,0
1914.79,1878,0,1878,9.62591,0.2,0
1919.8,1878,0,1878,9.62591,0.2,0
1924.81,1878,0,1878,9.62591,0.2,0
1929.82,1878,0,1878,9.62591,0.2,0
1934.84,1878,0,1878,9.62591,0.2,0
1939.85,1878,0,1878,9.62591,0.2,0
1944.86,1878,0,1878,9.62591,0.2,0
1949.87,1878,0,1878,9.62591,0.2,0
1954.89,1878,0,1878,9.62591,0.2,0
1959.9,1878,0,1878,9.62591,0.2,0
1964.91,1878,0,1878,9.62591,0.2,0
1969.92,1878,0,1878,9.62591,0.2,0
1974.94,1878,0,1878,9.62591,0.2,0
1979.95,1878,2.71267e-06,1878,9.62591,0.2,0
1984.96,1878,0,1878,9.62591,0.2,0
1989.97,1878,0,1878,9.62591,0.2,0
1994.99,1878,2.71267e-06,1878,9.62591,0.2,0
2000,1878,2.71267e-06,1878,9.62591,0.2,0
0,1923,0.998882,1923,15.2199,0.5,1
5.01253,1919.47,0.92159,1908,15.2199,0.5,1
10.0251,1914.54,0.812071,1893.13,15.2199,0.5,1
15.0376,1909.3,0.695573,1878.52,15.2199,0.5,1
20.0501,1903.81,0.573568,1878,15.2199,0.5,1
25.0627,1898.19,0.448747,1878,15.2199,0.5,1
30.0752,1892.66,0.32576,1878,15.2199,0.5,1
35.0877,1887.54,0.21189,1878,15.2199,0.5,1
40.1003,1883.28,0.117304,1878,15.2199,0.5,1
45.1128,1880.33,0.0517117,1878,15.2199,0.5,1
50.1253,1878.75,0.0167562,1878,15.2199,0.5,1
55.1378,1878.14,0.00316026,1878,15.2199,0.5,1
60.1504,1877.99,0,1878,15.2199,0.5,1
65.1629,1877.99,0,1878,15.2199,0.5,1
70.1754,1877.99,0,1878,15.2199,0.5,1
75.188,1877.99,0,1878,15.2199,0.5,1
80.2005,1878,0,1878,15.2199,0.5,1
85.213,1878,0,1878,15.2199,0.5,1
90.2256,1878,0,1878,15.2199,0.5,1
95.2381,1878,0,1878,15.2199,0.5,1
100.251,1878,0,1878,15.2199,0.5,1
105.263,1878,0,1878,15.2199,0.5,1
110.276,1878,2.71267e-06,1878,15.2199,0.5,1
115.288,1878,0,1878,15.2199,0.5,1
120.301,1878,0,1878,15.2199,0.5,1
125.313,1878,0,1878,15.2199,0.5,1
130.326,1878,0,1878,15.2199,0.5,1
135.338,1878,0,1878,15.2199,0.5,1
140.351,1878,0,1878,15.2199,0.5,1
145.363,1878,0,1878,15.2199,0.5,1
150.376,1878,0,1878,15.2199,0.5,1
155.388,1878,0,1878,15.2199,0.5,1
160.401,1878,0,1878,15.2199,0.5,1
165.414,1878,0,1878,15.2199,0.5,1
170.426,1878,0,1878,15.2199,0.5,1
175.439,1878,0,1878,15.2199,0.5,1
180.451,1878,0,1878,15.2199,0.5,1
185.464,1878,0,1878,15.2199,0.5,1
190.476,1878,0,1878,15.2199,0.5,1
195.489,1878,0,1878,15.2199,0.5,1
200.501,1878,0,1878,15.2199,0.5,1
205.514,1878,0,1878,15.2199,0.5,1
210.526,1878,0,1878,15.2199,0.5,1
215.539,1878,0,1878,15.2199,0.5,1
220.551,1878,0,1878,15.2199,0.5,1
225.564,1878,0,1878,15.2199,0.5,1
230.576,1878,0,1878,15.2199,0.5,1
235.589,1878,0,1878,15.2199,0.5,1
240.602,1878,0,1878,15.2199,0.5,1
245.614,1878,0,1878,15.2199,0.5,1
250.627,1878,0,1878,15.2199,0.5,1
255.639,1878,0,1878,15.2199,0.5,1
260.652,1878,0,1878,15.2199,0.5,1
265.664,1878,0,1878,15.2199,0.5,1
270.677,1878,0,1878,15.2199,0.5,1
275.689,1878,0,1878,15.2199,0.5,1
280.702,1878,0,1878,15.2199,0.5,1
285.714,1878,0,1878,15.2199,0.5,1
290.727,1878,0,1878,15.2199,0.5,1
295.739,1878,0,1878,15.2199,0.5,1
300.752,1878,0,1878,15.2199,0.5,1
305.764,1878,0,1878,15.2199,0.5,1
310.777,1878,0,1878,15.2199,0.5,1
315.789,1878,0,1878,15.2199,0.5,1
320.802,1878,0,1878,15.2199,0.5,1
325.815,1878,0,1878,15.2199,0.5,1
330.827,1878,0,1878,15.2199,0.5,1
335.84,1878,0,1878,15.2199,0.5,1
340.852,1878,0,1878,15.2199,0.5,1
345.865,1878,0,1878,15.2199,0.5,1
350.877,1878,0,1878,15.2199,0.5,1
355.89,1878,0,1878,15.2199,0.5,1
360.902,1878,0,1878,15.2199,0.5,1
365.915,1878,0,1878,15.2199,0.5,1
370.927,1878,0,1878,15.2199,0.5,1
375.94,1878,0,1878,15.2199,0.5,1
380.952,1878,0,1878,15.2199,0.5,1
385.965,1878,0,1878,15.2199,0.5,1
390.977,1878,0,1878,15.2199,0.5,1
395.99,1878,0,1878,15.2199,0.5,1
401.003,1878,0,1878,15.2199,0.5,1
406.015,1878,0,1878,15.2199,0.5,1
411.028,1878,0,1878,15.2199,0.5,1
416.04,1878,0,1878,15.2199,0.5,1
421.053,1878,0,1878,15.2199,0.5,1
426.065,1878,0,1878,15.2199,0.5,1
431.078,1878,0,1878,15.2199,0.5,1
436.09,1878,0,1878,15.2199,0.5,1
441.103,1878,0,1878,15.2199,0.5,1
446.115,1878,0,1878,15.2199,0.5,1
451.128,1878,0,1878,15.2199,0.5,1
456.14,1878,0,1878,15.2199,0.5,1
461.153,1878,0,1878,15.2199,0.5,1
466.165,1878,0,1878,15.2199,0.5,1
471.178,1878,0,1878,15.2199,0.5,1
476.19,1878,0,1878,15.2199,0.5,1
481.203,1878,0,1878,15.2199,0.5,1
486.216,1878,0,1878,15.2199,0.5,1
491.228,1878,0,1878,15.2199,0.5,1
496.241,1878,0,1878,15.2199,0.5,1
501.253,1878,0,1878,15.2199,0.5,1
506.266,1878,0,1878,15.2199,0.5,1
511.278,1878,0,1878,15.2199,0.5,1
516.291,1878,0,1878,15.2199,0.5,1
521.303,1878,0,1878,15.2199,0.5,1
526.316,1878,0,1878,15.2199,0.5,1
531.328,1878,0,1878,15.2199,0.5,1
536.341,1878,0,1878,15.2199,0.5,1
541.353,1878,0,1878,15.2199,0.5,1
546.366,1878,0,1878,15.2199,0.5,1
551.378,1878,0,1878,15.2199,0.5,1
556.391,1878,0,1878,15.2199,0.5,1
561.404,1878,0,1878,15.2199,0.5,1
566.416,1878,0,1878,15.2199,0.5,1
571.429,1878,0,1878,15.2199,0.5,1
576.441,1878,0,1878,15.2199,0.5,1
581.454,1878,0,1878,15.2199,0.5,1
586.466,1878,0,1878,15.2199,0.5,1
591.479,1878,0,1878,15.2199,0.5,1
596.491,1878,0,1878,15.2199,0.5,1
601.504,1878,0,1878,15.2199,0.5,1
606.516,1878,0,1878,15.2199,0.5,1
611.529,1878,0,1878,15.2199,0.5,1
616.541,1878,0,1878,15.2199,0.5,1
621.554,1878,0,1878,15.2199,0.5,1
626.566,1878,0,1878,15.2199,0.5,1
631.579,1878,0,1878,15.2199,0.5,1
636.591,1878,0,1878,15.2199,0.5,1
641.604,1878,0,1878,15.2199,0.5,1
646.617,1878,0,1878,15.2199,0.5,1
651.629,1878,0,1878,15.2199,0.5,1
656.642,1878,0,1878,15.2199,0.5,1
661.654,1878,0,1878,15.2199,0.5,1
666.667,1878,0,1878,15.2199,0.5,1
671.679,1878,0,1878,15.2199,0.5,1
676.692,1878,0,1878,15.2199,0.5,1
681.704,1878,0,1878,15.2199,0.5,1
686.717,1878,0,1878,15.2199,0.5,1
691.729,1878,0,1878,15.2199,0.5,1
696.742,1878,0,1878,15.2199,0.5,1
701.754,1878,0,1878,15.2199,0.5,1
706.767,1878,0,1878,15.2199,0.5,1
711.779,1878,0,1878,15.2199,0.5,1
716.792,1878,0,1878,15.2199,0.5,1
721.805,1878,0,1878,15.2199,0.5,1
726.817,1878,0,1878,15.2199,0.5,1
731.83,1878,0,1878,15.2199,0.5,1
736.842,1878,0,1878,15.2199,0.5,1
741.855,1878,0,1878,15.2199,0.5,1
746.867,1878,0,1878,15.2199,0.5,1
751.88,1878,0,1878,15.2199,0.5,1
756.892,1878,0,1878,15.2199,0.5,1
761.905,1878,0,1878,15.2199,0.5,1
766.917,1878,0,1878,15.2199,0.5,1
771.93,1878,0,1878,15.2199,0.5,1
776.942,1878,0,1878,15.2199,0.5,1
781.955,1878,0,1878,15.2199,0.5,1
786.967,1878,0,1878,15.2199,0.5,1
791.98,1878,0,1878,15.2199,0.5,1
796.992,1878,0,1878,15.2199,0.5,1
802.005,1878,0,1878,15.2199,0.5,1
807.018,1878,0,1878,15.2199,0.5,1
812.03,1878,0,1878,15.2199,0.5,1
817.043,1878,0,1878,15.2199,0.5,1
822.055,1878,0,1878,15.2199,0.5,1
827.068,1878,0,1878,15.2199,0.5,1
832.08,1878,0,1878,15.2199,0.5,1
837.093,1878,0,1878,15.2199,0.5,1
842.105,1878,0,1878,15.2199,0.5,1
847.118,1878,0,1878,15.2199,0.5,1
852.13,1878,0,1878,15.2199,0.5,1
857.143,1878,0,1878,15.2199,0.5,1
862.155,1878,0,1878,15.2199,0.5,1
867.168,1878,0,1878,15.2199,0.5,1
872.18,1878,0,1878,15.2199,0.5,1
877.193,1878,0,1878,15.2199,0.5,1
882.206,1878,0,1878,15.2199,0.5,1
887.218,1878,0,1878,15.2199,0.5,1
892.231,1878,0,1878,15.2199,0.5,1
897.243,1878,0,1878,15.2199,0.5,1
902.256,1878,0,1878,15.2199,0.5,1
907.268,1878,0,1878,15.2199,0.5,1
912.281,1878,0,1878,15.2199,0.5,1
917.293,1878,0,1878,15.2199,0.5,1
922.306,1878,0,1878,15.2199,0.5,1
927.318,1878,0,1878,15.2199,0.5,1
932.331,1878,0,1878,15.2199,0.5,1
937.343,1878,0,1878,15.2199,0.5,1
942.356,1878,0,1878,15.2199,0.5,1
947.368,1878,0,1878,15.2199,0.5,1
952.381,1878,0,1878,15.2199,0.5,1
957.393,1878,0,1878,15.2199,0.5,1
962.406,1878,0,1878,15.2199,0.5,1
967.419,1878,0,1878,15.2199,0.5,1
972.431,1878,0,1878,15.2199,0.5,1
977.444,1878,0,1878,15.2199,0.5,1
982.456,1878,0,1878,15.2199,0.5,1
987.469,1878,0,1878,15.2199,0.5,1
992.481,1878,0,1878,15.2199,0.5,1
997.494,1878,0,1878,15.2199,0.5,1
1002.51,1878,0,1878,15.2199,0.5,1
1007.52,1878,0,1878,15.2199,0.5,1
1012.53,1878,0,1878,15.2199,0.5,1
1017.54,1878,0,1878,15.2199,0.5,1
1022.56,1878,0,1878,15.2199,0.5,1
1027.57,1878,0,1878,15.2199,0.5,1
1032.58,1878,0,1878,15.2199,0.5,1
1037.59,1878,0,1878,15.2199,0.5,1
1042.61,1878,0,1878,15.2199,0.5,1
1047.62,1878,0,1878,15.2199,0.5,1
1052.63,1878,0,1878,15.2199,0.5,1
1057.64,1878,0,1878,15.2199,0.5,1
1062.66,1878,0,1878,15.2199,0.5,1
1067.67,1878,0,1878,15.2199,0.5,1
1072.68,1878,0,1878,15.2199,0.5,1
1077.69,1878,0,1878,15.2199,0.5,1
1082.71,1878,0,1878,15.2199,0.5,1
1087.72,1878,0,1878,15.2199,0.5,1
1092.73,1878,0,1878,15.2199,0.5,1
1097.74,1878,0,1878,15.2199,0.5,1
1102.76,1878,0,1878,15.2199,0.5,1
1107.77,1878,0,1878,15.2199,0.5,1
1112.78,1878,0,1878,15.2199,0.5,1
1117.79,1878,0,1878,15.2199,0.5,1
1122.81,1878,0,1878,15.2199,0.5,1
1127.82,1878,0,1878,15.2199,0.5,1
1132.83,1878,0,1878,15.2199,0.5,1
1137.84,1878,0,1878,15.2199,0.5,1
1142.86,1878,0,1878,15.2199,0.5,1
1147.87,1878,0,1878,15.2199,0.5,1
1152.88,1878,0,1878,15.2199,0.5,1
1157.89,1878,0,1878,15.2199,0.5,1
1162.91,1878,0,1878,15.2199,0.5,1
1167.92,1878,0,1878,15.2199,0.5,1
1172.93,1878,0,1878,15.2199,0.5,1
1177.94,1878,0,1878,15.2199,0.5,1
1182.96,1878,0,1878,15.2199,0.5,1
1187.97,1878,0,1878,15.2199,0.5,1
1192.98,1878,0,1878,15.2199,0.5,1
1197.99,1878,0,1878,15.2199,0.5,1
1203.01,1878,0,1878,15.2199,0.5,1
1208.02,1878,0,1878,15.2199,0.5,1
1213.03,1878,0,1878,15.2199,0.5,1
1218.05,1878,0,1878,15.2199,0.5,1
1223.06,1878,0,1878,15.2199,0.5,1
1228.07,1878,0,1878,15.2199,0.5,1
1233.08,1878,0,1878,15.2199,0.5,1
1238.1,1878,0,1878,15.2199,0.5,1
1243.11,1878,0,1878,15.2199,0.5,1
1248.12,1878,0,1878,15.2199,0.5,1
1253.13,1878,0,1878,15.2199,0.5,1
1258.15,1878,0,1878,15.2199,0.5,1
1263.16,1878,0,1878,15.2199,0.5,1
1268.17,1878,0,1878,15.2199,0.5,1
1273.18,1878,0,1878,15.2199,0.5,1
1278.2,1878,0,1878,15.2199,0.5,1
1283.21,1878,0,1878,15.2199,0.5,1
1288.22,1878,0,1878,15.2199,0.5,1
1293.23,1878,0,1878,15.2199,0.5,1
1298.25,1878,0,1878,15.2199,0.5,1
1303.26,1878,0,1878,15.2199,0.5,1
1308.27,1878,0,1878,15.2199,0.5,1
1313.28,1878,0,1878,15.2199,0.5,1
1318.3,1878,0,1878,15.2199,0.5,1
1323.31,1878,0,1878,15.2199,0.5,1
1328.32,1878,0,1878,15.2199,0.5,1
1333.33,1878,0,1878,15.2199,0.5,1
1338.35,1878,0,1878,15.2199,0.5,1
1343.36,1878,0,1878,15.2199,0.5,1
1348.37,1878,0,1878,15.2199,0.5,1
1353.38,1878,0,1878,15.2199,0.5,1
1358.4,1878,0,1878,15.2199,0.5,1
1363.41,1878,0,1878,15.2199,0.5,1
1368.42,1878,0,1878,15.2199,0.5,1
1373.43,1878,0,1878,15.2199,0.5,1
1378.45,1878,0,1878,15.2199,0.5,1
1383.46,1878,0,1878,15.2199,0.5,1
1388.47,1878,0,1878,15.2199,0.5,1
1393.48,1878,0,1878,15.2199,0.5,1
1398.5,1878,0,1878,15.2199,0.5,1
1403.51,1878,0,1878,15.2199,0.5,1
1408.52,1878,0,1878,15.2199,0.5,1
1413.53,1878,0,1878,15.2199,0.5,1
1418.55,1878,0,1878,15.2199,0.5,1
1423.56,1878,0,1878,15.2199,0.5,1
1428.57,1878,0,1878,15.2199,0.5,1
1433.58,1878,0,1878,15.2199,0.5,1
1438.6,1878,0,1878,15.2199,0.5,1
1443.61,1878,0,1878,15.2199,0.5,1
1448.62,1878,0,1878,15.2199,0.5,1
1453.63,1878,0,1878,15.2199,0.5,1
1458.65,1878,0,1878,15.2199,0.5,1
1463.66,1878,0,1878,15.2199,0.5,1
1468.67,1878,0,1878,15.2199,0.5,1
1473.68,1878,0,1878,15.2199,0.5,1
1478.7,1878,0,1878,15.2199,0.5,1
1483.71,1878,0,1878,15.2199,0.5,1
1488.72,1878,0,1878,15.2199,0.5,1
1493.73,1878,0,1878,15.2199,0.5,1
1498.75,1878,0,1878,15.2199,0.5,1
1503.76,1878,0,1878,15.2199,0.5,1
1508.77,1878,0,1878,15.2199,0.5,1
1513.78,1878,0,1878,15.2199,0.5,1
1518.8,1878,0,1878,15.2199,0.5,1
1523.81,1878,0,1878,15.2199,0.5,1
1528.82,1878,0,1878,15.2199,0.5,1
1533.83,1878,0,1878,15.2199,0.5,1
1538.85,1878,0,1878,15.2199,0.5,1
1543.86,1878,0,1878,15.2199,0.5,1
1548.87,1878,0,1878,15.2199,0.5,1
1553.88,1878,0,1878,15.2199,0.5,1
1558.9,1878,0,1878,15.2199,0.5,1
1563.91,1878,0,1878,15.2199,0.5,1
1568.92,1878,0,1878,15.2199,0.5,1
1573.93,1878,0,1878,15.2199,0.5,1
1578.95,1878,0,1878,15.2199,0.5,1
1583.96,1878,0,1878,15.2199,0.5,1
1588.97,1878,0,1878,15.2199,0.5,1
1593.98,1878,0,1878,15.2199,0.5,1
1599,1878,0,1878,15.2199,0.5,1
1604.01,1878,0,1878,15.2199,0.5,1
1609.02,1878,0,1878,15.2199,0.5,1
1614.04,1878,0,1878,15.2199,0.5,1
1619.05,1878,0,1878,15.2199,0.5,1
1624.06,1878,0,1878,15.2199,0.5,1
1629.07,1878,0,1878,15.2199,0.5,1
1634.09,1878,0,1878,15.2199,0.5,1
1639.1,1878,0,1878,15.2199,0.5,1
1644.11,1878,0,1878,15.2199,0.5,1
1649.12,1878,0,1878,15.2199,0.5,1
1654.14,1878,0,1878,15.2199,0.5,1
1659.15,1878,0,1878,15.2199,0.5,1
1664.16,1878,0,1878,15.2199,0.5,1
1669.17,1878,0,1878,15.2199,0.5,1
1674.19,1878,0,1878,15.2199,0.5,1
1679.2,1878,0,1878,15.2199,0.5,1
1684.21,1878,0,1878,15.2199,0.5,1
1689.22,1878,0,1878,15.2199,0.5,1
1694.24,1878,0,1878,15.2199,0.5,1
1699.25,1878,0,1878,15.2199,0.5,1
1704.26,1878,0,1878,15.2199,0.5,1
1709.27,1878,0,1878,15.2199,0.5,1
1714.29,1878,0,1878,15.2199,0.5,1
1719.3,1878,0,1878,15.2199,0.5,1
1724.31,1878,0,1878,15.2199,0.5,1
1729.32,1878,0,1878,15.2199,0.5,1
1734.34,1878,0,1878,15.2199,0.5,1
1739.35,1878,0,1878,15.2199,0.5,1
1744.36,1878,0,1878,15.2199,0.5,1
1749.37,1878,0,1878,15.2199,0.5,1
1754.39,1878,0,1878,15.2199,0.5,1
1759.4,1878,0,1878,15.2199,0.5,1
1764.41,1878,0,1878,15.2199,0.5,1
1769.42,1878,0,1878,15.2199,0.5,1
1774.44,1878,0,1878,15.2199,0.5,1
1779.45,1878,0,1878,15.2199,0.5,1
1784.46,1878,0,1878,15.2199,0.5,1
1789.47,1878,0,1878,15.2199,0.5,1
1794.49,1878,0,1878,15.2199,0.5,1
1799.5,1878,0,1878,15.2199,0.5,1
1804.51,1878,0,1878,15.2199,0.5,1
1809.52,1878,0,1878,15.2199,0.5,1
1814.54,1878,0,1878,15.2199,0.5,1
1819.55,1878,0,1878,15.2199,0.5,1
1824.56,1878,0,1878,15.2199,0.5,1
1829.57,1878,0,1878,15.2199,0.5,1
1834.59,1878,0,1878,15.2199,0.5,1
1839.6,1878,0,1878,15.2199,0.5,1
1844.61,1878,0,1878,15.2199,0.5,1
1849.62,1878,0,1878,15.2199,0.5,1
1854.64,1878,0,1878,15.2199,0.5,1
1859.65,1878,0,1878,15.2199,0.5,1
1864.66,1878,0,1878,15.2199,0.5,1
1869.67,1878,0,1878,15.2199,0.5,1
1874.69,1878,0,1878,15.2199,0.5,1
1879.7,1878,0,1878,15.2199,0.5,1
1884.71,1878,0,1878,15.2199,0.5,1
1889.72,1878,0,1878,15.2199,0.5,1
1894.74,1878,0,1878,15.2199,0.5,1
1899.75,1878,0,1878,15.2199,0.5,1
1904.76,1878,0,1878,15.2199,0.5,1
1909.77,1878,0,1878,15.2199,0.5,1
1914.79,1878,0,1878,15.2199,0.5,1
1919.8,1878,0,1878,15.2199,0.5,1
1924.81,1878,0,1878,15.2199,0.5,1
1929.82,1878,0,1878,15.2199,0.5,1
1934.84,1878,0,1878,15.2199,0.5,1
1939.85,1878,0,1878,15.2199,0.5,1
1944.86,1878,0,1878,15.2199,0.5,1
1949.87,1878,0,1878,15.2199,0.5,1
1954.89,1878,0,1878,15.2199,0.5,1
1959.9,1878,0,1878,15.2199,0.5,1
1964.91,1878,0,1878,15.2199,0.5,1
1969.92,1878,0,1878,15.2199,0.5,1
1974.94,1878,0,1878,15.2199,0.5,1
1979.95,1878,2.71267e-06,1878,15.2199,0.5,1
1984.96,1878,0,1878,15.2199,0.5,1
1989.97,1878,0,1878,15.2199,0.5,1
1994.99,1878,2.71267e-06,1878,15.2199,0.5,1
2000,1878,2.71267e-06,1878,15.2199,0.5,1
0,1923,0.999211,1923,21.5242,1,2
5.01253,1920.53,0.945123,1912.39,21.5242,1,2
10.0251,1917.13,0.869548,1901.82,21.5242,1,2
15.0376,1913.56,0.790175,1891.35,21.5242,1,2
20.0501,1909.83,0.707327,1881.01,21.5242,1,2
25.0627,1905.97,0.621577,1878,21.5242,1,2
30.0752,1902.02,0.533719,1878,21.5242,1,2
35.0877,1898.03,0.445036,1878,21.5242,1,2
40.1003,1894.08,0.357324,1878,21.5242,1,2
45.1128,1890.29,0.273036,1878,21.5242,1,2
50.1253,1886.79,0.195443,1878,21.5242,1,2
55.1378,1883.78,0.128516,1878,21.5242,1,2
60.1504,1881.42,0.0759955,1878,21.5242,1,2
65.1629,1879.78,0.0396593,1878,21.5242,1,2
70.1754,1878.81,0.0180149,1878,21.5242,1,2
75.188,1878.32,0.00704481,1878,21.5242,1,2
80.2005,1878.1,0.00215929,1878,21.5242,1,2
85.213,1878.02,0.000382487,1878,21.5242,1,2
90.2256,1878,5.42535e-06,1878,21.5242,1,2
95.2381,1878,0,1878,21.5242,1,2
100.251,1878,0,1878,21.5242,1,2
105.263,1878,0,1878,21.5242,1,2
110.276,1878,2.71267e-06,1878,21.5242,1,2
115.288,1878,0,1878,21.5242,1,2
120.301,1878,0,1878,21.5242,1,2
125.313,1878,0,1878,21.5242,1,2
130.326,1878,0,1878,21.5242,1,2
135.338,1878,0,1878,21.5242,1,2
140.351,1878,0,1878,21.5242,1,2
145.363,1878,0,1878,21.5242,1,2
150.376,1878,0,1878,21.5242,1,2
155.388,1878,0,1878,21.5242,1,2
160.401,1878,0,1878,21.5242,1,2
165.414,1878,0,1878,21.5242,1,2
170.426,1878,0,1878,21.5242,1,2
175.439,1878,0,1878,21.5242,1,2
180.451,1878,0,1878,21.5242,1,2
185.464,1878,0,1878,21.5242,1,2
190.476,1878,0,1878,21.5242,1,2
195.489,1878,0,1878,21.5242,1,2
200.501,1878,0,1878,21.5242,1,2
205.514,1878,0,1878,21.5242,1,2
210.526,1878,0,1878,21.5242,1,2
215.539,1878,0,1878,21.5242,1,2
220.551,1878,0,1878,21.5242,1,2
225.564,1878,0,1878,21.5242,1,2
230.576,1878,0,1878,21.5242,1,2
235.589,1878,0,1878,21.5242,1,2
240.602,1878,0,1878,21.5242,1,2
245.614,1878,0,1878,21.5242,1,2
250.627,1878,0,1878,21.5242,1,2
255.639,1878,0,1878,21.5242,1,2
260.652,1878,0,1878,21.5242,1,2
265.664,1878,0,1878,21.5242,1,2
270.677,1878,0,1878,21.5242,1,2
275.689,1878,0,1878,21.5242,1,2
280.702,1878,0,1878,21.5242,1,2
285.714,1878,0,1878,21.5242,1,2
290.727,1878,0,1878,21.5242,1,2
295.739,1878,0,1878,21.5242,1,2
300.752,1878,0,1878,21.5242,1,2
305.764,1878,0,1878,21.5242,1,2
310.777,1878,0,1878,21.5242,1,2
315.789,1878,0,1878,21.5242,1,2
320.802,1878,0,1878,21.5242,1,2
325.815,1878,0,1878,21.5242,1,2
330.827,1878,0,1878,21.5242,1,2
335.84,1878,0,1878,21.5242,1,2
340.852,1878,0,1878,21.5242,1,2
345.865,1878,0,1878,21.5242,1,2
350.877,1878,0,1878,21.5242,1,2
355.89,1878,0,1878,21.5242,1,2
360.902,1878,0,1878,21.5242,1,2
365.915,1878,0,1878,21.5242,1,2
370.927,1878,0,1878,21.5242,1,2
375.94,1878,0,1878,21.5242,1,2
380.952,1878,0,1878,21.5242,1,2
385.965,1878,0,1878,21.5242,1,2
390.977,1878,0,1878,21.5242,1,2
395.99,1878,0,1878,21.5242,1,2
401.003,1878,0,1878,21.5242,1,2
406.015,1878,0,1878,21.5242,1,2
411.028,1878,0,1878,21.5242,1,2
416.04,1878,0,1878,21.5242,1,2
421.053,1878,0,1878,21.5242,1,2
426.065,1878,0,1878,21.5242,1,2
431.078,1878,0,1878,21.5242,1,2
436.09,1878,0,1878,21.5242,1,2
441.103,1878,0,1878,21.5242,1,2
446.115,1878,0,1878,21.5242,1,2
451.128,1878,0,1878,21.5242,1,2
456.14,1878,0,1878,21.5242,1,2
461.153,1878,0,1878,21.5242,1,2
466.165,1878,0,1878,21.5242,1,2
471.178,1878,0,1878,21.5242,1,2
476.19,1878,0,1878,21.5242,1,2
481.203,1878,0,1878,21.5242,1,2
486.216,1878,0,1878,21.5242,1,2
491.228,1878,0,1878,21.5242,1,2
496.241,1878,0,1878,21.5242,1,2
501.253,1878,0,1878,21.5242,1,2
506.266,1878,0,1878,21.5242,1,2
511.278,1878,0,1878,21.5242,1,2
516.291,1878,0,1878,21.5242,1,2
521.303,1878,0,1878,21.5242,1,2
526.316,1878,0,1878,21.5242,1,2
531.328,1878,0,1878,21.5242,1,2
536.341,1878,0,1878,21.5242,1,2
541.353,1878,0,1878,21.5242,1,2
546.366,1878,0,1878,21.5242,1,2
551.378,1878,0,1878,21.5242,1,2
556.391,1878,0,1878,21.5242,1,2
561.404,1878,0,1878,21.5242,1,2
566.416,1878,0,1878,21.5242,1,2
571.429,1878,0,1878,21.5242,1,2
576.441,1878,0,1878,21.5242,1,2
581.454,1878,0,1878,21.5242,1,2
586.466,1878,0,1878,21.5242,1,2
591.479,1878,0,1878,21.5242,1,2
596.491,1878,0,1878,21.5242,1,2
601.504,1878,0,1878,21.5242,1,2
606.516,1878,0,1878,21.5242,1,2
611.529,1878,0,1878,21.5242,1,2
616.541,1878,0,1878,21.5242,1,2
621.554,1878,0,1878,21.5242,1,2
626.566,1878,0,1878,21.5242,1,2
631.579,1878,0,1878,21.5242,1,2
636.591,1878,0,1878,21.5242,1,2
641.604,1878,0,1878,21.5242,1,2
646.617,1878,0,1878,21.5242,1,2
651.629,1878,0,1878,21.5242,1,2
656.642,1878,0,1878,21.5242,1,2
661.654,1878,0,1878,21.5242,1,2
666.667,1878,0,1878,21.5242,1,2
671.679,1878,0,1878,21.5242,1,2
676.692,1878,0,1878,21.5242,1,2
681.704,1878,0,1878,21.5242,1,2
686.717,1878,0,1878,21.5242,1,2
691.729,1878,0,1878,21.5242,1,2
696.742,1878,0,1878,21.5242,1,2
701.754,1878,0,1878,21.5242,1,2
706.767,1878,0,1878,21.5242,1,2
711.779,1878,0,1878,21.5242,1,2
716.792,1878,0,1878,21.5242,1,2
721.805,1878,0,1878,21.5242,1,2
726.817,1878,0,1878,21.5242,1,2
731.83,1878,0,1878,21.5242,1,2
736.842,1878,0,1878,21.5242,1,2
741.855,1878,0,1878,21.5242,1,2
746.867,1878,0,1878,21.5242,1,2
751.88,1878,0,1878,21.5242,1,2
756.892,1878,0,1878,21.5242,1,2
761.905,1878,0,1878,21.5242,1,2
766.917,1878,0,1878,21.5242,1,2
771.93,1878,0,1878,21.5242,1,2
776.942,1878,0,1878,21.5242,1,2
781.955,1878,0,1878,21.5242,1,2
786.967,1878,0,1878,21.5242,1,2
791.98,1878,0,1878,21.5242,1,2
796.992,1878,0,1878,21.5242,1,2
802.005,1878,0,1878,21.5242,1,2
807.018,1878,0,1878,21.5242,1,2
812.03,1878,0,1878,21.5242,1,2
817.043,1878,0,1878,21.5242,1,2
822.055,1878,0,1878,21.5242,1,2
827.068,1878,0,1878,21.5242,1,2
832.08,1878,0,1878,21.5242,1,2
837.093,1878,0,1878,21.5242,1,2
842.105,1878,0,1878,21.5242,1,2
847.118,1878,0,1878,21.5242,1,2
852.13,1878,0,1878,21.5242,1,2
857.143,1878,0,1878,21.5242,1,2
862.155,1878,0,1878,21.5242,1,2
867.168,1878,0,1878,21.5242,1,2
872.18,1878,0,1878,21.5242,1,2
877.193,1878,0,1878,21.5242,1,2
882.206,1878,0,1878,21.5242,1,2
887.218,1878,0,1878,21.5242,1,2
892.231,1878,0,1878,21.5242,1,2
897.243,1878,0,1878,21.5242,1,2
902.256,1878,0,1878,21.5242,1,2
907.268,1878,0,1878,21.5242,1,2
912.281,1878,0,1878,21.5242,1,2
917.293,1878,0,1878,21.5242,1,2
922.306,1878,0,1878,21.5242,1,2
927.318,1878,0,1878,21.5242,1,2
932.331,1878,0,1878,21.5242,1,2
937.343,1878,0,1878,21.5242,1,2
942.356,1878,0,1878,21.5242,1,2
947.368,1878,0,1878,21.5242,1,2
952.381,1878,0,1878,21.5242,1,2
957.393,1878,0,1878,21.5242,1,2
962.406,1878,0,1878,21.5242,1,2
967.419,1878,0,1878,21.5242,1,2
972.431,1878,0,1878,21.5242,1,2
977.444,1878,0,1878,21.5242,1,2
982.456,1878,0,1878,21.5242,1,2
987.469,1878,0,1878,21.5242,1,2
992.481,1878,0,1878,21.5242,1,2
997.494,1878,0,1878,21.5242,1,2
1002.51,1878,0,1878,21.5242,1,2
1007.52,1878,0,1878,21.5242,1,2
1012.53,1878,0,1878,21.5242,1,2
1017.54,1878,0,1878,21.5242,1,2
1022.56,1878,0,1878,21.5242,1,2
1027.57,1878,0,1878,21.5242,1,2
1032.58,1878,0,1878,21.5242,1,2
1037.59,1878,0,1878,21.5242,1,2
1042.61,1878,0,1878,21.5242,1,2
1047.62,1878,0,1878,21.5242,1,2
1052.63,1878,0,1878,21.5242,1,2
1057.64,1878,0,1878,21.5242,1,2
1062.66,1878,0,1878,21.5242,1,2
1067.67,1878,0,1878,21.5242,1,2
1072.68,1878,0,1878,21.5242,1,2
1077.69,1878,0,1878,21.5242,1,2
1082.71,1878,0,1878,21.5242,1,2
1087.72,1878,0,1878,21.5242,1,2
1092.73,1878,0,1878,21.5242,1,2
1097.74,1878,0,1878,21.5242,1,2
1102.76,1878,0,1878,21.5242,1,2
1107.77,1878,0,1878,21.5242,1,2
1112.78,1878,0,1878,21.5242,1,2
1117.79,1878,0,1878,21.5242,1,2
1122.81,1878,0,1878,21.5242,1,2
1127.82,1878,0,1878,21.5242,1,2
1132.83,1878,0,1878,21.5242,1,2
1137.84,1878,0,1878,21.5242,1,2
1142.86,1878,0,1878,21.5242,1,2
1147.87,1878,0,1878,21.5242,1,2
1152.88,1878,0,1878,21.5242,1,2
1157.89,1878,0,1878,21.5242,1,2
1162.91,1878,0,1878,21.5242,1,2
1167.92,1878,0,1878,21.5242,1,2
1172.93,1878,0,1878,21.5242,1,2
1177.94,1878,0,1878,21.5242,1,2
1182.96,1878,0,1878,21.5242,1,2
1187.97,1878,0,1878,21.5242,1,2
1192.98,1878,0,1878,21.5242,1,2
1197.99,1878,0,1878,21.5242,1,2
1203.01,1878,0,1878,21.5242,1,2
1208.02,1878,0,1878,21.5242,1,2
1213.03,1878,0,1878,21.5242,1,2
1218.05,1878,0,1878,21.5242,1,2
1223.06,1878,0,1878,21.5242,1,2
1228.07,1878,0,1878,21.5242,1,2
1233.08,1878,0,1878,21.5242,1,2
1238.1,1878,0,1878,21.5242,1,2
1243.11,1878,0,1878,21.5242,1,2
1248.12,1878,0,1878,21.5242,1,2
1253.13,1878,0,1878,21.5242,1,2
1258.15,1878,0,1878,21.5242,1,2
1263.16,1878,0,1878,21.5242,1,2
1268.17,1878,0,1878,21.5242,1,2
1273.18,1878,0,1878,21.5242,1,2
1278.2,1878,0,1878,21.5242,1,2
1283.21,1878,0,1878,21.5242,1,2
1288.22,1878,0,1878,21.5242,1,2
1293.23,1878,0,1878,21.5242,1,2
1298.25,1878,0,1878,21.5242,1,2
1303.26,1878,0,1878,21.5242,1,2
1308.27,1878,0,1878,21.5242,1,2
1313.28,1878,0,1878,21.5242,1,2
1318.3,1878,0,1878,21.5242,1,2
1323.31,1878,0,1878,21.5242,1,2
1328.32,1878,0,1878,21.5242,1,2
1333.33,1878,0,1878,21.5242,1,2
1338.35,1878,0,1878,21.5242,1,2
1343.36,1878,0,1878,21.5242,1,2
1348.37,1878,0,1878,21.5242,1,2
1353.38,1878,0,1878,21.5242,1,2
1358.4,1878,0,1878,21.5242,1,2
1363.41,1878,0,1878,21.5242,1,2
1368.42,1878,0,1878,21.5242,1,2
1373.43,1878,0,1878,21.5242,1,2
1378.45,1878,0,1878,21.5242,1,2
1383.46,1878,0,1878,21.5242,1,2
1388.47,1878,0,1878,21.5242,1,2
1393.48,1878,0,1878,21.5242,1,2
1398.5,1878,0,1878,21.5242,1,2
1403.51,1878,0,1878,21.5242,1,2
1408.52,1878,0,1878,21.5242,1,2
1413.53,1878,0,1878,21.5242,1,2
1418.55,1878,0,1878,21.5242,1,2
1423.56,1878,0,1878,21.5242,1,2
1428.57,1878,0,1878,21.5242,1,2
1433.58,1878,0,1878,21.5242,1,2
1438.6,1878,0,1878,21.5242,1,2
1443.61,1878,0,1878,21.5242,1,2
1448.62,1878,0,1878,21.5242,1,2
1453.63,1878,0,1878,21.5242,1,2
1458.65,1878,0,1878,21.5242,1,2
1463.66,1878,0,1878,21.5242,1,2
1468.67,1878,0,1878,21.5242,1,2
1473.68,1878,0,1878,21.5242,1,2
1478.7,1878,0,1878,21.5242,1,2
1483.71,1878,0,1878,21.5242,1,2
1488.72,1878,0,1878,21.5242,1,2
1493.73,1878,0,1878,21.5242,1,2
1498.75,1878,0,1878,21.5242,1,2
1503.76,1878,0,1878,21.5242,1,2
1508.77,1878,0,1878,21.5242,1,2
1513.78,1878,0,1878,21.5242,1,2
1518.8,1878,0,1878,21.5242,1,2
1523.81,1878,0,1878,21.5242,1,2
1528.82,1878,0,1878,21.5242,1,2
1533.83,1878,0,1878,21.5242,1,2
1538.85,1878,0,1878,21.5242,1,2
1543.86,1878,0,1878,21.5242,1,2
1548.87,1878,0,1878,21.5242,1,2
1553.88,1878,0,1878,21.5242,1,2
1558.9,1878,0,1878,21.5242,1,2
1563.91,1878,0,1878,21.5242,1,2
1568.92,1878,0,1878,21.5242,1,2
1573.93,1878,0,1878,21.5242,1,2
1578.95,1878,0,1878,21.5242,1,2
1583.96,1878,0,1878,21.5242,1,2
1588.97,1878,0,1878,21.5242,1,2
1593.98,1878,0,1878,21.5242,1,2
1599,1878,0,1878,21.5242,1,2
1604.01,1878,0,1878,21.5242,1,2
1609.02,1878,0,1878,21.5242,1,2
1614.04,1878,0,1878,21.5242,1,2
1619.05,1878,0,1878,21.5242,1,2
1624.06,1878,0,1878,21.5242,1,2
1629.07,1878,0,1878,21.5242,1,2
1634.09,1878,0,1878,21.5242,1,2
1639.1,1878,0,1878,21.5242,1,2
1644.11,1878,0,1878,21.5242,1,2
1649.12,1878,0,1878,21.5242,1,2
1654.14,1878,0,1878,21.5242,1,2
1659.15,1878,0,1878,21.5242,1,2
1664.16,1878,0,1878,21.5242,1,2
1669.17,1878,0,1878,21.5242,1,2
1674.19,1878,0,1878,21.5242,1,2
1679.2,1878,0,1878,21.5242,1,2
1684.21,1878,0,1878,21.5242,1,2
1689.22,1878,0,1878,21.5242,1,2
1694.24,1878,0,1878,21.5242,1,2
1699.25,1878,0,1878,21.5242,1,2
1704.26,1878,0,1878,21.5242,1,2
1709.27,1878,0,1878,21.5242,1,2
1714.29,1878,0,1878,21.5242,1,2
1719.3,1878,0,1878,21.5242,1,2
1724.31,1878,0,1878,21.5242,1,2
1729.32,1878,0,1878,21.5242,1,2
1734.34,1878,0,1878,21.5242,1,2
1739.35,1878,0,1878,21.5242,1,2
1744.36,1878,0,1878,21.5242,1,2
1749.37,1878,0,1878,21.5242,1,2
1754.39,1878,0,1878,21.5242,1,2
1759.4,1878,0,1878,21.5242,1,2
1764.41,1878,0,1878,21.5242,1,2
1769.42,1878,0,1878,21.5242,1,2
1774.44,1878,0,1878,21.5242,1,2
1779.45,1878,0,1878,21.5242,1,2
1784.46,1878,0,1878,21.5242,1,2
1789.47,1878,0,1878,21.5242,1,2
1794.49,1878,0,1878,21.5242,1,2
1799.5,1878,0,1878,21.5242,1,2
1804.51,1878,0,1878,21.5242,1,2
1809.52,1878,0,1878,21.5242,1,2
1814.54,1878,0,1878,21.5242,1,2
1819.55,1878,0,1878,21.5242,1,2
1824.56,1878,0,1878,21.5242,1,2
1829.57,1878,0,1878,21.5242,1,2
1834.59,1878,0,1878,21.5242,1,2
1839.6,1878,0,1878,21.5242,1,2
1844.61,1878,0,1878,21.5242,1,2
1849.62,1878,0,1878,21.5242,1,2
1854.64,1878,0,1878,21.5242,1,2
1859.65,1878,0,1878,21.5242,1,2
1864.66,1878,0,1878,21.5242,1,2
1869.67,1878,0,1878,21.5242,1,2
1874.69,1878,0,1878,21.5242,1,2
1879.7,1878,0,1878,21.5242,1,2
1884.71,1878,0,1878,21.5242,1,2
1889.72,1878,0,1878,21.5242,1,2
1894.74,1878,0,1878,21.5242,1,2
1899.75,1878,0,1878,21.5242,1,2
1904.76,1878,0,1878,21.5242,1,2
1909.77,1878,0,1878,21.5242,1,2
1914.79,1878,0,1878,21.5242,1,2
1919.8,1878,0,1878,21.5242,1,2
1924.81,1878,0,1878,21.5242,1,2
1929.82,1878,0,1878,21.5242,1,2
1934.84,1878,0,1878,21.5242,1,2
1939.85,1878,0,1878,21.5242,1,2
1944.86,1878,0,1878,21.5242,1,2
1949.87,1878,0,1878,21.5242,1,2
1954.89,1878,0,1878,21.5242,1,2
1959.9,1878,0,1878,21.5242,1,2
1964.91,1878,0,1878,21.5242,1,2
1969.92,1878,0,1878,21.5242,1,2
1974.94,1878,0,1878,21.5242,1,2
1979.95,1878,0,1878,21.5242,1,2
1984.96,1878,0,1878,21.5242,1,2
1989.97,1878,0,1878,21.5242,1,2
1994.99,1878,0,1878,21.5242,1,2
2000,1878,0,1878,21.5242,1,2
0,1923,0.999352,1923,26.3616,1.5,3
5.01253,1920.99,0.955398,1914.33,26.3616,1.5,3
10.0251,1918.25,0.89445,1905.69,26.3616,1.5,3
15.0376,1915.39,0.8309,1897.1,26.3616,1.5,3
20.0501,1912.42,0.76492,1888.58,26.3616,1.5,3
25.0627,1909.35,0.696712,1880.16,26.3616,1.5,3
30.0752,1906.2,0.626633,1878,26.3616,1.5,3
35.0877,1902.98,0.555081,1878,26.3616,1.5,3
40.1003,1899.72,0.482731,1878,26.3616,1.5,3
45.1128,1896.47,0.410384,1878,26.3616,1.5,3
50.1253,1893.26,0.339185,1878,26.3616,1.5,3
55.1378,1890.18,0.270717,1878,26.3616,1.5,3
60.1504,1887.3,0.206765,1878,26.3616,1.5,3
65.1629,1884.73,0.149574,1878,26.3616,1.5,3
70.1754,1882.56,0.101299,1878,26.3616,1.5,3
75.188,1880.86,0.0635335,1878,26.3616,1.5,3
80.2005,1879.65,0.0366591,1878,26.3616,1.5,3
85.213,1878.88,0.019458,1878,26.3616,1.5,3
90.2256,1878.43,0.00944824,1878,26.3616,1.5,3
95.2381,1878.18,0.00402018,1878,26.3616,1.5,3
100.251,1878.06,0.00128852,1878,26.3616,1.5,3
105.263,1878.01,0.000214301,1878,26.3616,1.5,3
110.276,1878,0,1878,26.3616,1.5,3
115.288,1878,0,1878,26.3616,1.5,3
120.301,1878,0,1878,26.3616,1.5,3
125.313,1878,0,1878,26.3616,1.5,3
130.326,1878,0,1878,26.3616,1.5,3
135.338,1878,0,1878,26.3616,1.5,3
140.351,1878,0,1878,26.3616,1.5,3
145.363,1878,2.71267e-06,1878,26.3616,1.5,3
150.376,1878,0,1878,26.3616,1.5,3
155.388,1878,0,1878,26.3616,1.5,3
160.401,1878,0,1878,26.3616,1.5,3
165.414,1878,0,1878,26.3616,1.5,3
170.426,1878,0,1878,26.3616,1.5,3
175.439,1878,0,1878,26.3616,1.5,3
180.451,1878,0,1878,26.3616,1.5,3
185.464,1878,0,1878,26.3616,1.5,3
190.476,1878,2.71267e-06,1878,26.3616,1.5,3
195.489,1878,0,1878,26.3616,1.5,3
200.501,1878,0,1878,26.3616,1.5,3
205.514,1878,0,1878,26.3616,1.5,3
210.526,1878,0,1878,26.3616,1.5,3
215.539,1878,0,1878,26.3616,1.5,3
220.551,1878,0,1878,26.3616,1.5,3
225.564,1878,0,1878,26.3616,1.5,3
230.576,1878,0,1878,26.3616,1.5,3
235.589,1878,0,1878,26.3616,1.5,3
240.602,1878,0,1878,26.3616,1.5,3
245.614,1878,0,1878,26.3616,1.5,3
250.627,1878,0,1878,26.3616,1.5,3
255.639,1878,0,1878,26.3616,1.5,3
260.652,1878,0,1878,26.3616,1.5,3
265.664,1878,0,1878,26.3616,1.5,3
270.677,1878,0,1878,26.3616,1.5,3
275.689,1878,0,1878,26.3616,1.5,3
280.702,1878,0,1878,26.3616,1.5,3
285.714,1878,0,1878,26.3616,1.5,3
290.727,1878,0,1878,26.3616,1.5,3
295.739,1878,0,1878,26.3616,1.5,3
300.752,1878,0,1878,26.3616,1.5,3
305.764,1878,0,1878,26.3616,1.5,3
310.777,1878,0,1878,26.3616,1.5,3
315.789,1878,0,1878,26.3616,1.5,3
320.802,1878,0,1878,26.3616,1.5,3
325.815,1878,0,1878,26.3616,1.5,3
330.827,1878,0,1878,26.3616,1.5,3
335.84,1878,0,1878,26.3616,1.5,3
340.852,1878,0,1878,26.3616,1.5,3
345.865,1878,0,1878,26.3616,1.5,3
350.877,1878,0,1878,26.3616,1.5,3
355.89,1878,0,1878,26.3616,1.5,3
360.902,1878,0,1878,26.3616,1.5,3
365.915,1878,0,1878,26.3616,1.5,3
370.927,1878,0,1878,26.3616,1.5,3
375.94,1878,0,1878,26.3616,1.5,3
380.952,1878,0,1878,26.3616,1.5,3
385.965,1878,0,1878,26.3616,1.5,3
390.977,1878,0,1878,26.3616,1.5,3
395.99,1878,0,1878,26.3616,1.5,3
401.003,1878,0,1878,26.3616,1.5,3
406.015,1878,0,1878,26.3616,1.5,3
411.028,1878,0,1878,26.3616,1.5,3
416.04,1878,0,1878,26.3616,1.5,3
421.053,1878,0,1878,26.3616,1.5,3
426.065,1878,0,1878,26.3616,1.5,3
431.078,1878,0,1878,26.3616,1.5,3
436.09,1878,0,1878,26.3616,1.5,3
441.103,1878,0,1878,26.3616,1.5,3
446.115,1878,0,1878,26.3616,1.5,3
451.128,1878,0,1878,26.3616,1.5,3
456.14,1878,0,1878,26.3616,1.5,3
461.153,1878,0,1878,26.3616,1.5,3
466.165,1878,0,1878,26.3616,1.5,3
471.178,1878,0,1878,26.3616,1.5,3
476.19,1878,0,1878,26.3616,1.5,3
481.203,1878,0,1878,26.3616,1.5,3
486.216,1878,0,1878,26.3616,1.5,3
491.228,1878,0,1878,26.3616,1.5,3
496.241,1878,0,1878,26.3616,1.5,3
501.253,1878,0,1878,26.3616,1.5,3
506.266,1878,0,1878,26.3616,1.5,3
511.278,1878,0,1878,26.3616,1.5,3
516.291,1878,0,1878,26.3616,1.5,3
521.303,1878,0,1878,26.3616,1.5,3
526.316,1878,0,1878,26.3616,1.5,3
531.328,1878,0,1878,26.3616,1.5,3
536.341,1878,0,1878,26.3616,1.5,3
541.353,1878,0,1878,26.3616,1.5,3
546.366,1878,0,1878,26.3616,1.5,3
551.378,1878,0,1878,26.3616,1.5,3
556.391,1878,0,1878,26.3616,1.5,3
561.404,1878,0,1878,26.3616,1.5,3
566.416,1878,0,1878,26.3616,1.5,3
571.429,1878,0,1878,26.3616,1.5,3
576.441,1878,0,1878,26.3616,1.5,3
581.454,1878,0,1878,26.3616,1.5,3
586.466,1878,0,1878,26.3616,1.5,3
591.479,1878,0,1878,26.3616,1.5,3
596.491,1878,0,1878,26.3616,1.5,3
601.504,1878,0,1878,26.3616,1.5,3
606.516,1878,0,1878,26.3616,1.5,3
611.529,1878,0,1878,26.3616,1.5,3
616.541,1878,0,1878,26.3616,1.5,3
621.554,1878,0,1878,26.3616,1.5,3
626.566,1878,0,1878,26.3616,1.5,3
631.579,1878,0,1878,26.3616,1.5,3
636.591,1878,0,1878,26.3616,1.5,3
641.604,1878,0,1878,26.3616,1.5,3
646.617,1878,0,1878,26.3616,1.5,3
651.629,1878,0,1878,26.3616,1.5,3
656.642,1878,0,1878,26.3616,1.5,3
661.654,1878,0,1878,26.3616,1.5,3
666.667,1878,0,1878,26.3616,1.5,3
671.679,1878,0,1878,26.3616,1.5,3
676.692,1878,0,1878,26.3616,1.5,3
681.704,1878,0,1878,26.3616,1.5,3
686.717,1878,0,1878,26.3616,1.5,3
691.729,1878,0,1878,26.3616,1.5,3
696.742,1878,0,1878,26.3616,1.5,3
701.754,1878,0,1878,26.3616,1.5,3
706.767,1878,0,1878,26.3616,1.5,3
711.779,1878,0,1878,26.3616,1.5,3
716.792,1878,0,1878,26.3616,1.5,3
721.805,1878,0,1878,26.3616,1.5,3
726.817,1878,0,1878,26.3616,1.5,3
731.83,1878,0,1878,26.3616,1.5,3
736.842,1878,0,1878,26.3616,1.5,3
741.855,1878,0,1878,26.3616,1.5,3
746.867,1878,0,1878,26.3616,1.5,3
751.88,1878,0,1878,26.3616,1.5,3
756.892,1878,0,1878,26.3616,1.5,3
761.905,1878,0,1878,26.3616,1.5,3
766.917,1878,0,1878,26.3616,1.5,3
771.93,1878,0,1878,26.3616,1.5,3
776.942,1878,0,1878,26.3616,1.5,3
781.955,1878,0,1878,26.3616,1.5,3
786.967,1878,0,1878,26.3616,1.5,3
791.98,1878,0,1878,26.3616,1.5,3
796.992,1878,0,1878,26.3616,1.5,3
802.005,1878,0,1878,26.3616,1.5,3
807.018,1878,0,1878,26.3616,1.5,3
812.03,1878,0,1878,26.3616,1.5,3
817.043,1878,0,1878,26.3616,1.5,3
822.055,1878,0,1878,26.3616,1.5,3
827.068,1878,0,1878,26.3616,1.5,3
832.08,1878,0,1878,26.3616,1.5,3
837.093,1878,0,1878,26.3616,1.5,3
842.105,1878,0,1878,26.3616,1.5,3
847.118,1878,0,1878,26.3616,1.5,3
852.13,1878,0,1878,26.3616,1.5,3
857.143,1878,0,1878,26.3616,1.5,3
862.155,1878,0,1878,26.3616,1.5,3
867.168,1878,0,1878,26.3616,1.5,3
872.18,1878,0,1878,26.3616,1.5,3
877.193,1878,0,1878,26.3616,1.5,3
882.206,1878,0,1878,26.3616,1.5,3
887.218,1878,0,1878,26.3616,1.5,3
892.231,1878,0,1878,26.3616,1.5,3
897.243,1878,0,1878,26.3616,1.5,3
902.256,1878,0,1878,26.3616,1.5,3
907.268,1878,0,1878,26.3616,1.5,3
912.281,1878,0,1878,26.3616,1.5,3
917.293,1878,0,1878,26.3616,1.5,3
922.306,1878,0,1878,26.3616,1.5,3
927.318,1878,0,1878,26.3616,1.5,3
932.331,1878,0,1878,26.3616,1.5,3
937.343,1878,0,1878,26.3616,1.5,3
942.356,1878,0,1878,26.3616,1.5,3
947.368,1878,0,1878,26.3616,1.5,3
952.381,1878,0,1878,26.3616,1.5,3
957.393,1878,0,1878,26.3616,1.5,3
962.406,1878,0,1878,26.3616,1.5,3
967.419,1878,0,1878,26.3616,1.5,3
972.431,1878,0,1878,26.3616,1.5,3
977.444,1878,0,1878,26.3616,1.5,3
982.456,1878,0,1878,26.3616,1.5,3
987.469,1878,0,1878,26.3616,1.5,3
992.481,1878,0,1878,26.3616,1.5,3
997.494,1878,0,1878,26.3616,1.5,3
1002.51,1878,0,1878,26.3616,1.5,3
1007.52,1878,0,1878,26.3616,1.5,3
1012.53,1878,0,1878,26.3616,1.5,3
1017.54,1878,0,1878,26.3616,1.5,3
1022.56,1878,0,1878,26.3616,1.5,3
1027.57,1878,0,1878,26.3616,1.5,3
1032.58,1878,0,1878,26.3616,1.5,3
1037.59,1878,0,1878,26.3616,1.5,3
1042.61,1878,0,1878,26.3616,1.5,3
1047.62,1878,0,1878,26.3616,1.5,3
1052.63,1878,0,1878,26.3616,1.5,3
1057.64,1878,0,1878,26.3616,1.5,3
1062.66,1878,0,1878,26.3616,1.5,3
1067.67,1878,0,1878,26.3616,1.5,3
1072.68,1878,0,1878,26.3616,1.5,3
1077.69,1878,0,1878,26.3616,1.5,3
1082.71,1878,0,1878,26.3616,1.5,3
1087.72,1878,0,1878,26.3616,1.5,3
1092.73,1878,0,1878,26.3616,1.5,3
1097.74,1878,0,1878,26.3616,1.5,3
1102.76,1878,0,1878,26.3616,1.5,3
1107.77,1878,0,1878,26.3616,1.5,3
1112.78,1878,0,1878,26.3616,1.5,3
1117.79,1878,0,1878,26.3616,1.5,3
1122.81,1878,0,1878,26.3616,1.5,3
1127.82,1878,0,1878,26.3616,1.5,3
1132.83,1878,0,1878,26.3616,1.5,3
1137.84,1878,0,1878,26.3616,1.5,3
1142.86,1878,0,1878,26.3616,1.5,3
1147.87,1878,0,1878,26.3616,1.5,3
1152.88,1878,0,1878,26.3616,1.5,3
1157.89,1878,0,1878,26.3616,1.5,3
1162.91,1878,0,1878,26.3616,1.5,3
1167.92,1878,0,1878,26.3616,1.5,3
1172.93,1878,0,1878,26.3616,1.5,3
1177.94,1878,0,1878,26.3616,1.5,3
1182.96,1878,0,1878,26.3616,1.5,3
1187.97,1878,0,1878,26.3616,1.5,3
1192.98,1878,0,1878,26.3616,1.5,3
1197.99,1878,0,1878,26.3616,1.5,3
1203.01,1878,0,1878,26.3616,1.5,3
1208.02,1878,0,1878,26.3616,1.5,3
1213.03,1878,0,1878,26.3616,1.5,3
1218.05,1878,0,1878,26.3616,1.5,3
1223.06,1878,0,1878,26.3616,1.5,3
1228.07,1878,0,1878,26.3616,1.5,3
1233.08,1878,0,1878,26.3616,1.5,3
1238.1,1878,0,1878,26.3616,1.5,3
1243.11,1878,0,1878,26.3616,1.5,3
1248.12,1878,0,1878,26.3616,1.5,3
1253.13,1878,0,1878,26.3616,1.5,3
1258.15,1878,0,1878,26.3616,1.5,3
1263.16,1878,0,1878,26.3616,1.5,3
1268.17,1878,0,1878,26.3616,1.5,3
1273.18,1878,0,1878,26.3616,1.5,3
1278.2,1878,0,1878,26.3616,1.5,3
1283.21,1878,0,1878,26.3616,1.5,3
1288.22,1878,0,1878,26.3616,1.5,3
1293.23,1878,0,1878,26.3616,1.5,3
1298.25,1878,0,1878,26.3616,1.5,3
1303.26,1878,0,1878,26.3616,1.5,3
1308.27,1878,0,1878,26.3616,1.5,3
1313.28,1878,0,1878,26.3616,1.5,3
1318.3,1878,0,1878,26.3616,1.5,3
1323.31,1878,0,1878,26.3616,1.5,3
1328.32,1878,0,1878,26.3616,1.5,3
1333.33,1878,0,1878,26.3616,1.5,3
1338.35,1878,0,1878,26.3616,1.5,3
1343.36,1878,0,1878,26.3616,1.5,3
1348.37,1878,0,1878,26.3616,1.5,3
1353.38,1878,0,1878,26.3616,1.5,3
1358.4,1878,0,1878,26.3616,1.5,3
1363.41,1878,0,1878,26.3616,1.5,3
1368.42,1878,0,1878,26.3616,1.5,3
1373.43,1878,0,1878,26.3616,1.5,3
1378.45,1878,0,1878,26.3616,1.5,3
1383.46,1878,0,1878,26.3616,1.5,3
1388.47,1878,0,1878,26.3616,1.5,3
1393.48,1878,0,1878,26.3616,1.5,3
1398.5,1878,0,1878,26.3616,1.5,3
1403.51,1878,0,1878,26.3616,1.5,3
1408.52,1878,0,1878,26.3616,1.5,3
1413.53,1878,0,1878,26.3616,1.5,3
1418.55,1878,0,1878,26.3616,1.5,3
1423.56,1878,0,1878,26.3616,1.5,3
1428.57,1878,0,1878,26.3616,1.5,3
1433.58,1878,0,1878,26.3616,1.5,3
1438.6,1878,0,1878,26.3616,1.5,3
1443.61,1878,0,1878,26.3616,1.5,3
1448.62,1878,0,1878,26.3616,1.5,3
1453.63,1878,0,1878,26.3616,1.5,3
1458.65,1878,0,1878,26.3616,1.5,3
1463.66,1878,0,1878,26.3616,1.5,3
1468.67,1878,0,1878,26.3616,1.5,3
1473.68,1878,0,1878,26.3616,1.5,3
1478.7,1878,0,1878,26.3616,1.5,3
1483.71,1878,0,1878,26.3616,1.5,3
1488.72,1878,0,1878,26.3616,1.5,3
1493.73,1878,0,1878,26.3616,1.5,3
1498.75,1878,0,1878,26.3616,1.5,3
1503.76,1878,0,1878,26.3616,1.5,3
1508.77,1878,0,1878,26.3616,1.5,3
1513.78,1878,0,1878,26.3616,1.5,3
1518.8,1878,0,1878,26.3616,1.5,3
1523.81,1878,0,1878,26.3616,1.5,3
1528.82,1878,0,1878,26.3616,1.5,3
1533.83,1878,0,1878,26.3616,1.5,3
1538.85,1878,0,1878,26.3616,1.5,3
1543.86,1878,0,1878,26.3616,1.5,3
1548.87,1878,0,1878,26.3616,1.5,3
1553.88,1878,0,1878,26.3616,1.5,3
1558.9,1878,0,1878,26.3616,1.5,3
1563.91,1878,0,1878,26.3616,1.5,3
1568.92,1878,0,1878,26.3616,1.5,3
1573.93,1878,0,1878,26.3616,1.5,3
1578.95,1878,0,1878,26.3616,1.5,3
1583.96,1878,0,1878,26.3616,1.5,3
1588.97,1878,0,1878,26.3616,1.5,3
1593.98,1878,0,1878,26.3616,1.5,3
1599,1878,0,1878,26.3616,1.5,3
1604.01,1878,0,1878,26.3616,1.5,3
1609.02,1878,0,1878,26.3616,1.5,3
1614.04,1878,0,1878,26.3616,1.5,3
1619.05,1878,0,1878,26.3616,1.5,3
1624.06,1878,0,1878,26.3616,1.5,3
1629.07,1878,0,1878,26.3616,1.5,3
1634.09,1878,0,1878,26.3616,1.5,3
1639.1,1878,0,1878,26.3616,1.5,3
1644.11,1878,0,1878,26.3616,1.5,3
1649.12,1878,0,1878,26.3616,1.5,3
1654.14,1878,0,1878,26.3616,1.5,3
1659.15,1878,0,1878,26.3616,1.5,3
1664.16,1878,0,1878,26.3616,1.5,3
1669.17,1878,0,1878,26.3616,1.5,3
1674.19,1878,0,1878,26.3616,1.5,3
1679.2,1878,0,1878,26.3616,1.5,3
1684.21,1878,0,1878,26.3616,1.5,3
1689.22,1878,0,1878,26.3616,1.5,3
1694.24,1878,0,1878,26.3616,1.5,3
1699.25,1878,0,1878,26.3616,1.5,3
1704.26,1878,0,1878,26.3616,1.5,3
1709.27,1878,0,1878,26.3616,1.5,3
1714.29,1878,0,1878,26.3616,1.5,3
1719.3,1878,0,1878,26.3616,1.5,3
1724.31,1878,0,1878,26.3616,1.5,3
1729.32,1878,0,1878,26.3616,1.5,3
1734.34,1878,0,1878,26.3616,1.5,3
1739.35,1878,0,1878,26.3616,1.5,3
1744.36,1878,0,1878,26.3616,1.5,3
1749.37,1878,0,1878,26.3616,1.5,3
1754.39,1878,0,1878,26.3616,1.5,3
1759.4,1878,0,1878,26.3616,1.5,3
1764.41,1878,0,1878,26.3616,1.5,3
1769.42,1878,0,1878,26.3616,1.5,3
1774.44,1878,0,1878,26.3616,1.5,3
1779.45,1878,0,1878,26.3616,1.5,3
1784.46,1878,0,1878,26.3616,1.5,3
1789.47,1878,0,1878,26.3616,1.5,3
1794.49,1878,0,1878,26.3616,1.5,3
1799.5,1878,0,1878,26.3616,1.5,3
1804.51,1878,0,1878,26.3616,1.5,3
1809.52,1878,0,1878,26.3616,1.5,3
1814.54,1878,0,1878,26.3616,1.5,3
1819.55,1878,0,1878,26.3616,1.5,3
1824.56,1878,0,1878,26.3616,1.5,3
1829.57,1878,0,1878,26.3616,1.5,3
1834.59,1878,0,1878,26.3616,1.5,3
1839.6,1878,0,1878,26.3616,1.5,3
1844.61,1878,0,1878,26.3616,1.5,3
1849.62,1878,0,1878,26.3616,1.5,3
1854.64,1878,0,1878,26.3616,1.5,3
1859.65,1878,0,1878,26.3616,1.5,3
1864.66,1878,0,1878,26.3616,1.5,3
1869.67,1878,0,1878,26.3616,1.5,3
1874.69,1878,0,1878,26.3616,1.5,3
1879.7,1878,0,1878,26.3616,1.5,3
1884.71,1878,0,1878,26.3616,1.5,3
1889.72,1878,0,1878,26.3616,1.5,3
1894.74,1878,0,1878,26.3616,1.5,3
1899.75,1878,0,1878,26.3616,1.5,3
1904.76,1878,0,1878,26.3616,1.5,3
1909.77,1878,0,1878,26.3616,1.5,3
1914.79,1878,0,1878,26.3616,1.5,3
1919.8,1878,0,1878,26.3616,1.5,3
1924.81,1878,0,1878,26.3616,1.5,3
1929.82,1878,0,1878,26.3616,1.5,3
1934.84,1878,0,1878,26.3616,1.5,3
1939.85,1878,0,1878,26.3616,1.5,3
1944.86,1878,0,1878,26.3616,1.5,3
1949.87,1878,0,1878,26.3616,1.5,3
1954.89,1878,0,1878,26.3616,1.5,3
1959.9,1878,0,1878,26.3616,1.5,3
1964.91,1878,0,1878,26.3616,1.5,3
1969.92,1878,0,1878,26.3616,1.5,3
1974.94,1878,0,1878,26.3616,1.5,3
1979.95,1878,2.71267e-06,1878,26.3616,1.5,3
1984.96,1878,0,1878,26.3616,1.5,3
1989.97,1878,0,1878,26.3616,1.5,3
1994.99,1878,0,1878,26.3616,1.5,3
2000,1878,0,1878,26.3616,1.5,3
0,1923,0.999439,1923,30.4398,2,4
5.01253,1921.27,0.961461,1915.49,30.4398,2,4
10.0251,1918.91,0.909012,1908,30.4398,2,4
15.0376,1916.46,0.85459,1900.54,30.4398,2,4
20.0501,1913.92,0.798277,1893.13,30.4398,2,4
25.0627,1911.31,0.740261,1885.79,30.4398,2,4
30.0752,1908.63,0.680664,1878.52,30.4398,2,4
35.0877,1905.89,0.619689,1878,30.4398,2,4
40.1003,1903.1,0.55772,1878,30.4398,2,4
45.1128,1900.28,0.495139,1878,30.4398,2,4
50.1253,1897.46,0.432359,1878,30.4398,2,4
55.1378,1894.66,0.370147,1878,30.4398,2,4
60.1504,1891.92,0.309429,1878,30.4398,2,4
65.1629,1889.31,0.251286,1878,30.4398,2,4
70.1754,1886.86,0.196984,1878,30.4398,2,4
75.188,1884.66,0.14806,1878,30.4398,2,4
80.2005,1882.76,0.105876,1878,30.4398,2,4
85.213,1881.22,0.0716634,1878,30.4398,2,4
90.2256,1880.06,0.0457248,1878,30.4398,2,4
95.2381,1879.24,0.0274712,1878,30.4398,2,4
100.251,1878.7,0.015587,1878,30.4398,2,4
105.263,1878.37,0.00827094,1878,30.4398,2,4
110.276,1878.18,0.00399306,1878,30.4398,2,4
115.288,1878.07,0.00163845,1878,30.4398,2,4
120.301,1878.02,0.000461155,1878,30.4398,2,4
125.313,1878,6.51042e-05,1878,30.4398,2,4
130.326,1878,0,1878,30.4398,2,4
135.338,1878,0,1878,30.4398,2,4
140.351,1878,2.71267e-06,1878,30.4398,2,4
145.363,1878,0,1878,30.4398,2,4
150.376,1878,2.71267e-06,1878,30.4398,2,4
155.388,1878,0,1878,30.4398,2,4
160.401,1878,0,1878,30.4398,2,4
165.414,1878,0,1878,30.4398,2,4
170.426,1878,0,1878,30.4398,2,4
175.439,1878,2.71267e-06,1878,30.4398,2,4
180.451,1878,0,1878,30.4398,2,4
185.464,1878,0,1878,30.4398,2,4
190.476,1878,0,1878,30.4398,2,4
195.489,1878,0,1878,30.4398,2,4
200.501,1878,0,1878,30.4398,2,4
205.514,1878,0,1878,30.4398,2,4
210.526,1878,0,1878,30.4398,2,4
215.539,1878,0,1878,30.4398,2,4
220.551,1878,0,1878,30.4398,2,4
225.564,1878,0,1878,30.4398,2,4
230.576,1878,0,1878,30.4398,2,4
235.589,1878,0,1878,30.4398,2,4
240.602,1878,0,1878,30.4398,2,4
245.614,1878,0,1878,30.4398,2,4
250.627,1878,0,1878,30.4398,2,4
255.639,1878,0,1878,30.4398,2,4
260.652,1878,0,1878,30.4398,2,4
265.664,1878,2.71267e-06,1878,30.4398,2,4
270.677,1878,0,1878,30.4398,2,4
275.689,1878,2.71267e-06,1878,30.4398,2,4
280.702,1878,0,1878,30.4398,2,4
285.714,1878,0,1878,30.4398,2,4
290.727,1878,0,1878,30.4398,2,4
295.739,1878,0,1878,30.4398,2,4
300.752,1878,0,1878,30.4398,2,4
305.764,1878,0,1878,30.4398,2,4
310.777,1878,0,1878,30.4398,2,4
315.789,1878,0,1878,30.4398,2,4
320.802,1878,0,1878,30.4398,2,4
325.815,1878,0,1878,30.4398,2,4
330.827,1878,0,1878,30.4398,2,4
335.84,1878,0,1878,30.4398,2,4
340.852,1878,0,1878,30.4398,2,4
345.865,1878,0,1878,30.4398,2,4
350.877,1878,0,1878,30.4398,2,4
355.89,1878,0,1878,30.4398,2,4
360.902,1878,0,1878,30.4398,2,4
365.915,1878,0,1878,30.4398,2,4
370.927,1878,0,1878,30.4398,2,4
375.94,1878,0,1878,30.4398,2,4
380.952,1878,0,1878,30.4398,2,4
385.965,1878,0,1878,30.4398,2,4
390.977,1878,0,1878,30.4398,2,4
395.99,1878,0,1878,30.4398,2,4
401.003,1878,0,1878,30.4398,2,4
406.015,1878,0,1878,30.4398,2,4
411.028,1878,0,1878,30.4398,2,4
416.04,1878,0,1878,30.4398,2,4
421.053,1878,0,1878,30.4398,2,4
426.065,1878,0,1878,30.4398,2,4
431.078,1878,0,1878,30.4398,2,4
436.09,1878,0,1878,30.4398,2,4
441.103,1878,0,1878,30.4398,2,4
446.115,1878,0,1878,30.4398,2,4
451.128,1878,0,1878,30.4398,2,4
456.14,1878,0,1878,30.4398,2,4
461.153,1878,0,1878,30.4398,2,4
466.165,1878,0,1878,30.4398,2,4
471.178,1878,0,1878,30.4398,2,4
476.19,1878,0,1878,30.4398,2,4
481.203,1878,0,1878,30.4398,2,4
486.216,1878,0,1878,30.4398,2,4
491.228,1878,0,1878,30.4398,2,4
496.241,1878,0,1878,30.4398,2,4
501.253,1878,0,1878,30.4398,2,4
506.266,1878,0,1878,30.4398,2,4
511.278,1878,0,1878,30.4398,2,4
516.291,1878,0,1878,30.4398,2,4
521.303,1878,0,1878,30.4398,2,4
526.316,1878,0,1878,30.4398,2,4
531.328,1878,0,1878,30.4398,2,4
536.341,1878,0,1878,30.4398,2,4
541.353,1878,0,1878,30.4398,2,4
546.366,1878,0,1878,30.4398,2,4
551.378,1878,0,1878,30.4398,2,4
556.391,1878,0,1878,30.4398,2,4
561.404,1878,0,1878,30.4398,2,4
566.416,1878,0,1878,30.4398,2,4
571.429,1878,0,1878,30.4398,2,4
576.441,1878,0,1878,30.4398,2,4
581.454,1878,0,1878,30.4398,2,4
586.466,1878,0,1878,30.4398,2,4
591.479,1878,0,1878,30.4398,2,4
596.491,1878,0,1878,30.4398,2,4
601.504,1878,0,1878,30.4398,2,4
606.516,1878,0,1878,30.4398,2,4
611.529,1878,0,1878,30.4398,2,4
616.541,1878,0,1878,30.4398,2,4
621.554,1878,0,1878,30.4398,2,4
626.566,1878,0,1878,30.4398,2,4
631.579,1878,0,1878,30.4398,2,4
636.591,1878,0,1878,30.4398,2,4
641.604,1878,0,1878,30.4398,2,4
646.617,1878,0,1878,30.4398,2,4
651.629,1878,0,1878,30.4398,2,4
656.642,1878,0,1878,30.4398,2,4
661.654,1878,0,1878,30.4398,2,4
666.667,1878,0,1878,30.4398,2,4
671.679,1878,0,1878,30.4398,2,4
676.692,1878,0,1878,30.4398,2,4
681.704,1878,0,1878,30.4398,2,4
686.717,1878,0,1878,30.4398,2,4
691.729,1878,0,1878,30.4398,2,4
696.742,1878,0,1878,30.4398,2,4
701.754,1878,0,1878,30.4398,2,4
706.767,1878,0,1878,30.4398,2,4
711.779,1878,0,1878,30.4398,2,4
716.792,1878,0,1878,30.4398,2,4
721.805,1878,0,1878,30.4398,2,4
726.817,1878,0,1878,30.4398,2,4
731.83,1878,0,1878,30.4398,2,4
736.842,1878,0,1878,30.4398,2,4
741.855,1878,0,1878,30.4398,2,4
746.867,1878,0,1878,30.4398,2,4
751.88,1878,0,1878,30.4398,2,4
756.892,1878,0,1878,30.4398,2,4
761.905,1878,0,1878,30.4398,2,4
766.917,1878,0,1878,30.4398,2,4
771.93,1878,0,1878,30.4398,2,4
776.942,1878,0,1878,30.4398,2,4
781.955,1878,0,1878,30.4398,2,4
786.967,1878,0,1878,30.4398,2,4
791.98,1878,0,1878,30.4398,2,4
796.992,1878,0,1878,30.4398,2,4
802.005,1878,0,1878,30.4398,2,4
807.018,1878,0,1878,30.4398,2,4
812.03,1878,0,1878,30.4398,2,4
817.043,1878,0,1878,30.4398,2,4
822.055,1878,0,1878,30.4398,2,4
827.068,1878,0,1878,30.4398,2,4
832.08,1878,0,1878,30.4398,2,4
837.093,1878,0,1878,30.4398,2,4
842.105,1878,0,1878,30.4398,2,4
847.118,1878,0,1878,30.4398,2,4
852.13,1878,0,1878,30.4398,2,4
857.143,1878,0,1878,30.4398,2,4
862.155,1878,0,1878,30.4398,2,4
867.168,1878,0,1878,30.4398,2,4
872.18,1878,0,1878,30.4398,2,4
877.193,1878,0,1878,30.4398,2,4
882.206,1878,0,1878,30.4398,2,4
887.218,1878,0,1878,30.4398,2,4
892.231,1878,0,1878,30.4398,2,4
897.243,1878,0,1878,30.4398,2,4
902.256,1878,0,1878,30.4398,2,4
907.268,1878,0,1878,30.4398,2,4
912.281,1878,0,1878,30.4398,2,4
917.293,1878,0,1878,30.4398,2,4
922.306,1878,0,1878,30.4398,2,4
927.318,1878,0,1878,30.4398,2,4
932.331,1878,0,1878,30.4398,2,4
937.343,1878,0,1878,30.4398,2,4
942.356,1878,0,1878,30.4398,2,4
947.368,1878,0,1878,30.4398,2,4
952.381,1878,0,1878,30.4398,2,4
957.393,1878,0,1878,30.4398,2,4
962.406,1878,0,1878,30.4398,2,4
967.419,1878,0,1878,30.4398,2,4
972.431,1878,0,1878,30.4398,2,4
977.444,1878,0,1878,30.4398,2,4
982.456,1878,0,1878,30.4398,2,4
987.469,1878,0,1878,30.4398,2,4
992.481,1878,0,1878,30.4398,2,4
997.494,1878,0,1878,30.4398,2,4
1002.51,1878,0,1878,30.4398,2,4
1007.52,1878,0,1878,30.4398,2,4
1012.53,1878,0,1878,30.4398,2,4
1017.54,1878,0,1878,30.4398,2,4
1022.56,1878,0,1878,30.4398,2,4
1027.57,1878,0,1878,30.4398,2,4
1032.58,1878,0,1878,30.4398,2,4
1037.59,1878,0,1878,30.4398,2,4
1042.61,1878,0,1878,30.4398,2,4
1047.62,1878,0,1878,30.4398,2,4
1052.63,1878,0,1878,30.4398,2,4
1057.64,1878,0,1878,30.4398,2,4
1062.66,1878,0,1878,30.4398,2,4
1067.67,1878,0,1878,30.4398,2,4
1072.68,1878,0,1878,30.4398,2,4
1077.69,1878,0,1878,30.4398,2,4
1082.71,1878,0,1878,30.4398,2,4
1087.72,1878,0,1878,30.4398,2,4
1092.73,1878,0,1878,30.4398,2,4
1097.74,1878,0,1878,30.4398,2,4
1102.76,1878,0,1878,30.4398,2,4
1107.77,1878,0,1878,30.4398,2,4
1112.78,1878,0,1878,30.4398,2,4
1117.79,1878,0,1878,30.4398,2,4
1122.81,1878,0,1878,30.4398,2,4
1127.82,1878,0,1878,30.4398,2,4
1132.83,1878,0,1878,30.4398,2,4
1137.84,1878,0,1878,30.4398,2,4
1142.86,1878,0,1878,30.4398,2,4
1147.87,1878,0,1878,30.4398,2,4
1152.88,1878,0,1878,30.4398,2,4
1157.89,1878,0,1878,30.4398,2,4
1162.91,1878,0,1878,30.4398,2,4
1167.92,1878,0,1878,30.4398,2,4
1172.93,1878,0,1878,30.4398,2,4
1177.94,1878,0,1878,30.4398,2,4
1182.96,1878,0,1878,30.4398,2,4
1187.97,1878,0,1878,30.4398,2,4
1192.98,1878,0,1878,30.4398,2,4
1197.99,1878,0,1878,30.4398,2,4
1203.01,1878,0,1878,30.4398,2,4
1208.02,1878,0,1878,30.4398,2,4
1213.03,1878,0,1878,30.4398,2,4
1218.05,1878,0,1878,30.4398,2,4
1223.06,1878,0,1878,30.4398,2,4
1228.07,1878,0,1878,30.4398,2,4
1233.08,1878,0,1878,30.4398,2,4
1238.1,1878,0,1878,30.4398,2,4
1243.11,1878,0,1878,30.4398,2,4
1248.12,1878,0,1878,30.4398,2,4
1253.13,1878,0,1878,30.4398,2,4
1258.15,1878,0,1878,30.4398,2,4
1263.16,1878,0,1878,30.4398,2,4
1268.17,1878,0,1878,30.4398,2,4
1273.18,1878,0,1878,30.4398,2,4
1278.2,1878,0,1878,30.4398,2,4
1283.21,1878,0,1878,30.4398,2,4
1288.22,1878,0,1878,30.4398,2,4
1293.23,1878,0,1878,30.4398,2,4
1298.25,1878,0,1878,30.4398,2,4
1303.26,1878,0,1878,30.4398,2,4
1308.27,1878,0,1878,30.4398,2,4
1313.28,1878,0,1878,30.4398,2,4
1318.3,1878,0,1878,30.4398,2,4
1323.31,1878,0,1878,30.4398,2,4
1328.32,1878,0,1878,30.4398,2,4
1333.33,1878,0,1878,30.4398,2,4
1338.35,1878,0,1878,30.4398,2,4
1343.36,1878,0,1878,30.4398,2,4
1348.37,1878,0,1878,30.4398,2,4
1353.38,1878,0,1878,30.4398,2,4
1358.4,1878,0,1878,30.4398,2,4
1363.41,1878,0,1878,30.4398,2,4
1368.42,1878,0,1878,30.4398,2,4
1373.43,1878,0,1878,30.4398,2,4
1378.45,1878,0,1878,30.4398,2,4
1383.46,1878,0,1878,30.4398,2,4
1388.47,1878,0,1878,30.4398,2,4
1393.48,1878,0,1878,30.4398,2,4
1398.5,1878,0,1878,30.4398,2,4
1403.51,1878,0,1878,30.4398,2,4
1408.52,1878,0,1878,30.4398,2,4
1413.53,1878,0,1878,30.4398,2,4
1418.55,1878,0,1878,30.4398,2,4
1423.56,1878,0,1878,30.4398,2,4
1428.57,1878,0,1878,30.4398,2,4
1433.58,1878,0,1878,30.4398,2,4
1438.6,1878,0,1878,30.4398,2,4
1443.61,1878,0,1878,30.4398,2,4
1448.62,1878,0,1878,30.4398,2,4
1453.63,1878,0,1878,30.4398,2,4
1458.65,1878,0,1878,30.4398,2,4
1463.66,1878,0,1878,30.4398,2,4
1468.67,1878,0,1878,30.4398,2,4
1473.68,1878,0,1878,30.4398,2,4
1478.7,1878,0,1878,30.4398,2,4
1483.71,1878,0,1878,30.4398,2,4
1488.72,1878,0,1878,30.4398,2,4
1493.73,1878,0,1878,30.4398,2,4
1498.75,1878,0,1878,30.4398,2,4
1503.76,1878,0,1878,30.4398,2,4
1508.77,1878,0,1878,30.4398,2,4
1513.78,1878,0,1878,30.4398,2,4
1518.8,1878,0,1878,30.4398,2,4
1523.81,1878,0,1878,30.4398,2,4
1528.82,1878,0,1878,30.4398,2,4
1533.83,1878,0,1878,30.4398,2,4
1538.85,1878,0,1878,30.4398,2,4
1543.86,1878,0,1878,30.4398,2,4
1548.87,1878,0,1878,30.4398,2,4
1553.88,1878,0,1878,30.4398,2,4
1558.9,1878,0,1878,30.4398,2,4
1563.91,1878,0,1878,30.4398,2,4
1568.92,1878,0,1878,30.4398,2,4
1573.93,1878,0,1878,30.4398,2,4
1578.95,1878,0,1878,30.4398,2,4
1583.96,1878,0,1878,30.4398,2,4
1588.97,1878,0,1878,30.4398,2,4
1593.98,1878,0,1878,30.4398,2,4
1599,1878,0,1878,30.4398,2,4
1604.01,1878,0,1878,30.4398,2,4
1609.02,1878,0,1878,30.4398,2,4
1614.04,1878,0,1878,30.4398,2,4
1619.05,1878,0,1878,30.4398,2,4
1624.06,1878,0,1878,30.4398,2,4
1629.07,1878,0,1878,30.4398,2,4
1634.09,1878,0,1878,30.4398,2,4
1639.1,1878,0,1878,30.4398,2,4
1644.11,1878,0,1878,30.4398,2,4
1649.12,1878,0,1878,30.4398,2,4
1654.14,1878,0,1878,30.4398,2,4
1659.15,1878,0,1878,30.4398,2,4
1664.16,1878,0,1878,30.4398,2,4
1669.17,1878,0,1878,30.4398,2,4
1674.19,1878,0,1878,30.4398,2,4
1679.2,1878,0,1878,30.4398,2,4
1684.21,1878,0,1878,30.4398,2,4
1689.22,1878,0,1878,30.4398,2,4
1694.24,1878,0,1878,30.4398,2,4
1699.25,1878,0,1878,30.4398,2,4
1704.26,1878,0,1878,30.4398,2,4
1709.27,1878,0,1878,30.4398,2,4
1714.29,1878,0,1878,30.4398,2,4
1719.3,1878,0,1878,30.4398,2,4
1724.31,1878,0,1878,30.4398,2,4
1729.32,1878,0,1878,30.4398,2,4
1734.34,1878,0,1878,30.4398,2,4
1739.35,1878,0,1878,30.4398,2,4
1744.36,1878,0,1878,30.4398,2,4
1749.37,1878,0,1878,30.4398,2,4
1754.39,1878,0,1878,30.4398,2,4
1759.4,1878,0,1878,30.4398,2,4
1764.41,1878,0,1878,30.4398,2,4
1769.42,1878,0,1878,30.4398,2,4
1774.44,1878,0,1878,30.4398,2,4
1779.45,1878,0,1878,30.4398,2,4
1784.46,1878,0,1878,30.4398,2,4
1789.47,1878,0,1878,30.4398,2,4
1794.49,1878,0,1878,30.4398,2,4
1799.5,1878,0,1878,30.4398,2,4
1804.51,1878,0,1878,30.4398,2,4
1809.52,1878,0,1878,30.4398,2,4
1814.54,1878,0,1878,30.4398,2,4
1819.55,1878,0,1878,30.4398,2,4
1824.56,1878,0,1878,30.4398,2,4
1829.57,1878,0,1878,30.4398,2,4
1834.59,1878,0,1878,30.4398,2,4
1839.6,1878,0,1878,30.4398,2,4
1844.61,1878,0,1878,30.4398,2,4
1849.62,1878,0,1878,30.4398,2,4
1854.64,1878,0,1878,30.4398,2,4
1859.65,1878,0,1878,30.4398,2,4
1864.66,1878,0,1878,30.4398,2,4
1869.67,1878,0,1878,30.4398,2,4
1874.69,1878,0,1878,30.4398,2,4
1879.7,1878,0,1878,30.4398,2,4
1884.71,1878,0,1878,30.4398,2,4
1889.72,1878,0,1878,30.4398,2,4
1894.74,1878,0,1878,30.4398,2,4
1899.75,1878,0,1878,30.4398,2,4
1904.76,1878,0,1878,30.4398,2,4
1909.77,1878,0,1878,30.4398,2,4
1914.79,1878,0,1878,30.4398,2,4
1919.8,1878,0,1878,30.4398,2,4
1924.81,1878,0,1878,30.4398,2,4
1929.82,1878,0,1878,30.4398,2,4
1934.84,1878,0,1878,30.4398,2,4
1939.85,1878,0,1878,30.4398,2,4
1944.86,1878,0,1878,30.4398,2,4
1949.87,1878,0,1878,30.4398,2,4
1954.89,1878,0,1878,30.4398,2,4
1959.9,1878,0,1878,30.4398,2,4
1964.91,1878,0,1878,30.4398,2,4
1969.92,1878,0,1878,30.4398,2,4
1974.94,1878,0,1878,30.4398,2,4
1979.95,1878,0,1878,30.4398,2,4
1984.96,1878,0,1878,30.4398,2,4
1989.97,1878,0,1878,30.4398,2,4
1994.99,1878,2.71267e-06,1878,30.4398,2,4
2000,1878,0,1878,30.4398,2,4
