X_um,Z_um,T_K
0.00,51.00,300.0
2.00,51.00,300.0
4.00,51.00,300.0
6.00,51.00,300.0
8.00,51.00,300.0
10.00,51.00,300.0
12.00,51.00,300.0
14.00,51.00,300.0
16.00,51.00,300.0
18.00,51.00,300.0
20.00,51.00,300.0
22.00,51.00,300.0
24.00,51.00,300.0
26.00,51.00,300.0
28.00,51.00,300.0
30.00,51.00,300.0
32.00,51.00,300.0
34.00,51.00,300.0
36.00,51.00,300.0
38.00,51.00,300.0
40.00,51.00,300.0
42.00,51.00,300.0
44.00,51.00,300.0
46.00,51.00,300.0
48.00,51.00,300.1
50.00,51.00,300.1
52.00,51.00,300.1
54.00,51.00,300.1
56.00,51.00,300.1
58.00,51.00,300.1
60.00,51.00,300.1
62.00,51.00,300.2
64.00,51.00,300.2
66.00,51.00,300.2
68.00,51.00,300.2
70.00,51.00,300.3
72.00,51.00,300.3
74.00,51.00,300.3
76.00,51.00,300.4
78.00,51.00,300.4
80.00,51.00,300.4
82.00,51.00,300.4
84.00,51.00,300.5
86.00,51.00,300.5
88.00,51.00,300.5
90.00,51.00,300.6
92.00,51.00,300.6
94.00,51.00,300.6
96.00,51.00,300.6
98.00,51.00,300.6
100.00,51.00,300.6
102.00,51.00,300.6
104.00,51.00,300.6
106.00,51.00,300.6
108.00,51.00,300.6
110.00,51.00,300.6
112.00,51.00,300.5
114.00,51.00,300.5
116.00,51.00,300.5
118.00,51.00,300.4
120.00,51.00,300.4
122.00,51.00,300.4
124.00,51.00,300.4
126.00,51.00,300.3
128.00,51.00,300.3
130.00,51.00,300.3
132.00,51.00,300.2
134.00,51.00,300.2
136.00,51.00,300.2
138.00,51.00,300.2
140.00,51.00,300.1
142.00,51.00,300.1
144.00,51.00,300.1
146.00,51.00,300.1
148.00,51.00,300.1
150.00,51.00,300.1
152.00,51.00,300.1
154.00,51.00,300.0
156.00,51.00,300.0
158.00,51.00,300.0
160.00,51.00,300.0
162.00,51.00,300.0
164.00,51.00,300.0
166.00,51.00,300.0
168.00,51.00,300.0
170.00,51.00,300.0
172.00,51.00,300.0
174.00,51.00,300.0
176.00,51.00,300.0
178.00,51.00,300.0
180.00,51.00,300.0
182.00,51.00,300.0
184.00,51.00,300.0
186.00,51.00,300.0
188.00,51.00,300.0
190.00,51.00,300.0
192.00,51.00,300.0
194.00,51.00,300.0
196.00,51.00,300.0
198.00,51.00,300.0
0.00,53.00,300.0
2.00,53.00,300.0
4.00,53.00,300.0
6.00,53.00,300.0
8.00,53.00,300.0
10.00,53.00,300.0
12.00,53.00,300.0
14.00,53.00,300.0
16.00,53.00,300.0
18.00,53.00,300.0
20.00,53.00,300.0
22.00,53.00,300.0
24.00,53.00,300.0
26.00,53.00,300.0
28.00,53.00,300.0
30.00,53.00,300.0
32.00,53.00,300.0
34.00,53.00,300.0
36.00,53.00,300.0
38.00,53.00,300.0
40.00,53.00,300.0
42.00,53.00,300.0
44.00,53.00,300.0
46.00,53.00,300.1
48.00,53.00,300.1
50.00,53.00,300.1
52.00,53.00,300.1
54.00,53.00,300.1
56.00,53.00,300.1
58.00,53.00,300.1
60.00,53.00,300.2
62.00,53.00,300.2
64.00,53.00,300.2
66.00,53.00,300.2
68.00,53.00,300.3
70.00,53.00,300.3
72.00,53.00,300.3
74.00,53.00,300.4
76.00,53.00,300.4
78.00,53.00,300.4
80.00,53.00,300.5
82.00,53.00,300.5
84.00,53.00,300.6
86.00,53.00,300.6
88.00,53.00,300.6
90.00,53.00,300.6
92.00,53.00,300.7
94.00,53.00,300.7
96.00,53.00,300.7
98.00,53.00,300.7
100.00,53.00,300.7
102.00,53.00,300.7
104.00,53.00,300.7
106.00,53.00,300.7
108.00,53.00,300.7
110.00,53.00,300.6
112.00,53.00,300.6
114.00,53.00,300.6
116.00,53.00,300.6
118.00,53.00,300.5
120.00,53.00,300.5
122.00,53.00,300.4
124.00,53.00,300.4
126.00,53.00,300.4
128.00,53.00,300.3
130.00,53.00,300.3
132.00,53.00,300.3
134.00,53.00,300.2
136.00,53.00,300.2
138.00,53.00,300.2
140.00,53.00,300.2
142.00,53.00,300.1
144.00,53.00,300.1
146.00,53.00,300.1
148.00,53.00,300.1
150.00,53.00,300.1
152.00,53.00,300.1
154.00,53.00,300.1
156.00,53.00,300.0
158.00,53.00,300.0
160.00,53.00,300.0
162.00,53.00,300.0
164.00,53.00,300.0
166.00,53.00,300.0
168.00,53.00,300.0
170.00,53.00,300.0
172.00,53.00,300.0
174.00,53.00,300.0
176.00,53.00,300.0
178.00,53.00,300.0
180.00,53.00,300.0
182.00,53.00,300.0
184.00,53.00,300.0
186.00,53.00,300.0
188.00,53.00,300.0
190.00,53.00,300.0
192.00,53.00,300.0
194.00,53.00,300.0
196.00,53.00,300.0
198.00,53.00,300.0
0.00,55.00,300.0
2.00,55.00,300.0
4.00,55.00,300.0
6.00,55.00,300.0
8.00,55.00,300.0
10.00,55.00,300.0
12.00,55.00,300.0
14.00,55.00,300.0
16.00,55.00,300.0
18.00,55.00,300.0
20.00,55.00,300.0
22.00,55.00,300.0
24.00,55.00,300.0
26.00,55.00,300.0
28.00,55.00,300.0
30.00,55.00,300.0
32.00,55.00,300.0
34.00,55.00,300.0
36.00,55.00,300.0
38.00,55.00,300.0
40.00,55.00,300.0
42.00,55.00,300.0
44.00,55.00,300.1
46.00,55.00,300.1
48.00,55.00,300.1
50.00,55.00,300.1
52.00,55.00,300.1
54.00,55.00,300.1
56.00,55.00,300.2
58.00,55.00,300.2
60.00,55.00,300.2
62.00,55.00,300.2
64.00,55.00,300.3
66.00,55.00,300.3
68.00,55.00,300.3
70.00,55.00,300.4
72.00,55.00,300.4
74.00,55.00,300.5
76.00,55.00,300.5
78.00,55.00,300.6
80.00,55.00,300.6
82.00,55.00,300.7
84.00,55.00,300.7
86.00,55.00,300.8
88.00,55.00,300.8
90.00,55.00,300.8
92.00,55.00,300.9
94.00,55.00,300.9
96.00,55.00,300.9
98.00,55.00,300.9
100.00,55.00,300.9
102.00,55.00,300.9
104.00,55.00,300.9
106.00,55.00,300.9
108.00,55.00,300.9
110.00,55.00,300.8
112.00,55.00,300.8
114.00,55.00,300.8
116.00,55.00,300.7
118.00,55.00,300.7
120.00,55.00,300.6
122.00,55.00,300.6
124.00,55.00,300.5
126.00,55.00,300.5
128.00,55.00,300.4
130.00,55.00,300.4
132.00,55.00,300.3
134.00,55.00,300.3
136.00,55.00,300.3
138.00,55.00,300.2
140.00,55.00,300.2
142.00,55.00,300.2
144.00,55.00,300.2
146.00,55.00,300.1
148.00,55.00,300.1
150.00,55.00,300.1
152.00,55.00,300.1
154.00,55.00,300.1
156.00,55.00,300.1
158.00,55.00,300.0
160.00,55.00,300.0
162.00,55.00,300.0
164.00,55.00,300.0
166.00,55.00,300.0
168.00,55.00,300.0
170.00,55.00,300.0
172.00,55.00,300.0
174.00,55.00,300.0
176.00,55.00,300.0
178.00,55.00,300.0
180.00,55.00,300.0
182.00,55.00,300.0
184.00,55.00,300.0
186.00,55.00,300.0
188.00,55.00,300.0
190.00,55.00,300.0
192.00,55.00,300.0
194.00,55.00,300.0
196.00,55.00,300.0
198.00,55.00,300.0
0.00,57.00,300.0
2.00,57.00,300.0
4.00,57.00,300.0
6.00,57.00,300.0
8.00,57.00,300.0
10.00,57.00,300.0
12.00,57.00,300.0
14.00,57.00,300.0
16.00,57.00,300.0
18.00,57.00,300.0
20.00,57.00,300.0
22.00,57.00,300.0
24.00,57.00,300.0
26.00,57.00,300.0
28.00,57.00,300.0
30.00,57.00,300.0
32.00,57.00,300.0
34.00,57.00,300.0
36.00,57.00,300.0
38.00,57.00,300.0
40.00,57.00,300.1
42.00,57.00,300.1
44.00,57.00,300.1
46.00,57.00,300.1
48.00,57.00,300.1
50.00,57.00,300.1
52.00,57.00,300.2
54.00,57.00,300.2
56.00,57.00,300.2
58.00,57.00,300.2
60.00,57.00,300.3
62.00,57.00,300.3
64.00,57.00,300.4
66.00,57.00,300.4
68.00,57.00,300.5
70.00,57.00,300.5
72.00,57.00,300.6
74.00,57.00,300.7
76.00,57.00,300.7
78.00,57.00,300.8
80.00,57.00,300.9
82.00,57.00,300.9
84.00,57.00,301.0
86.00,57.00,301.1
88.00,57.00,301.1
90.00,57.00,301.2
92.00,57.00,301.2
94.00,57.00,301.3
96.00,57.00,301.3
98.00,57.00,301.3
100.00,57.00,301.3
102.00,57.00,301.3
104.00,57.00,301.3
106.00,57.00,301.3
108.00,57.00,301.2
110.00,57.00,301.2
112.00,57.00,301.1
114.00,57.00,301.1
116.00,57.00,301.0
118.00,57.00,300.9
120.00,57.00,300.9
122.00,57.00,300.8
124.00,57.00,300.7
126.00,57.00,300.7
128.00,57.00,300.6
130.00,57.00,300.5
132.00,57.00,300.5
134.00,57.00,300.4
136.00,57.00,300.4
138.00,57.00,300.3
140.00,57.00,300.3
142.00,57.00,300.2
144.00,57.00,300.2
146.00,57.00,300.2
148.00,57.00,300.2
150.00,57.00,300.1
152.00,57.00,300.1
154.00,57.00,300.1
156.00,57.00,300.1
158.00,57.00,300.1
160.00,57.00,300.1
162.00,57.00,300.0
164.00,57.00,300.0
166.00,57.00,300.0
168.00,57.00,300.0
170.00,57.00,300.0
172.00,57.00,300.0
174.00,57.00,300.0
176.00,57.00,300.0
178.00,57.00,300.0
180.00,57.00,300.0
182.00,57.00,300.0
184.00,57.00,300.0
186.00,57.00,300.0
188.00,57.00,300.0
190.00,57.00,300.0
192.00,57.00,300.0
194.00,57.00,300.0
196.00,57.00,300.0
198.00,57.00,300.0
0.00,59.00,300.0
2.00,59.00,300.0
4.00,59.00,300.0
6.00,59.00,300.0
8.00,59.00,300.0
10.00,59.00,300.0
12.00,59.00,300.0
14.00,59.00,300.0
16.00,59.00,300.0
18.00,59.00,300.0
20.00,59.00,300.0
22.00,59.00,300.0
24.00,59.00,300.0
26.00,59.00,300.0
28.00,59.00,300.0
30.00,59.00,300.0
32.00,59.00,300.0
34.00,59.00,300.0
36.00,59.00,300.0
38.00,59.00,300.1
40.00,59.00,300.1
42.00,59.00,300.1
44.00,59.00,300.1
46.00,59.00,300.1
48.00,59.00,300.2
50.00,59.00,300.2
52.00,59.00,300.2
54.00,59.00,300.2
56.00,59.00,300.3
58.00,59.00,300.3
60.00,59.00,300.4
62.00,59.00,300.5
64.00,59.00,300.5
66.00,59.00,300.6
68.00,59.00,300.7
70.00,59.00,300.8
72.00,59.00,300.8
74.00,59.00,300.9
76.00,59.00,301.0
78.00,59.00,301.1
80.00,59.00,301.2
82.00,59.00,301.3
84.00,59.00,301.4
86.00,59.00,301.5
88.00,59.00,301.6
90.00,59.00,301.7
92.00,59.00,301.7
94.00,59.00,301.8
96.00,59.00,301.8
98.00,59.00,301.9
100.00,59.00,301.9
102.00,59.00,301.9
104.00,59.00,301.8
106.00,59.00,301.8
108.00,59.00,301.7
110.00,59.00,301.7
112.00,59.00,301.6
114.00,59.00,301.5
116.00,59.00,301.4
118.00,59.00,301.3
120.00,59.00,301.2
122.00,59.00,301.1
124.00,59.00,301.0
126.00,59.00,300.9
128.00,59.00,300.8
130.00,59.00,300.8
132.00,59.00,300.7
134.00,59.00,300.6
136.00,59.00,300.5
138.00,59.00,300.5
140.00,59.00,300.4
142.00,59.00,300.3
144.00,59.00,300.3
146.00,59.00,300.2
148.00,59.00,300.2
150.00,59.00,300.2
152.00,59.00,300.2
154.00,59.00,300.1
156.00,59.00,300.1
158.00,59.00,300.1
160.00,59.00,300.1
162.00,59.00,300.1
164.00,59.00,300.0
166.00,59.00,300.0
168.00,59.00,300.0
170.00,59.00,300.0
172.00,59.00,300.0
174.00,59.00,300.0
176.00,59.00,300.0
178.00,59.00,300.0
180.00,59.00,300.0
182.00,59.00,300.0
184.00,59.00,300.0
186.00,59.00,300.0
188.00,59.00,300.0
190.00,59.00,300.0
192.00,59.00,300.0
194.00,59.00,300.0
196.00,59.00,300.0
198.00,59.00,300.0
0.00,61.00,300.0
2.00,61.00,300.0
4.00,61.00,300.0
6.00,61.00,300.0
8.00,61.00,300.0
10.00,61.00,300.0
12.00,61.00,300.0
14.00,61.00,300.0
16.00,61.00,300.0
18.00,61.00,300.0
20.00,61.00,300.0
22.00,61.00,300.0
24.00,61.00,300.0
26.00,61.00,300.0
28.00,61.00,300.0
30.00,61.00,300.0
32.00,61.00,300.0
34.00,61.00,300.1
36.00,61.00,300.1
38.00,61.00,300.1
40.00,61.00,300.1
42.00,61.00,300.1
44.00,61.00,300.1
46.00,61.00,300.2
48.00,61.00,300.2
50.00,61.00,300.2
52.00,61.00,300.3
54.00,61.00,300.3
56.00,61.00,300.4
58.00,61.00,300.5
60.00,61.00,300.6
62.00,61.00,300.6
64.00,61.00,300.7
66.00,61.00,300.8
68.00,61.00,301.0
70.00,61.00,301.1
72.00,61.00,301.2
74.00,61.00,301.3
76.00,61.00,301.5
78.00,61.00,301.6
80.00,61.00,301.8
82.00,61.00,301.9
84.00,61.00,302.1
86.00,61.00,302.2
88.00,61.00,302.3
90.00,61.00,302.4
92.00,61.00,302.5
94.00,61.00,302.6
96.00,61.00,302.7
98.00,61.00,302.7
100.00,61.00,302.7
102.00,61.00,302.7
104.00,61.00,302.7
106.00,61.00,302.6
108.00,61.00,302.5
110.00,61.00,302.4
112.00,61.00,302.3
114.00,61.00,302.2
116.00,61.00,302.1
118.00,61.00,301.9
120.00,61.00,301.8
122.00,61.00,301.6
124.00,61.00,301.5
126.00,61.00,301.3
128.00,61.00,301.2
130.00,61.00,301.1
132.00,61.00,301.0
134.00,61.00,300.8
136.00,61.00,300.7
138.00,61.00,300.6
140.00,61.00,300.6
142.00,61.00,300.5
144.00,61.00,300.4
146.00,61.00,300.3
148.00,61.00,300.3
150.00,61.00,300.2
152.00,61.00,300.2
154.00,61.00,300.2
156.00,61.00,300.1
158.00,61.00,300.1
160.00,61.00,300.1
162.00,61.00,300.1
164.00,61.00,300.1
166.00,61.00,300.1
168.00,61.00,300.0
170.00,61.00,300.0
172.00,61.00,300.0
174.00,61.00,300.0
176.00,61.00,300.0
178.00,61.00,300.0
180.00,61.00,300.0
182.00,61.00,300.0
184.00,61.00,300.0
186.00,61.00,300.0
188.00,61.00,300.0
190.00,61.00,300.0
192.00,61.00,300.0
194.00,61.00,300.0
196.00,61.00,300.0
198.00,61.00,300.0
0.00,63.00,300.0
2.00,63.00,300.0
4.00,63.00,300.0
6.00,63.00,300.0
8.00,63.00,300.0
10.00,63.00,300.0
12.00,63.00,300.0
14.00,63.00,300.0
16.00,63.00,300.0
18.00,63.00,300.0
20.00,63.00,300.0
22.00,63.00,300.0
24.00,63.00,300.0
26.00,63.00,300.0
28.00,63.00,300.0
30.00,63.00,300.1
32.00,63.00,300.1
34.00,63.00,300.1
36.00,63.00,300.1
38.00,63.00,300.1
40.00,63.00,300.1
42.00,63.00,300.2
44.00,63.00,300.2
46.00,63.00,300.2
48.00,63.00,300.3
50.00,63.00,300.4
52.00,63.00,300.4
54.00,63.00,300.5
56.00,63.00,300.6
58.00,63.00,300.7
60.00,63.00,300.8
62.00,63.00,300.9
64.00,63.00,301.0
66.00,63.00,301.2
68.00,63.00,301.4
70.00,63.00,301.5
72.00,63.00,301.7
74.00,63.00,301.9
76.00,63.00,302.1
78.00,63.00,302.4
80.00,63.00,302.6
82.00,63.00,302.8
84.00,63.00,303.0
86.00,63.00,303.2
88.00,63.00,303.4
90.00,63.00,303.6
92.00,63.00,303.7
94.00,63.00,303.8
96.00,63.00,303.9
98.00,63.00,304.0
100.00,63.00,304.0
102.00,63.00,304.0
104.00,63.00,303.9
106.00,63.00,303.8
108.00,63.00,303.7
110.00,63.00,303.6
112.00,63.00,303.4
114.00,63.00,303.2
116.00,63.00,303.0
118.00,63.00,302.8
120.00,63.00,302.6
122.00,63.00,302.4
124.00,63.00,302.1
126.00,63.00,301.9
128.00,63.00,301.7
130.00,63.00,301.5
132.00,63.00,301.4
134.00,63.00,301.2
136.00,63.00,301.0
138.00,63.00,300.9
140.00,63.00,300.8
142.00,63.00,300.7
144.00,63.00,300.6
146.00,63.00,300.5
148.00,63.00,300.4
150.00,63.00,300.4
152.00,63.00,300.3
154.00,63.00,300.2
156.00,63.00,300.2
158.00,63.00,300.2
160.00,63.00,300.1
162.00,63.00,300.1
164.00,63.00,300.1
166.00,63.00,300.1
168.00,63.00,300.1
170.00,63.00,300.1
172.00,63.00,300.0
174.00,63.00,300.0
176.00,63.00,300.0
178.00,63.00,300.0
180.00,63.00,300.0
182.00,63.00,300.0
184.00,63.00,300.0
186.00,63.00,300.0
188.00,63.00,300.0
190.00,63.00,300.0
192.00,63.00,300.0
194.00,63.00,300.0
196.00,63.00,300.0
198.00,63.00,300.0
0.00,65.00,300.0
2.00,65.00,300.0
4.00,65.00,300.0
6.00,65.00,300.0
8.00,65.00,300.0
10.00,65.00,300.0
12.00,65.00,300.0
14.00,65.00,300.0
16.00,65.00,300.0
18.00,65.00,300.0
20.00,65.00,300.0
22.00,65.00,300.0
24.00,65.00,300.0
26.00,65.00,300.0
28.00,65.00,300.1
30.00,65.00,300.1
32.00,65.00,300.1
34.00,65.00,300.1
36.00,65.00,300.1
38.00,65.00,300.2
40.00,65.00,300.2
42.00,65.00,300.2
44.00,65.00,300.3
46.00,65.00,300.3
48.00,65.00,300.4
50.00,65.00,300.5
52.00,65.00,300.6
54.00,65.00,300.7
56.00,65.00,300.8
58.00,65.00,301.0
60.00,65.00,301.1
62.00,65.00,301.3
64.00,65.00,301.5
66.00,65.00,301.7
68.00,65.00,301.9
70.00,65.00,302.2
72.00,65.00,302.5
74.00,65.00,302.8
76.00,65.00,303.1
78.00,65.00,303.4
80.00,65.00,303.7
82.00,65.00,304.0
84.00,65.00,304.4
86.00,65.00,304.7
88.00,65.00,304.9
90.00,65.00,305.2
92.00,65.00,305.4
94.00,65.00,305.6
96.00,65.00,305.7
98.00,65.00,305.8
100.00,65.00,305.8
102.00,65.00,305.8
104.00,65.00,305.7
106.00,65.00,305.6
108.00,65.00,305.4
110.00,65.00,305.2
112.00,65.00,304.9
114.00,65.00,304.7
116.00,65.00,304.4
118.00,65.00,304.0
120.00,65.00,303.7
122.00,65.00,303.4
124.00,65.00,303.1
126.00,65.00,302.8
128.00,65.00,302.5
130.00,65.00,302.2
132.00,65.00,301.9
134.00,65.00,301.7
136.00,65.00,301.5
138.00,65.00,301.3
140.00,65.00,301.1
142.00,65.00,301.0
144.00,65.00,300.8
146.00,65.00,300.7
148.00,65.00,300.6
150.00,65.00,300.5
152.00,65.00,300.4
154.00,65.00,300.3
156.00,65.00,300.3
158.00,65.00,300.2
160.00,65.00,300.2
162.00,65.00,300.2
164.00,65.00,300.1
166.00,65.00,300.1
168.00,65.00,300.1
170.00,65.00,300.1
172.00,65.00,300.1
174.00,65.00,300.0
176.00,65.00,300.0
178.00,65.00,300.0
180.00,65.00,300.0
182.00,65.00,300.0
184.00,65.00,300.0
186.00,65.00,300.0
188.00,65.00,300.0
190.00,65.00,300.0
192.00,65.00,300.0
194.00,65.00,300.0
196.00,65.00,300.0
198.00,65.00,300.0
0.00,67.00,300.0
2.00,67.00,300.0
4.00,67.00,300.0
6.00,67.00,300.0
8.00,67.00,300.0
10.00,67.00,300.0
12.00,67.00,300.0
14.00,67.00,300.0
16.00,67.00,300.0
18.00,67.00,300.0
20.00,67.00,300.0
22.00,67.00,300.0
24.00,67.00,300.0
26.00,67.00,300.1
28.00,67.00,300.1
30.00,67.00,300.1
32.00,67.00,300.1
34.00,67.00,300.1
36.00,67.00,300.2
38.00,67.00,300.2
40.00,67.00,300.3
42.00,67.00,300.3
44.00,67.00,300.4
46.00,67.00,300.5
48.00,67.00,300.6
50.00,67.00,300.7
52.00,67.00,300.8
54.00,67.00,301.0
56.00,67.00,301.1
58.00,67.00,301.3
60.00,67.00,301.6
62.00,67.00,301.8
64.00,67.00,302.1
66.00,67.00,302.4
68.00,67.00,302.8
70.00,67.00,303.1
72.00,67.00,303.5
74.00,67.00,304.0
76.00,67.00,304.4
78.00,67.00,304.9
80.00,67.00,305.4
82.00,67.00,305.8
84.00,67.00,306.3
86.00,67.00,306.8
88.00,67.00,307.2
90.00,67.00,307.5
92.00,67.00,307.9
94.00,67.00,308.1
96.00,67.00,308.3
98.00,67.00,308.5
100.00,67.00,308.5
102.00,67.00,308.5
104.00,67.00,308.3
106.00,67.00,308.1
108.00,67.00,307.9
110.00,67.00,307.5
112.00,67.00,307.2
114.00,67.00,306.8
116.00,67.00,306.3
118.00,67.00,305.8
120.00,67.00,305.4
122.00,67.00,304.9
124.00,67.00,304.4
126.00,67.00,304.0
128.00,67.00,303.5
130.00,67.00,303.1
132.00,67.00,302.8
134.00,67.00,302.4
136.00,67.00,302.1
138.00,67.00,301.8
140.00,67.00,301.6
142.00,67.00,301.3
144.00,67.00,301.1
146.00,67.00,301.0
148.00,67.00,300.8
150.00,67.00,300.7
152.00,67.00,300.6
154.00,67.00,300.5
156.00,67.00,300.4
158.00,67.00,300.3
160.00,67.00,300.3
162.00,67.00,300.2
164.00,67.00,300.2
166.00,67.00,300.1
168.00,67.00,300.1
170.00,67.00,300.1
172.00,67.00,300.1
174.00,67.00,300.1
176.00,67.00,300.0
178.00,67.00,300.0
180.00,67.00,300.0
182.00,67.00,300.0
184.00,67.00,300.0
186.00,67.00,300.0
188.00,67.00,300.0
190.00,67.00,300.0
192.00,67.00,300.0
194.00,67.00,300.0
196.00,67.00,300.0
198.00,67.00,300.0
0.00,69.00,300.0
2.00,69.00,300.0
4.00,69.00,300.0
6.00,69.00,300.0
8.00,69.00,300.0
10.00,69.00,300.0
12.00,69.00,300.0
14.00,69.00,300.0
16.00,69.00,300.0
18.00,69.00,300.0
20.00,69.00,300.0
22.00,69.00,300.1
24.00,69.00,300.1
26.00,69.00,300.1
28.00,69.00,300.1
30.00,69.00,300.1
32.00,69.00,300.2
34.00,69.00,300.2
36.00,69.00,300.2
38.00,69.00,300.3
40.00,69.00,300.4
42.00,69.00,300.5
44.00,69.00,300.5
46.00,69.00,300.7
48.00,69.00,300.8
50.00,69.00,301.0
52.00,69.00,301.1
54.00,69.00,301.3
56.00,69.00,301.6
58.00,69.00,301.9
60.00,69.00,302.2
62.00,69.00,302.6
64.00,69.00,303.0
66.00,69.00,303.4
68.00,69.00,303.9
70.00,69.00,304.4
72.00,69.00,305.0
74.00,69.00,305.6
76.00,69.00,306.3
78.00,69.00,307.0
80.00,69.00,307.7
82.00,69.00,308.4
84.00,69.00,309.1
86.00,69.00,309.7
88.00,69.00,310.4
90.00,69.00,310.9
92.00,69.00,311.4
94.00,69.00,311.8
96.00,69.00,312.1
98.00,69.00,312.3
100.00,69.00,312.3
102.00,69.00,312.3
104.00,69.00,312.1
106.00,69.00,311.8
108.00,69.00,311.4
110.00,69.00,310.9
112.00,69.00,310.4
114.00,69.00,309.7
116.00,69.00,309.1
118.00,69.00,308.4
120.00,69.00,307.7
122.00,69.00,307.0
124.00,69.00,306.3
126.00,69.00,305.6
128.00,69.00,305.0
130.00,69.00,304.4
132.00,69.00,303.9
134.00,69.00,303.4
136.00,69.00,303.0
138.00,69.00,302.6
140.00,69.00,302.2
142.00,69.00,301.9
144.00,69.00,301.6
146.00,69.00,301.3
148.00,69.00,301.1
150.00,69.00,301.0
152.00,69.00,300.8
154.00,69.00,300.7
156.00,69.00,300.5
158.00,69.00,300.5
160.00,69.00,300.4
162.00,69.00,300.3
164.00,69.00,300.2
166.00,69.00,300.2
168.00,69.00,300.2
170.00,69.00,300.1
172.00,69.00,300.1
174.00,69.00,300.1
176.00,69.00,300.1
178.00,69.00,300.1
180.00,69.00,300.0
182.00,69.00,300.0
184.00,69.00,300.0
186.00,69.00,300.0
188.00,69.00,300.0
190.00,69.00,300.0
192.00,69.00,300.0
194.00,69.00,300.0
196.00,69.00,300.0
198.00,69.00,300.0
0.00,71.00,300.0
2.00,71.00,300.0
4.00,71.00,300.0
6.00,71.00,300.0
8.00,71.00,300.0
10.00,71.00,300.0
12.00,71.00,300.0
14.00,71.00,300.0
16.00,71.00,300.0
18.00,71.00,300.0
20.00,71.00,300.1
22.00,71.00,300.1
24.00,71.00,300.1
26.00,71.00,300.1
28.00,71.00,300.1
30.00,71.00,300.2
32.00,71.00,300.2
34.00,71.00,300.3
36.00,71.00,300.3
38.00,71.00,300.4
40.00,71.00,300.5
42.00,71.00,300.6
44.00,71.00,300.8
46.00,71.00,300.9
48.00,71.00,301.1
50.00,71.00,301.3
52.00,71.00,301.6
54.00,71.00,301.9
56.00,71.00,302.2
58.00,71.00,302.6
60.00,71.00,303.1
62.00,71.00,303.6
64.00,71.00,304.1
66.00,71.00,304.8
68.00,71.00,305.5
70.00,71.00,306.3
72.00,71.00,307.1
74.00,71.00,308.0
76.00,71.00,309.0
78.00,71.00,309.9
80.00,71.00,311.0
82.00,71.00,312.0
84.00,71.00,313.0
86.00,71.00,314.0
88.00,71.00,314.9
90.00,71.00,315.7
92.00,71.00,316.5
94.00,71.00,317.0
96.00,71.00,317.5
98.00,71.00,317.7
100.00,71.00,317.8
102.00,71.00,317.7
104.00,71.00,317.5
106.00,71.00,317.0
108.00,71.00,316.5
110.00,71.00,315.7
112.00,71.00,314.9
114.00,71.00,314.0
116.00,71.00,313.0
118.00,71.00,312.0
120.00,71.00,311.0
122.00,71.00,309.9
124.00,71.00,309.0
126.00,71.00,308.0
128.00,71.00,307.1
130.00,71.00,306.3
132.00,71.00,305.5
134.00,71.00,304.8
136.00,71.00,304.1
138.00,71.00,303.6
140.00,71.00,303.1
142.00,71.00,302.6
144.00,71.00,302.2
146.00,71.00,301.9
148.00,71.00,301.6
150.00,71.00,301.3
152.00,71.00,301.1
154.00,71.00,300.9
156.00,71.00,300.8
158.00,71.00,300.6
160.00,71.00,300.5
162.00,71.00,300.4
164.00,71.00,300.3
166.00,71.00,300.3
168.00,71.00,300.2
170.00,71.00,300.2
172.00,71.00,300.1
174.00,71.00,300.1
176.00,71.00,300.1
178.00,71.00,300.1
180.00,71.00,300.1
182.00,71.00,300.0
184.00,71.00,300.0
186.00,71.00,300.0
188.00,71.00,300.0
190.00,71.00,300.0
192.00,71.00,300.0
194.00,71.00,300.0
196.00,71.00,300.0
198.00,71.00,300.0
0.00,73.00,300.0
2.00,73.00,300.0
4.00,73.00,300.0
6.00,73.00,300.0
8.00,73.00,300.0
10.00,73.00,300.0
12.00,73.00,300.0
14.00,73.00,300.0
16.00,73.00,300.0
18.00,73.00,300.1
20.00,73.00,300.1
22.00,73.00,300.1
24.00,73.00,300.1
26.00,73.00,300.2
28.00,73.00,300.2
30.00,73.00,300.2
32.00,73.00,300.3
34.00,73.00,300.4
36.00,73.00,300.5
38.00,73.00,300.6
40.00,73.00,300.7
42.00,73.00,300.8
44.00,73.00,301.0
46.00,73.00,301.2
48.00,73.00,301.5
50.00,73.00,301.8
52.00,73.00,302.2
54.00,73.00,302.6
56.00,73.00,303.0
58.00,73.00,303.6
60.00,73.00,304.2
62.00,73.00,304.9
64.00,73.00,305.8
66.00,73.00,306.7
68.00,73.00,307.7
70.00,73.00,308.8
72.00,73.00,310.0
74.00,73.00,311.3
76.00,73.00,312.6
78.00,73.00,314.1
80.00,73.00,315.6
82.00,73.00,317.1
84.00,73.00,318.6
86.00,73.00,320.0
88.00,73.00,321.3
90.00,73.00,322.6
92.00,73.00,323.6
94.00,73.00,324.5
96.00,73.00,325.2
98.00,73.00,325.6
100.00,73.00,325.7
102.00,73.00,325.6
104.00,73.00,325.2
106.00,73.00,324.5
108.00,73.00,323.6
110.00,73.00,322.6
112.00,73.00,321.3
114.00,73.00,320.0
116.00,73.00,318.6
118.00,73.00,317.1
120.00,73.00,315.6
122.00,73.00,314.1
124.00,73.00,312.6
126.00,73.00,311.3
128.00,73.00,310.0
130.00,73.00,308.8
132.00,73.00,307.7
134.00,73.00,306.7
136.00,73.00,305.8
138.00,73.00,304.9
140.00,73.00,304.2
142.00,73.00,303.6
144.00,73.00,303.0
146.00,73.00,302.6
148.00,73.00,302.2
150.00,73.00,301.8
152.00,73.00,301.5
154.00,73.00,301.2
156.00,73.00,301.0
158.00,73.00,300.8
160.00,73.00,300.7
162.00,73.00,300.6
164.00,73.00,300.5
166.00,73.00,300.4
168.00,73.00,300.3
170.00,73.00,300.2
172.00,73.00,300.2
174.00,73.00,300.2
176.00,73.00,300.1
178.00,73.00,300.1
180.00,73.00,300.1
182.00,73.00,300.1
184.00,73.00,300.0
186.00,73.00,300.0
188.00,73.00,300.0
190.00,73.00,300.0
192.00,73.00,300.0
194.00,73.00,300.0
196.00,73.00,300.0
198.00,73.00,300.0
0.00,75.00,300.0
2.00,75.00,300.0
4.00,75.00,300.0
6.00,75.00,300.0
8.00,75.00,300.0
10.00,75.00,300.0
12.00,75.00,300.0
14.00,75.00,300.0
16.00,75.00,300.1
18.00,75.00,300.1
20.00,75.00,300.1
22.00,75.00,300.1
24.00,75.00,300.2
26.00,75.00,300.2
28.00,75.00,300.3
30.00,75.00,300.3
32.00,75.00,300.4
34.00,75.00,300.5
36.00,75.00,300.6
38.00,75.00,300.8
40.00,75.00,300.9
42.00,75.00,301.1
44.00,75.00,301.4
46.00,75.00,301.7
48.00,75.00,302.0
50.00,75.00,302.5
52.00,75.00,302.9
54.00,75.00,303.5
56.00,75.00,304.2
58.00,75.00,304.9
60.00,75.00,305.8
62.00,75.00,306.8
64.00,75.00,308.0
66.00,75.00,309.2
68.00,75.00,310.7
70.00,75.00,312.2
72.00,75.00,313.9
74.00,75.00,315.8
76.00,75.00,317.8
78.00,75.00,319.8
80.00,75.00,322.0
82.00,75.00,324.2
84.00,75.00,326.3
86.00,75.00,328.5
88.00,75.00,330.4
90.00,75.00,332.3
92.00,75.00,333.9
94.00,75.00,335.1
96.00,75.00,336.1
98.00,75.00,336.7
100.00,75.00,336.9
102.00,75.00,336.7
104.00,75.00,336.1
106.00,75.00,335.1
108.00,75.00,333.9
110.00,75.00,332.3
112.00,75.00,330.4
114.00,75.00,328.5
116.00,75.00,326.3
118.00,75.00,324.2
120.00,75.00,322.0
122.00,75.00,319.8
124.00,75.00,317.8
126.00,75.00,315.8
128.00,75.00,313.9
130.00,75.00,312.2
132.00,75.00,310.7
134.00,75.00,309.2
136.00,75.00,308.0
138.00,75.00,306.8
140.00,75.00,305.8
142.00,75.00,304.9
144.00,75.00,304.2
146.00,75.00,303.5
148.00,75.00,302.9
150.00,75.00,302.5
152.00,75.00,302.0
154.00,75.00,301.7
156.00,75.00,301.4
158.00,75.00,301.1
160.00,75.00,300.9
162.00,75.00,300.8
164.00,75.00,300.6
166.00,75.00,300.5
168.00,75.00,300.4
170.00,75.00,300.3
172.00,75.00,300.3
174.00,75.00,300.2
176.00,75.00,300.2
178.00,75.00,300.1
180.00,75.00,300.1
182.00,75.00,300.1
184.00,75.00,300.1
186.00,75.00,300.0
188.00,75.00,300.0
190.00,75.00,300.0
192.00,75.00,300.0
194.00,75.00,300.0
196.00,75.00,300.0
198.00,75.00,300.0
0.00,77.00,300.0
2.00,77.00,300.0
4.00,77.00,300.0
6.00,77.00,300.0
8.00,77.00,300.0
10.00,77.00,300.0
12.00,77.00,300.1
14.00,77.00,300.1
16.00,77.00,300.1
18.00,77.00,300.1
20.00,77.00,300.1
22.00,77.00,300.2
24.00,77.00,300.2
26.00,77.00,300.3
28.00,77.00,300.3
30.00,77.00,300.4
32.00,77.00,300.5
34.00,77.00,300.7
36.00,77.00,300.8
38.00,77.00,301.0
40.00,77.00,301.3
42.00,77.00,301.5
44.00,77.00,301.9
46.00,77.00,302.3
48.00,77.00,302.8
50.00,77.00,303.3
52.00,77.00,304.0
54.00,77.00,304.8
56.00,77.00,305.7
58.00,77.00,306.7
60.00,77.00,308.0
62.00,77.00,309.3
64.00,77.00,310.9
66.00,77.00,312.7
68.00,77.00,314.7
70.00,77.00,316.9
72.00,77.00,319.4
74.00,77.00,322.0
76.00,77.00,324.8
78.00,77.00,327.8
80.00,77.00,330.9
82.00,77.00,334.1
84.00,77.00,337.2
86.00,77.00,340.3
88.00,77.00,343.3
90.00,77.00,345.9
92.00,77.00,348.3
94.00,77.00,350.2
96.00,77.00,351.6
98.00,77.00,352.5
100.00,77.00,352.8
102.00,77.00,352.5
104.00,77.00,351.6
106.00,77.00,350.2
108.00,77.00,348.3
110.00,77.00,345.9
112.00,77.00,343.3
114.00,77.00,340.3
116.00,77.00,337.2
118.00,77.00,334.1
120.00,77.00,330.9
122.00,77.00,327.8
124.00,77.00,324.8
126.00,77.00,322.0
128.00,77.00,319.4
130.00,77.00,316.9
132.00,77.00,314.7
134.00,77.00,312.7
136.00,77.00,310.9
138.00,77.00,309.3
140.00,77.00,308.0
142.00,77.00,306.7
144.00,77.00,305.7
146.00,77.00,304.8
148.00,77.00,304.0
150.00,77.00,303.3
152.00,77.00,302.8
154.00,77.00,302.3
156.00,77.00,301.9
158.00,77.00,301.5
160.00,77.00,301.3
162.00,77.00,301.0
164.00,77.00,300.8
166.00,77.00,300.7
168.00,77.00,300.5
170.00,77.00,300.4
172.00,77.00,300.3
174.00,77.00,300.3
176.00,77.00,300.2
178.00,77.00,300.2
180.00,77.00,300.1
182.00,77.00,300.1
184.00,77.00,300.1
186.00,77.00,300.1
188.00,77.00,300.1
190.00,77.00,300.0
192.00,77.00,300.0
194.00,77.00,300.0
196.00,77.00,300.0
198.00,77.00,300.0
0.00,79.00,300.0
2.00,79.00,300.0
4.00,79.00,300.0
6.00,79.00,300.0
8.00,79.00,300.0
10.00,79.00,300.1
12.00,79.00,300.1
14.00,79.00,300.1
16.00,79.00,300.1
18.00,79.00,300.1
20.00,79.00,300.2
22.00,79.00,300.2
24.00,79.00,300.3
26.00,79.00,300.4
28.00,79.00,300.5
30.00,79.00,300.6
32.00,79.00,300.7
34.00,79.00,300.9
36.00,79.00,301.1
38.00,79.00,301.4
40.00,79.00,301.7
42.00,79.00,302.1
44.00,79.00,302.5
46.00,79.00,303.1
48.00,79.00,303.7
50.00,79.00,304.5
52.00,79.00,305.4
54.00,79.00,306.4
56.00,79.00,307.7
58.00,79.00,309.1
60.00,79.00,310.8
62.00,79.00,312.7
64.00,79.00,314.9
66.00,79.00,317.4
68.00,79.00,320.2
70.00,79.00,323.3
72.00,79.00,326.7
74.00,79.00,330.5
76.00,79.00,334.5
78.00,79.00,338.8
80.00,79.00,343.2
82.00,79.00,347.8
84.00,79.00,352.4
86.00,79.00,356.9
88.00,79.00,361.2
90.00,79.00,365.2
92.00,79.00,368.6
94.00,79.00,371.5
96.00,79.00,373.6
98.00,79.00,374.9
100.00,79.00,375.4
102.00,79.00,374.9
104.00,79.00,373.6
106.00,79.00,371.5
108.00,79.00,368.6
110.00,79.00,365.2
112.00,79.00,361.2
114.00,79.00,356.9
116.00,79.00,352.4
118.00,79.00,347.8
120.00,79.00,343.2
122.00,79.00,338.8
124.00,79.00,334.5
126.00,79.00,330.5
128.00,79.00,326.7
130.00,79.00,323.3
132.00,79.00,320.2
134.00,79.00,317.4
136.00,79.00,314.9
138.00,79.00,312.7
140.00,79.00,310.8
142.00,79.00,309.1
144.00,79.00,307.7
146.00,79.00,306.4
148.00,79.00,305.4
150.00,79.00,304.5
152.00,79.00,303.7
154.00,79.00,303.1
156.00,79.00,302.5
158.00,79.00,302.1
160.00,79.00,301.7
162.00,79.00,301.4
164.00,79.00,301.1
166.00,79.00,300.9
168.00,79.00,300.7
170.00,79.00,300.6
172.00,79.00,300.5
174.00,79.00,300.4
176.00,79.00,300.3
178.00,79.00,300.2
180.00,79.00,300.2
182.00,79.00,300.1
184.00,79.00,300.1
186.00,79.00,300.1
188.00,79.00,300.1
190.00,79.00,300.1
192.00,79.00,300.0
194.00,79.00,300.0
196.00,79.00,300.0
198.00,79.00,300.0
0.00,81.00,300.0
2.00,81.00,300.0
4.00,81.00,300.0
6.00,81.00,300.0
8.00,81.00,300.1
10.00,81.00,300.1
12.00,81.00,300.1
14.00,81.00,300.1
16.00,81.00,300.1
18.00,81.00,300.2
20.00,81.00,300.2
22.00,81.00,300.3
24.00,81.00,300.4
26.00,81.00,300.5
28.00,81.00,300.6
30.00,81.00,300.8
32.00,81.00,300.9
34.00,81.00,301.2
36.00,81.00,301.5
38.00,81.00,301.8
40.00,81.00,302.2
42.00,81.00,302.7
44.00,81.00,303.3
46.00,81.00,304.1
48.00,81.00,304.9
50.00,81.00,305.9
52.00,81.00,307.2
54.00,81.00,308.6
56.00,81.00,310.3
58.00,81.00,312.3
60.00,81.00,314.5
62.00,81.00,317.2
64.00,81.00,320.2
66.00,81.00,323.6
68.00,81.00,327.5
70.00,81.00,331.9
72.00,81.00,336.7
74.00,81.00,342.0
76.00,81.00,347.7
78.00,81.00,353.7
80.00,81.00,360.1
82.00,81.00,366.7
84.00,81.00,373.4
86.00,81.00,380.0
88.00,81.00,386.3
90.00,81.00,392.1
92.00,81.00,397.2
94.00,81.00,401.4
96.00,81.00,404.6
98.00,81.00,406.5
100.00,81.00,407.2
102.00,81.00,406.5
104.00,81.00,404.6
106.00,81.00,401.4
108.00,81.00,397.2
110.00,81.00,392.1
112.00,81.00,386.3
114.00,81.00,380.0
116.00,81.00,373.4
118.00,81.00,366.7
120.00,81.00,360.1
122.00,81.00,353.7
124.00,81.00,347.7
126.00,81.00,342.0
128.00,81.00,336.7
130.00,81.00,331.9
132.00,81.00,327.5
134.00,81.00,323.6
136.00,81.00,320.2
138.00,81.00,317.2
140.00,81.00,314.5
142.00,81.00,312.3
144.00,81.00,310.3
146.00,81.00,308.6
148.00,81.00,307.2
150.00,81.00,305.9
152.00,81.00,304.9
154.00,81.00,304.1
156.00,81.00,303.3
158.00,81.00,302.7
160.00,81.00,302.2
162.00,81.00,301.8
164.00,81.00,301.5
166.00,81.00,301.2
168.00,81.00,300.9
170.00,81.00,300.8
172.00,81.00,300.6
174.00,81.00,300.5
176.00,81.00,300.4
178.00,81.00,300.3
180.00,81.00,300.2
182.00,81.00,300.2
184.00,81.00,300.1
186.00,81.00,300.1
188.00,81.00,300.1
190.00,81.00,300.1
192.00,81.00,300.1
194.00,81.00,300.0
196.00,81.00,300.0
198.00,81.00,300.0
0.00,83.00,300.0
2.00,83.00,300.0
4.00,83.00,300.0
6.00,83.00,300.1
8.00,83.00,300.1
10.00,83.00,300.1
12.00,83.00,300.1
14.00,83.00,300.1
16.00,83.00,300.2
18.00,83.00,300.2
20.00,83.00,300.3
22.00,83.00,300.4
24.00,83.00,300.5
26.00,83.00,300.6
28.00,83.00,300.8
30.00,83.00,301.0
32.00,83.00,301.2
34.00,83.00,301.5
36.00,83.00,301.9
38.00,83.00,302.4
40.00,83.00,302.9
42.00,83.00,303.6
44.00,83.00,304.4
46.00,83.00,305.3
48.00,83.00,306.5
50.00,83.00,307.9
52.00,83.00,309.5
54.00,83.00,311.4
56.00,83.00,313.7
58.00,83.00,316.4
60.00,83.00,319.5
62.00,83.00,323.0
64.00,83.00,327.2
66.00,83.00,331.9
68.00,83.00,337.3
70.00,83.00,343.3
72.00,83.00,350.0
74.00,83.00,357.4
76.00,83.00,365.5
78.00,83.00,374.1
80.00,83.00,383.2
82.00,83.00,392.7
84.00,83.00,402.4
86.00,83.00,411.9
88.00,83.00,421.1
90.00,83.00,429.7
92.00,83.00,437.3
94.00,83.00,443.5
96.00,83.00,448.2
98.00,83.00,451.2
100.00,83.00,452.1
102.00,83.00,451.2
104.00,83.00,448.2
106.00,83.00,443.5
108.00,83.00,437.3
110.00,83.00,429.7
112.00,83.00,421.1
114.00,83.00,411.9
116.00,83.00,402.4
118.00,83.00,392.7
120.00,83.00,383.2
122.00,83.00,374.1
124.00,83.00,365.5
126.00,83.00,357.4
128.00,83.00,350.0
130.00,83.00,343.3
132.00,83.00,337.3
134.00,83.00,331.9
136.00,83.00,327.2
138.00,83.00,323.0
140.00,83.00,319.5
142.00,83.00,316.4
144.00,83.00,313.7
146.00,83.00,311.4
148.00,83.00,309.5
150.00,83.00,307.9
152.00,83.00,306.5
154.00,83.00,305.4
156.00,83.00,304.4
158.00,83.00,303.6
160.00,83.00,302.9
162.00,83.00,302.4
164.00,83.00,301.9
166.00,83.00,301.5
168.00,83.00,301.2
170.00,83.00,301.0
172.00,83.00,300.8
174.00,83.00,300.6
176.00,83.00,300.5
178.00,83.00,300.4
180.00,83.00,300.3
182.00,83.00,300.2
184.00,83.00,300.2
186.00,83.00,300.1
188.00,83.00,300.1
190.00,83.00,300.1
192.00,83.00,300.1
194.00,83.00,300.1
196.00,83.00,300.1
198.00,83.00,300.0
0.00,85.00,300.0
2.00,85.00,300.1
4.00,85.00,300.1
6.00,85.00,300.1
8.00,85.00,300.1
10.00,85.00,300.1
12.00,85.00,300.1
14.00,85.00,300.2
16.00,85.00,300.2
18.00,85.00,300.3
20.00,85.00,300.4
22.00,85.00,300.5
24.00,85.00,300.6
26.00,85.00,300.8
28.00,85.00,301.0
30.00,85.00,301.3
32.00,85.00,301.6
34.00,85.00,302.0
36.00,85.00,302.5
38.00,85.00,303.1
40.00,85.00,303.8
42.00,85.00,304.7
44.00,85.00,305.7
46.00,85.00,307.0
48.00,85.00,308.5
50.00,85.00,310.3
52.00,85.00,312.5
54.00,85.00,315.1
56.00,85.00,318.1
58.00,85.00,321.7
60.00,85.00,325.8
62.00,85.00,330.7
64.00,85.00,336.3
66.00,85.00,342.7
68.00,85.00,350.1
70.00,85.00,358.4
72.00,85.00,367.7
74.00,85.00,378.0
76.00,85.00,389.4
78.00,85.00,401.6
80.00,85.00,414.6
82.00,85.00,428.2
84.00,85.00,442.1
86.00,85.00,456.0
88.00,85.00,469.5
90.00,85.00,482.1
92.00,85.00,493.3
94.00,85.00,502.6
96.00,85.00,509.6
98.00,85.00,513.9
100.00,85.00,515.4
102.00,85.00,513.9
104.00,85.00,509.6
106.00,85.00,502.6
108.00,85.00,493.3
110.00,85.00,482.1
112.00,85.00,469.5
114.00,85.00,456.0
116.00,85.00,442.1
118.00,85.00,428.2
120.00,85.00,414.6
122.00,85.00,401.6
124.00,85.00,389.4
126.00,85.00,378.0
128.00,85.00,367.7
130.00,85.00,358.4
132.00,85.00,350.1
134.00,85.00,342.7
136.00,85.00,336.3
138.00,85.00,330.7
140.00,85.00,325.8
142.00,85.00,321.7
144.00,85.00,318.1
146.00,85.00,315.1
148.00,85.00,312.5
150.00,85.00,310.3
152.00,85.00,308.5
154.00,85.00,307.0
156.00,85.00,305.7
158.00,85.00,304.7
160.00,85.00,303.8
162.00,85.00,303.1
164.00,85.00,302.5
166.00,85.00,302.0
168.00,85.00,301.6
170.00,85.00,301.3
172.00,85.00,301.0
174.00,85.00,300.8
176.00,85.00,300.6
178.00,85.00,300.5
180.00,85.00,300.4
182.00,85.00,300.3
184.00,85.00,300.2
186.00,85.00,300.2
188.00,85.00,300.1
190.00,85.00,300.1
192.00,85.00,300.1
194.00,85.00,300.1
196.00,85.00,300.1
198.00,85.00,300.1
0.00,87.00,300.1
2.00,87.00,300.1
4.00,87.00,300.1
6.00,87.00,300.1
8.00,87.00,300.1
10.00,87.00,300.1
12.00,87.00,300.2
14.00,87.00,300.2
16.00,87.00,300.3
18.00,87.00,300.4
20.00,87.00,300.5
22.00,87.00,300.6
24.00,87.00,300.8
26.00,87.00,301.0
28.00,87.00,301.3
30.00,87.00,301.7
32.00,87.00,302.1
34.00,87.00,302.6
36.00,87.00,303.2
38.00,87.00,304.0
40.00,87.00,304.9
42.00,87.00,306.1
44.00,87.00,307.4
46.00,87.00,309.1
48.00,87.00,311.1
50.00,87.00,313.5
52.00,87.00,316.3
54.00,87.00,319.7
56.00,87.00,323.7
58.00,87.00,328.5
60.00,87.00,334.0
62.00,87.00,340.5
64.00,87.00,348.1
66.00,87.00,356.8
68.00,87.00,366.8
70.00,87.00,378.2
72.00,87.00,391.1
74.00,87.00,405.4
76.00,87.00,421.2
78.00,87.00,438.5
80.00,87.00,456.9
82.00,87.00,476.4
84.00,87.00,496.4
86.00,87.00,516.6
88.00,87.00,536.3
90.00,87.00,554.8
92.00,87.00,571.4
94.00,87.00,585.2
96.00,87.00,595.6
98.00,87.00,602.1
100.00,87.00,604.3
102.00,87.00,602.1
104.00,87.00,595.6
106.00,87.00,585.2
108.00,87.00,571.4
110.00,87.00,554.8
112.00,87.00,536.3
114.00,87.00,516.6
116.00,87.00,496.4
118.00,87.00,476.4
120.00,87.00,456.9
122.00,87.00,438.5
124.00,87.00,421.2
126.00,87.00,405.4
128.00,87.00,391.1
130.00,87.00,378.2
132.00,87.00,366.8
134.00,87.00,356.8
136.00,87.00,348.1
138.00,87.00,340.5
140.00,87.00,334.0
142.00,87.00,328.5
144.00,87.00,323.7
146.00,87.00,319.7
148.00,87.00,316.3
150.00,87.00,313.5
152.00,87.00,311.1
154.00,87.00,309.1
156.00,87.00,307.4
158.00,87.00,306.1
160.00,87.00,304.9
162.00,87.00,304.0
164.00,87.00,303.2
166.00,87.00,302.6
168.00,87.00,302.1
170.00,87.00,301.7
172.00,87.00,301.3
174.00,87.00,301.0
176.00,87.00,300.8
178.00,87.00,300.6
180.00,87.00,300.5
182.00,87.00,300.4
184.00,87.00,300.3
186.00,87.00,300.2
188.00,87.00,300.2
190.00,87.00,300.1
192.00,87.00,300.1
194.00,87.00,300.1
196.00,87.00,300.1
198.00,87.00,300.1
0.00,89.00,300.1
2.00,89.00,300.1
4.00,89.00,300.1
6.00,89.00,300.1
8.00,89.00,300.1
10.00,89.00,300.2
12.00,89.00,300.2
14.00,89.00,300.3
16.00,89.00,300.4
18.00,89.00,300.5
20.00,89.00,300.6
22.00,89.00,300.8
24.00,89.00,301.1
26.00,89.00,301.3
28.00,89.00,301.7
30.00,89.00,302.1
32.00,89.00,302.7
34.00,89.00,303.3
36.00,89.00,304.1
38.00,89.00,305.1
40.00,89.00,306.3
42.00,89.00,307.8
44.00,89.00,309.6
46.00,89.00,311.7
48.00,89.00,314.3
50.00,89.00,317.4
52.00,89.00,321.1
54.00,89.00,325.6
56.00,89.00,330.8
58.00,89.00,337.1
60.00,89.00,344.4
62.00,89.00,353.1
64.00,89.00,363.2
66.00,89.00,374.9
68.00,89.00,388.5
70.00,89.00,404.0
72.00,89.00,421.6
74.00,89.00,441.4
76.00,89.00,463.4
78.00,89.00,487.6
80.00,89.00,513.7
82.00,89.00,541.4
84.00,89.00,570.2
86.00,89.00,599.5
88.00,89.00,628.3
90.00,89.00,655.7
92.00,89.00,680.2
94.00,89.00,700.6
96.00,89.00,716.1
98.00,89.00,725.8
100.00,89.00,729.1
102.00,89.00,725.8
104.00,89.00,716.1
106.00,89.00,700.6
108.00,89.00,680.2
110.00,89.00,655.7
112.00,89.00,628.3
114.00,89.00,599.5
116.00,89.00,570.2
118.00,89.00,541.4
120.00,89.00,513.7
122.00,89.00,487.6
124.00,89.00,463.4
126.00,89.00,441.4
128.00,89.00,421.6
130.00,89.00,404.0
132.00,89.00,388.5
134.00,89.00,374.9
136.00,89.00,363.2
138.00,89.00,353.1
140.00,89.00,344.4
142.00,89.00,337.1
144.00,89.00,330.8
146.00,89.00,325.6
148.00,89.00,321.1
150.00,89.00,317.4
152.00,89.00,314.3
154.00,89.00,311.7
156.00,89.00,309.6
158.00,89.00,307.8
160.00,89.00,306.3
162.00,89.00,305.1
164.00,89.00,304.1
166.00,89.00,303.3
168.00,89.00,302.7
170.00,89.00,302.1
172.00,89.00,301.7
174.00,89.00,301.3
176.00,89.00,301.1
178.00,89.00,300.8
180.00,89.00,300.7
182.00,89.00,300.5
184.00,89.00,300.4
186.00,89.00,300.3
188.00,89.00,300.2
190.00,89.00,300.2
192.00,89.00,300.2
194.00,89.00,300.1
196.00,89.00,300.1
198.00,89.00,300.1
0.00,91.00,300.1
2.00,91.00,300.1
4.00,91.00,300.1
6.00,91.00,300.1
8.00,91.00,300.2
10.00,91.00,300.2
12.00,91.00,300.3
14.00,91.00,300.4
16.00,91.00,300.5
18.00,91.00,300.6
20.00,91.00,300.8
22.00,91.00,301.1
24.00,91.00,301.3
26.00,91.00,301.7
28.00,91.00,302.2
30.00,91.00,302.7
32.00,91.00,303.4
34.00,91.00,304.2
36.00,91.00,305.3
38.00,91.00,306.5
40.00,91.00,308.1
42.00,91.00,310.0
44.00,91.00,312.3
46.00,91.00,315.0
48.00,91.00,318.3
50.00,91.00,322.4
52.00,91.00,327.2
54.00,91.00,332.9
56.00,91.00,339.8
58.00,91.00,347.9
60.00,91.00,357.6
62.00,91.00,369.0
64.00,91.00,382.4
66.00,91.00,398.1
68.00,91.00,416.3
70.00,91.00,437.2
72.00,91.00,461.2
74.00,91.00,488.4
76.00,91.00,518.8
78.00,91.00,552.6
80.00,91.00,589.3
82.00,91.00,628.7
84.00,91.00,670.0
86.00,91.00,712.4
88.00,91.00,754.8
90.00,91.00,795.2
92.00,91.00,831.1
94.00,91.00,861.1
96.00,91.00,884.5
98.00,91.00,899.4
100.00,91.00,904.6
102.00,91.00,899.4
104.00,91.00,884.5
106.00,91.00,861.1
108.00,91.00,831.1
110.00,91.00,795.2
112.00,91.00,754.8
114.00,91.00,712.4
116.00,91.00,670.0
118.00,91.00,628.7
120.00,91.00,589.3
122.00,91.00,552.6
124.00,91.00,518.8
126.00,91.00,488.4
128.00,91.00,461.2
130.00,91.00,437.2
132.00,91.00,416.3
134.00,91.00,398.1
136.00,91.00,382.4
138.00,91.00,369.0
140.00,91.00,357.6
142.00,91.00,347.9
144.00,91.00,339.8
146.00,91.00,332.9
148.00,91.00,327.2
150.00,91.00,322.4
152.00,91.00,318.3
154.00,91.00,315.0
156.00,91.00,312.3
158.00,91.00,310.0
160.00,91.00,308.1
162.00,91.00,306.5
164.00,91.00,305.3
166.00,91.00,304.2
168.00,91.00,303.4
170.00,91.00,302.7
172.00,91.00,302.2
174.00,91.00,301.7
176.00,91.00,301.3
178.00,91.00,301.1
180.00,91.00,300.8
182.00,91.00,300.6
184.00,91.00,300.5
186.00,91.00,300.4
188.00,91.00,300.3
190.00,91.00,300.2
192.00,91.00,300.2
194.00,91.00,300.2
196.00,91.00,300.1
198.00,91.00,300.1
0.00,93.00,300.1
2.00,93.00,300.1
4.00,93.00,300.1
6.00,93.00,300.2
8.00,93.00,300.2
10.00,93.00,300.3
12.00,93.00,300.4
14.00,93.00,300.5
16.00,93.00,300.6
18.00,93.00,300.8
20.00,93.00,301.0
22.00,93.00,301.3
24.00,93.00,301.7
26.00,93.00,302.1
28.00,93.00,302.7
30.00,93.00,303.4
32.00,93.00,304.3
34.00,93.00,305.4
36.00,93.00,306.7
38.00,93.00,308.3
40.00,93.00,310.2
42.00,93.00,312.6
44.00,93.00,315.5
46.00,93.00,319.1
48.00,93.00,323.3
50.00,93.00,328.4
52.00,93.00,334.6
54.00,93.00,342.0
56.00,93.00,350.9
58.00,93.00,361.4
60.00,93.00,374.0
62.00,93.00,389.0
64.00,93.00,406.6
66.00,93.00,427.3
68.00,93.00,451.5
70.00,93.00,479.7
72.00,93.00,512.1
74.00,93.00,549.1
76.00,93.00,591.0
78.00,93.00,637.8
80.00,93.00,689.3
82.00,93.00,745.1
84.00,93.00,804.3
86.00,93.00,865.8
88.00,93.00,928.1
90.00,93.00,987.7
92.00,93.00,1039.2
94.00,93.00,1083.9
96.00,93.00,1121.2
98.00,93.00,1145.7
100.00,93.00,1154.3
102.00,93.00,1145.7
104.00,93.00,1121.2
106.00,93.00,1083.9
108.00,93.00,1039.2
110.00,93.00,987.7
112.00,93.00,928.1
114.00,93.00,865.8
116.00,93.00,804.4
118.00,93.00,745.1
120.00,93.00,689.3
122.00,93.00,637.8
124.00,93.00,591.0
126.00,93.00,549.1
128.00,93.00,512.1
130.00,93.00,479.7
132.00,93.00,451.5
134.00,93.00,427.3
136.00,93.00,406.6
138.00,93.00,389.0
140.00,93.00,374.0
142.00,93.00,361.4
144.00,93.00,350.9
146.00,93.00,342.0
148.00,93.00,334.6
150.00,93.00,328.4
152.00,93.00,323.3
154.00,93.00,319.1
156.00,93.00,315.5
158.00,93.00,312.6
160.00,93.00,310.2
162.00,93.00,308.3
164.00,93.00,306.7
166.00,93.00,305.4
168.00,93.00,304.3
170.00,93.00,303.4
172.00,93.00,302.7
174.00,93.00,302.1
176.00,93.00,301.7
178.00,93.00,301.3
180.00,93.00,301.0
182.00,93.00,300.8
184.00,93.00,300.6
186.00,93.00,300.5
188.00,93.00,300.4
190.00,93.00,300.3
192.00,93.00,300.2
194.00,93.00,300.2
196.00,93.00,300.2
198.00,93.00,300.2
0.00,95.00,300.1
2.00,95.00,300.2
4.00,95.00,300.2
6.00,95.00,300.2
8.00,95.00,300.3
10.00,95.00,300.4
12.00,95.00,300.5
14.00,95.00,300.6
16.00,95.00,300.8
18.00,95.00,301.0
20.00,95.00,301.3
22.00,95.00,301.7
24.00,95.00,302.1
26.00,95.00,302.7
28.00,95.00,303.4
30.00,95.00,304.3
32.00,95.00,305.4
34.00,95.00,306.7
36.00,95.00,308.4
38.00,95.00,310.4
40.00,95.00,312.9
42.00,95.00,315.9
44.00,95.00,319.5
46.00,95.00,324.0
48.00,95.00,329.4
50.00,95.00,335.9
52.00,95.00,343.7
54.00,95.00,353.1
56.00,95.00,364.5
58.00,95.00,378.1
60.00,95.00,394.3
62.00,95.00,413.6
64.00,95.00,436.6
66.00,95.00,463.8
68.00,95.00,495.8
70.00,95.00,533.2
72.00,95.00,576.6
74.00,95.00,626.7
76.00,95.00,683.9
78.00,95.00,748.5
80.00,95.00,820.5
82.00,95.00,899.5
84.00,95.00,984.3
86.00,95.00,1072.7
88.00,95.00,1166.1
90.00,95.00,1253.7
92.00,95.00,1321.8
94.00,95.00,1396.5
96.00,95.00,1461.4
98.00,95.00,1504.0
100.00,95.00,1518.7
102.00,95.00,1504.0
104.00,95.00,1461.4
106.00,95.00,1396.5
108.00,95.00,1321.8
110.00,95.00,1253.7
112.00,95.00,1166.1
114.00,95.00,1072.7
116.00,95.00,984.3
118.00,95.00,899.5
120.00,95.00,820.5
122.00,95.00,748.5
124.00,95.00,683.9
126.00,95.00,626.7
128.00,95.00,576.6
130.00,95.00,533.2
132.00,95.00,495.8
134.00,95.00,463.8
136.00,95.00,436.6
138.00,95.00,413.6
140.00,95.00,394.3
142.00,95.00,378.1
144.00,95.00,364.5
146.00,95.00,353.1
148.00,95.00,343.7
150.00,95.00,335.9
152.00,95.00,329.4
154.00,95.00,324.0
156.00,95.00,319.5
158.00,95.00,315.9
160.00,95.00,312.9
162.00,95.00,310.4
164.00,95.00,308.4
166.00,95.00,306.7
168.00,95.00,305.4
170.00,95.00,304.3
172.00,95.00,303.4
174.00,95.00,302.7
176.00,95.00,302.1
178.00,95.00,301.7
180.00,95.00,301.3
182.00,95.00,301.0
184.00,95.00,300.8
186.00,95.00,300.6
188.00,95.00,300.5
190.00,95.00,300.4
192.00,95.00,300.3
194.00,95.00,300.2
196.00,95.00,300.2
198.00,95.00,300.2
0.00,97.00,300.2
2.00,97.00,300.2
4.00,97.00,300.2
6.00,97.00,300.3
8.00,97.00,300.4
10.00,97.00,300.5
12.00,97.00,300.6
14.00,97.00,300.8
16.00,97.00,301.0
18.00,97.00,301.3
20.00,97.00,301.6
22.00,97.00,302.1
24.00,97.00,302.6
26.00,97.00,303.3
28.00,97.00,304.2
30.00,97.00,305.3
32.00,97.00,306.7
34.00,97.00,308.4
36.00,97.00,310.4
38.00,97.00,312.9
40.00,97.00,316.0
42.00,97.00,319.8
44.00,97.00,324.4
46.00,97.00,329.9
48.00,97.00,336.7
50.00,97.00,344.8
52.00,97.00,354.7
54.00,97.00,366.6
56.00,97.00,381.0
58.00,97.00,398.3
60.00,97.00,419.0
62.00,97.00,443.8
64.00,97.00,473.5
66.00,97.00,508.8
68.00,97.00,550.6
70.00,97.00,599.9
72.00,97.00,657.6
74.00,97.00,724.8
76.00,97.00,802.3
78.00,97.00,890.8
80.00,97.00,990.9
82.00,97.00,1102.3
84.00,97.00,1223.9
86.00,97.00,1346.9
88.00,97.00,1495.6
90.00,97.00,1625.6
92.00,97.00,1680.8
94.00,97.00,1847.9
96.00,97.00,1959.8
98.00,97.00,2029.3
100.00,97.00,2052.9
102.00,97.00,2029.3
104.00,97.00,1959.8
106.00,97.00,1847.9
108.00,97.00,1680.8
110.00,97.00,1625.6
112.00,97.00,1495.6
114.00,97.00,1346.9
116.00,97.00,1223.9
118.00,97.00,1102.3
120.00,97.00,990.9
122.00,97.00,890.8
124.00,97.00,802.3
126.00,97.00,724.8
128.00,97.00,657.6
130.00,97.00,599.9
132.00,97.00,550.6
134.00,97.00,508.8
136.00,97.00,473.5
138.00,97.00,443.8
140.00,97.00,419.0
142.00,97.00,398.3
144.00,97.00,381.0
146.00,97.00,366.6
148.00,97.00,354.7
150.00,97.00,344.8
152.00,97.00,336.7
154.00,97.00,329.9
156.00,97.00,324.4
158.00,97.00,319.8
160.00,97.00,316.0
162.00,97.00,312.9
164.00,97.00,310.4
166.00,97.00,308.4
168.00,97.00,306.7
170.00,97.00,305.3
172.00,97.00,304.2
174.00,97.00,303.3
176.00,97.00,302.6
178.00,97.00,302.1
180.00,97.00,301.6
182.00,97.00,301.3
184.00,97.00,301.0
186.00,97.00,300.8
188.00,97.00,300.6
190.00,97.00,300.5
192.00,97.00,300.4
194.00,97.00,300.3
196.00,97.00,300.3
198.00,97.00,300.2
0.00,99.00,300.2
2.00,99.00,300.2
4.00,99.00,300.3
6.00,99.00,300.3
8.00,99.00,300.4
10.00,99.00,300.6
12.00,99.00,300.7
14.00,99.00,300.9
16.00,99.00,301.2
18.00,99.00,301.5
20.00,99.00,302.0
22.00,99.00,302.5
24.00,99.00,303.2
26.00,99.00,304.1
28.00,99.00,305.2
30.00,99.00,306.6
32.00,99.00,308.3
34.00,99.00,310.3
36.00,99.00,312.9
38.00,99.00,316.0
40.00,99.00,319.8
42.00,99.00,324.5
44.00,99.00,330.1
46.00,99.00,337.0
48.00,99.00,345.4
50.00,99.00,355.6
52.00,99.00,367.9
54.00,99.00,382.8
56.00,99.00,400.8
58.00,99.00,422.6
60.00,99.00,448.8
62.00,99.00,480.3
64.00,99.00,518.2
66.00,99.00,563.5
68.00,99.00,617.6
70.00,99.00,681.9
72.00,99.00,757.9
74.00,99.00,847.3
76.00,99.00,951.6
78.00,99.00,1072.0
80.00,99.00,1209.8
82.00,99.00,1363.3
84.00,99.00,1541.6
86.00,99.00,1679.2
88.00,99.00,1954.0
90.00,99.00,2174.7
92.00,99.00,2361.2
94.00,99.00,2537.3
96.00,99.00,2680.3
98.00,99.00,2771.6
100.00,99.00,2803.0
102.00,99.00,2771.6
104.00,99.00,2680.3
106.00,99.00,2537.3
108.00,99.00,2361.2
110.00,99.00,2174.7
112.00,99.00,1954.0
114.00,99.00,1679.2
116.00,99.00,1541.6
118.00,99.00,1363.3
120.00,99.00,1209.8
122.00,99.00,1072.0
124.00,99.00,951.6
126.00,99.00,847.3
128.00,99.00,757.9
130.00,99.00,681.9
132.00,99.00,617.6
134.00,99.00,563.5
136.00,99.00,518.2
138.00,99.00,480.3
140.00,99.00,448.8
142.00,99.00,422.6
144.00,99.00,400.8
146.00,99.00,382.8
148.00,99.00,367.9
150.00,99.00,355.6
152.00,99.00,345.4
154.00,99.00,337.0
156.00,99.00,330.1
158.00,99.00,324.5
160.00,99.00,319.8
162.00,99.00,316.0
164.00,99.00,312.9
166.00,99.00,310.3
168.00,99.00,308.3
170.00,99.00,306.6
172.00,99.00,305.2
174.00,99.00,304.1
176.00,99.00,303.2
178.00,99.00,302.5
180.00,99.00,302.0
182.00,99.00,301.6
184.00,99.00,301.2
186.00,99.00,300.9
188.00,99.00,300.7
190.00,99.00,300.6
192.00,99.00,300.5
194.00,99.00,300.4
196.00,99.00,300.3
198.00,99.00,300.3
0.00,101.00,300.3
2.00,101.00,300.3
4.00,101.00,300.3
6.00,101.00,300.4
8.00,101.00,300.5
10.00,101.00,300.7
12.00,101.00,300.9
14.00,101.00,301.1
16.00,101.00,301.5
18.00,101.00,301.9
20.00,101.00,302.4
22.00,101.00,303.1
24.00,101.00,304.0
26.00,101.00,305.1
28.00,101.00,306.4
30.00,101.00,308.1
32.00,101.00,310.1
34.00,101.00,312.7
36.00,101.00,315.8
38.00,101.00,319.6
40.00,101.00,324.3
42.00,101.00,330.0
44.00,101.00,337.0
46.00,101.00,345.5
48.00,101.00,355.8
50.00,101.00,368.3
52.00,101.00,383.5
54.00,101.00,401.9
56.00,101.00,424.3
58.00,101.00,451.4
60.00,101.00,484.1
62.00,101.00,523.7
64.00,101.00,571.5
66.00,101.00,629.1
68.00,101.00,698.3
70.00,101.00,781.3
72.00,101.00,880.6
74.00,101.00,998.8
76.00,101.00,1138.3
78.00,101.00,1301.8
80.00,101.00,1489.0
82.00,101.00,1673.1
84.00,101.00,1988.0
86.00,101.00,2274.2
88.00,101.00,2585.3
90.00,101.00,2887.6
92.00,101.00,3163.6
94.00,101.00,3400.6
96.00,101.00,3585.0
98.00,101.00,3700.1
100.00,101.00,3739.5
102.00,101.00,3700.1
104.00,101.00,3585.0
106.00,101.00,3400.6
108.00,101.00,3163.6
110.00,101.00,2887.6
112.00,101.00,2585.3
114.00,101.00,2274.2
116.00,101.00,1988.0
118.00,101.00,1673.1
120.00,101.00,1489.0
122.00,101.00,1301.8
124.00,101.00,1138.3
126.00,101.00,998.8
128.00,101.00,880.6
130.00,101.00,781.3
132.00,101.00,698.3
134.00,101.00,629.1
136.00,101.00,571.5
138.00,101.00,523.7
140.00,101.00,484.1
142.00,101.00,451.4
144.00,101.00,424.3
146.00,101.00,401.9
148.00,101.00,383.5
150.00,101.00,368.3
152.00,101.00,355.8
154.00,101.00,345.5
156.00,101.00,337.0
158.00,101.00,330.0
160.00,101.00,324.3
162.00,101.00,319.6
164.00,101.00,315.8
166.00,101.00,312.7
168.00,101.00,310.1
170.00,101.00,308.1
172.00,101.00,306.4
174.00,101.00,305.1
176.00,101.00,304.0
178.00,101.00,303.1
180.00,101.00,302.4
182.00,101.00,301.9
184.00,101.00,301.5
186.00,101.00,301.1
188.00,101.00,300.9
190.00,101.00,300.7
192.00,101.00,300.6
194.00,101.00,300.5
196.00,101.00,300.4
198.00,101.00,300.4
0.00,103.00,300.3
2.00,103.00,300.4
4.00,103.00,300.4
6.00,103.00,300.5
8.00,103.00,300.6
10.00,103.00,300.8
12.00,103.00,301.1
14.00,103.00,301.4
16.00,103.00,301.8
18.00,103.00,302.3
20.00,103.00,303.0
22.00,103.00,303.8
24.00,103.00,304.8
26.00,103.00,306.1
28.00,103.00,307.8
30.00,103.00,309.8
32.00,103.00,312.3
34.00,103.00,315.4
36.00,103.00,319.2
38.00,103.00,323.8
40.00,103.00,329.5
42.00,103.00,336.5
44.00,103.00,345.0
46.00,103.00,355.3
48.00,103.00,367.9
50.00,103.00,383.1
52.00,103.00,401.7
54.00,103.00,424.3
56.00,103.00,451.7
58.00,103.00,485.0
60.00,103.00,525.5
62.00,103.00,574.7
64.00,103.00,634.3
66.00,103.00,706.5
68.00,103.00,794.1
70.00,103.00,900.1
72.00,103.00,1028.8
74.00,103.00,1184.5
76.00,103.00,1371.8
78.00,103.00,1598.3
80.00,103.00,1869.0
82.00,103.00,2190.5
84.00,103.00,2563.4
86.00,103.00,2951.4
88.00,103.00,3347.1
90.00,103.00,3728.6
92.00,103.00,4072.8
94.00,103.00,4360.9
96.00,103.00,4579.3
98.00,103.00,4713.2
100.00,103.00,4758.6
102.00,103.00,4713.2
104.00,103.00,4579.3
106.00,103.00,4361.0
108.00,103.00,4072.8
110.00,103.00,3728.6
112.00,103.00,3347.1
114.00,103.00,2951.4
116.00,103.00,2563.4
118.00,103.00,2190.5
120.00,103.00,1869.0
122.00,103.00,1598.3
124.00,103.00,1371.9
126.00,103.00,1184.5
128.00,103.00,1028.8
130.00,103.00,900.1
132.00,103.00,794.1
134.00,103.00,706.5
136.00,103.00,634.3
138.00,103.00,574.7
140.00,103.00,525.5
142.00,103.00,485.1
144.00,103.00,451.7
146.00,103.00,424.3
148.00,103.00,401.7
150.00,103.00,383.1
152.00,103.00,367.9
154.00,103.00,355.3
156.00,103.00,345.0
158.00,103.00,336.5
160.00,103.00,329.5
162.00,103.00,323.8
164.00,103.00,319.2
166.00,103.00,315.4
168.00,103.00,312.3
170.00,103.00,309.8
172.00,103.00,307.8
174.00,103.00,306.1
176.00,103.00,304.8
178.00,103.00,303.8
180.00,103.00,303.0
182.00,103.00,302.3
184.00,103.00,301.8
186.00,103.00,301.4
188.00,103.00,301.1
190.00,103.00,300.8
192.00,103.00,300.7
194.00,103.00,300.6
196.00,103.00,300.5
198.00,103.00,300.4
0.00,105.00,300.4
2.00,105.00,300.4
4.00,105.00,300.5
6.00,105.00,300.6
8.00,105.00,300.8
10.00,105.00,301.0
12.00,105.00,301.3
14.00,105.00,301.7
16.00,105.00,302.1
18.00,105.00,302.8
20.00,105.00,303.6
22.00,105.00,304.6
24.00,105.00,305.8
26.00,105.00,307.4
28.00,105.00,309.4
30.00,105.00,311.8
32.00,105.00,314.8
34.00,105.00,318.6
36.00,105.00,323.1
38.00,105.00,328.8
40.00,105.00,335.6
42.00,105.00,344.0
44.00,105.00,354.2
46.00,105.00,366.7
48.00,105.00,381.9
50.00,105.00,400.3
52.00,105.00,422.8
54.00,105.00,450.1
56.00,105.00,483.4
58.00,105.00,523.9
60.00,105.00,573.3
62.00,105.00,633.5
64.00,105.00,706.8
66.00,105.00,796.3
68.00,105.00,905.5
70.00,105.00,1039.7
72.00,105.00,1205.2
74.00,105.00,1407.8
76.00,105.00,1652.2
78.00,105.00,1971.4
80.00,105.00,2340.7
82.00,105.00,2767.2
84.00,105.00,3231.1
86.00,105.00,3707.9
88.00,105.00,4176.8
90.00,105.00,4613.5
92.00,105.00,4996.6
94.00,105.00,5310.0
96.00,105.00,5542.5
98.00,105.00,5683.2
100.00,105.00,5730.7
102.00,105.00,5683.2
104.00,105.00,5542.6
106.00,105.00,5310.0
108.00,105.00,4996.7
110.00,105.00,4613.5
112.00,105.00,4176.8
114.00,105.00,3708.0
116.00,105.00,3231.1
118.00,105.00,2767.2
120.00,105.00,2340.8
122.00,105.00,1971.4
124.00,105.00,1652.2
126.00,105.00,1407.8
128.00,105.00,1205.2
130.00,105.00,1039.7
132.00,105.00,905.5
134.00,105.00,796.3
136.00,105.00,706.8
138.00,105.00,633.5
140.00,105.00,573.3
142.00,105.00,523.9
144.00,105.00,483.4
146.00,105.00,450.1
148.00,105.00,422.8
150.00,105.00,400.3
152.00,105.00,381.9
154.00,105.00,366.7
156.00,105.00,354.2
158.00,105.00,344.0
160.00,105.00,335.6
162.00,105.00,328.8
164.00,105.00,323.1
166.00,105.00,318.6
168.00,105.00,314.8
170.00,105.00,311.8
172.00,105.00,309.4
174.00,105.00,307.4
176.00,105.00,305.8
178.00,105.00,304.6
180.00,105.00,303.6
182.00,105.00,302.8
184.00,105.00,302.2
186.00,105.00,301.7
188.00,105.00,301.3
190.00,105.00,301.0
192.00,105.00,300.8
194.00,105.00,300.7
196.00,105.00,300.6
198.00,105.00,300.5
0.00,107.00,300.5
2.00,107.00,300.5
4.00,107.00,300.6
6.00,107.00,300.7
8.00,107.00,300.9
10.00,107.00,301.2
12.00,107.00,301.5
14.00,107.00,302.0
16.00,107.00,302.6
18.00,107.00,303.3
20.00,107.00,304.3
22.00,107.00,305.5
24.00,107.00,307.0
26.00,107.00,308.9
28.00,107.00,311.2
30.00,107.00,314.1
32.00,107.00,317.8
34.00,107.00,322.2
36.00,107.00,327.7
38.00,107.00,334.4
40.00,107.00,342.6
42.00,107.00,352.6
44.00,107.00,364.8
46.00,107.00,379.7
48.00,107.00,397.8
50.00,107.00,419.9
52.00,107.00,446.7
54.00,107.00,479.5
56.00,107.00,519.3
58.00,107.00,568.0
60.00,107.00,627.4
62.00,107.00,700.1
64.00,107.00,789.1
66.00,107.00,898.2
68.00,107.00,1032.6
70.00,107.00,1200.0
72.00,107.00,1409.5
74.00,107.00,1656.0
76.00,107.00,2008.1
78.00,107.00,2412.1
80.00,107.00,2879.8
82.00,107.00,3397.3
84.00,107.00,3938.1
86.00,107.00,4474.9
88.00,107.00,4980.7
90.00,107.00,5433.7
92.00,107.00,5819.6
94.00,107.00,6128.6
96.00,107.00,6354.7
98.00,107.00,6490.6
100.00,107.00,6536.2
102.00,107.00,6490.6
104.00,107.00,6354.7
106.00,107.00,6128.6
108.00,107.00,5819.6
110.00,107.00,5433.7
112.00,107.00,4980.7
114.00,107.00,4474.9
116.00,107.00,3938.1
118.00,107.00,3397.4
120.00,107.00,2879.8
122.00,107.00,2412.2
124.00,107.00,2008.1
126.00,107.00,1656.0
128.00,107.00,1409.6
130.00,107.00,1200.1
132.00,107.00,1032.6
134.00,107.00,898.2
136.00,107.00,789.1
138.00,107.00,700.2
140.00,107.00,627.5
142.00,107.00,568.0
144.00,107.00,519.3
146.00,107.00,479.5
148.00,107.00,446.7
150.00,107.00,419.9
152.00,107.00,397.8
154.00,107.00,379.7
156.00,107.00,364.8
158.00,107.00,352.6
160.00,107.00,342.6
162.00,107.00,334.4
164.00,107.00,327.7
166.00,107.00,322.2
168.00,107.00,317.8
170.00,107.00,314.1
172.00,107.00,311.2
174.00,107.00,308.9
176.00,107.00,307.0
178.00,107.00,305.5
180.00,107.00,304.3
182.00,107.00,303.3
184.00,107.00,302.6
186.00,107.00,302.0
188.00,107.00,301.6
190.00,107.00,301.2
192.00,107.00,301.0
194.00,107.00,300.8
196.00,107.00,300.7
198.00,107.00,300.6
0.00,109.00,300.6
2.00,109.00,300.6
4.00,109.00,300.7
6.00,109.00,300.9
8.00,109.00,301.1
10.00,109.00,301.4
12.00,109.00,301.8
14.00,109.00,302.3
16.00,109.00,303.0
18.00,109.00,303.9
20.00,109.00,305.1
22.00,109.00,306.5
24.00,109.00,308.3
26.00,109.00,310.5
28.00,109.00,313.3
30.00,109.00,316.8
32.00,109.00,321.1
34.00,109.00,326.4
36.00,109.00,332.9
38.00,109.00,340.8
40.00,109.00,350.6
42.00,109.00,362.4
44.00,109.00,376.9
46.00,109.00,394.5
48.00,109.00,415.9
50.00,109.00,442.0
52.00,109.00,473.7
54.00,109.00,512.4
56.00,109.00,559.6
58.00,109.00,617.3
60.00,109.00,687.9
62.00,109.00,774.4
64.00,109.00,880.6
66.00,109.00,1011.4
68.00,109.00,1173.6
70.00,109.00,1379.1
72.00,109.00,1645.8
74.00,109.00,1982.2
76.00,109.00,2400.8
78.00,109.00,2892.4
80.00,109.00,3443.1
82.00,109.00,4026.0
84.00,109.00,4611.1
86.00,109.00,5165.3
88.00,109.00,5666.4
90.00,109.00,6101.0
92.00,109.00,6463.6
94.00,109.00,6750.9
96.00,109.00,6960.2
98.00,109.00,7085.9
100.00,109.00,7128.2
102.00,109.00,7085.9
104.00,109.00,6960.2
106.00,109.00,6750.9
108.00,109.00,6463.7
110.00,109.00,6101.0
112.00,109.00,5666.5
114.00,109.00,5165.4
116.00,109.00,4611.2
118.00,109.00,4026.1
120.00,109.00,3443.1
122.00,109.00,2892.4
124.00,109.00,2400.9
126.00,109.00,1982.2
128.00,109.00,1645.8
130.00,109.00,1379.1
132.00,109.00,1173.6
134.00,109.00,1011.4
136.00,109.00,880.6
138.00,109.00,774.4
140.00,109.00,687.9
142.00,109.00,617.3
144.00,109.00,559.6
146.00,109.00,512.4
148.00,109.00,473.7
150.00,109.00,442.0
152.00,109.00,415.9
154.00,109.00,394.5
156.00,109.00,376.9
158.00,109.00,362.4
160.00,109.00,350.6
162.00,109.00,340.8
164.00,109.00,332.9
166.00,109.00,326.4
168.00,109.00,321.1
170.00,109.00,316.8
172.00,109.00,313.3
174.00,109.00,310.5
176.00,109.00,308.3
178.00,109.00,306.5
180.00,109.00,305.1
182.00,109.00,303.9
184.00,109.00,303.1
186.00,109.00,302.4
188.00,109.00,301.8
190.00,109.00,301.4
192.00,109.00,301.1
194.00,109.00,300.9
196.00,109.00,300.8
198.00,109.00,300.7
0.00,111.00,300.7
2.00,111.00,300.7
4.00,111.00,300.8
6.00,111.00,301.0
8.00,111.00,301.3
10.00,111.00,301.6
12.00,111.00,302.1
14.00,111.00,302.8
16.00,111.00,303.6
18.00,111.00,304.6
20.00,111.00,306.0
22.00,111.00,307.6
24.00,111.00,309.8
26.00,111.00,312.4
28.00,111.00,315.7
30.00,111.00,319.8
32.00,111.00,324.9
34.00,111.00,331.1
36.00,111.00,338.7
38.00,111.00,348.1
40.00,111.00,359.5
42.00,111.00,373.4
44.00,111.00,390.4
46.00,111.00,411.0
48.00,111.00,436.1
50.00,111.00,466.6
52.00,111.00,503.7
54.00,111.00,548.9
56.00,111.00,604.0
58.00,111.00,671.4
60.00,111.00,754.0
62.00,111.00,855.3
64.00,111.00,980.1
66.00,111.00,1133.8
68.00,111.00,1325.0
70.00,111.00,1570.4
72.00,111.00,1900.8
74.00,111.00,2314.5
76.00,111.00,2810.0
78.00,111.00,3373.1
80.00,111.00,3979.0
82.00,111.00,4593.2
84.00,111.00,5180.6
86.00,111.00,5714.5
88.00,111.00,6182.8
90.00,111.00,6581.7
92.00,111.00,6913.3
94.00,111.00,7176.9
96.00,111.00,7370.5
98.00,111.00,7487.9
100.00,111.00,7527.6
102.00,111.00,7487.9
104.00,111.00,7370.5
106.00,111.00,7176.9
108.00,111.00,6913.4
110.00,111.00,6581.8
112.00,111.00,6182.8
114.00,111.00,5714.5
116.00,111.00,5180.7
118.00,111.00,4593.3
120.00,111.00,3979.0
122.00,111.00,3373.2
124.00,111.00,2810.0
126.00,111.00,2314.6
128.00,111.00,1900.9
130.00,111.00,1570.5
132.00,111.00,1325.0
134.00,111.00,1133.9
136.00,111.00,980.1
138.00,111.00,855.4
140.00,111.00,754.0
142.00,111.00,671.4
144.00,111.00,604.0
146.00,111.00,548.9
148.00,111.00,503.7
150.00,111.00,466.6
152.00,111.00,436.1
154.00,111.00,411.0
156.00,111.00,390.4
158.00,111.00,373.4
160.00,111.00,359.5
162.00,111.00,348.1
164.00,111.00,338.7
166.00,111.00,331.1
168.00,111.00,324.9
170.00,111.00,319.8
172.00,111.00,315.7
174.00,111.00,312.4
176.00,111.00,309.8
178.00,111.00,307.7
180.00,111.00,306.0
182.00,111.00,304.6
184.00,111.00,303.6
186.00,111.00,302.8
188.00,111.00,302.2
190.00,111.00,301.7
192.00,111.00,301.4
194.00,111.00,301.1
196.00,111.00,301.0
198.00,111.00,300.9
0.00,113.00,300.8
2.00,113.00,300.8
4.00,113.00,301.0
6.00,113.00,301.2
8.00,113.00,301.5
10.00,113.00,301.9
12.00,113.00,302.5
14.00,113.00,303.2
16.00,113.00,304.2
18.00,113.00,305.4
20.00,113.00,307.0
22.00,113.00,308.9
24.00,113.00,311.4
26.00,113.00,314.5
28.00,113.00,318.4
30.00,113.00,323.2
32.00,113.00,329.1
34.00,113.00,336.3
36.00,113.00,345.3
38.00,113.00,356.2
40.00,113.00,369.5
42.00,113.00,385.7
44.00,113.00,405.4
46.00,113.00,429.3
48.00,113.00,458.4
50.00,113.00,493.7
52.00,113.00,536.5
54.00,113.00,588.7
56.00,113.00,652.3
58.00,113.00,729.9
60.00,113.00,825.0
62.00,113.00,941.9
64.00,113.00,1086.0
66.00,113.00,1264.0
68.00,113.00,1484.5
70.00,113.00,1770.7
72.00,113.00,2167.6
74.00,113.00,2649.8
76.00,113.00,3206.4
78.00,113.00,3813.9
80.00,113.00,4440.5
82.00,113.00,5047.4
84.00,113.00,5605.3
86.00,113.00,6099.0
88.00,113.00,6526.4
90.00,113.00,6891.1
92.00,113.00,7199.2
94.00,113.00,7448.9
96.00,113.00,7635.7
98.00,113.00,7750.7
100.00,113.00,7789.9
102.00,113.00,7750.7
104.00,113.00,7635.7
106.00,113.00,7448.9
108.00,113.00,7199.3
110.00,113.00,6891.1
112.00,113.00,6526.5
114.00,113.00,6099.0
116.00,113.00,5605.3
118.00,113.00,5047.4
120.00,113.00,4440.5
122.00,113.00,3814.0
124.00,113.00,3206.4
126.00,113.00,2649.8
128.00,113.00,2167.6
130.00,113.00,1770.7
132.00,113.00,1484.5
134.00,113.00,1264.0
136.00,113.00,1086.0
138.00,113.00,941.9
140.00,113.00,825.0
142.00,113.00,729.9
144.00,113.00,652.3
146.00,113.00,588.7
148.00,113.00,536.5
150.00,113.00,493.7
152.00,113.00,458.4
154.00,113.00,429.3
156.00,113.00,405.4
158.00,113.00,385.7
160.00,113.00,369.5
162.00,113.00,356.2
164.00,113.00,345.3
166.00,113.00,336.4
168.00,113.00,329.1
170.00,113.00,323.2
172.00,113.00,318.4
174.00,113.00,314.5
176.00,113.00,311.4
178.00,113.00,309.0
180.00,113.00,307.0
182.00,113.00,305.4
184.00,113.00,304.2
186.00,113.00,303.3
188.00,113.00,302.5
190.00,113.00,302.0
192.00,113.00,301.6
194.00,113.00,301.3
196.00,113.00,301.1
198.00,113.00,301.0
0.00,115.00,300.9
2.00,115.00,301.0
4.00,115.00,301.1
6.00,115.00,301.4
8.00,115.00,301.7
10.00,115.00,302.2
12.00,115.00,302.9
14.00,115.00,303.8
16.00,115.00,304.9
18.00,115.00,306.3
20.00,115.00,308.1
22.00,115.00,310.4
24.00,115.00,313.3
26.00,115.00,316.9
28.00,115.00,321.3
30.00,115.00,326.9
32.00,115.00,333.7
34.00,115.00,342.2
36.00,115.00,352.5
38.00,115.00,365.1
40.00,115.00,380.5
42.00,115.00,399.2
44.00,115.00,421.9
46.00,115.00,449.4
48.00,115.00,482.7
50.00,115.00,523.1
52.00,115.00,572.1
54.00,115.00,631.5
56.00,115.00,703.9
58.00,115.00,792.1
60.00,115.00,900.0
62.00,115.00,1032.6
64.00,115.00,1196.8
66.00,115.00,1401.4
68.00,115.00,1652.4
70.00,115.00,1999.4
72.00,115.00,2442.0
74.00,115.00,2969.1
76.00,115.00,3559.6
78.00,115.00,4179.0
80.00,115.00,4793.0
82.00,115.00,5365.1
84.00,115.00,5879.0
86.00,115.00,6328.8
88.00,115.00,6724.0
90.00,115.00,7069.9
92.00,115.00,7370.6
94.00,115.00,7620.7
96.00,115.00,7811.9
98.00,115.00,7931.7
100.00,115.00,7972.8
102.00,115.00,7931.7
104.00,115.00,7811.9
106.00,115.00,7620.7
108.00,115.00,7370.7
110.00,115.00,7069.9
112.00,115.00,6724.0
114.00,115.00,6328.8
116.00,115.00,5879.1
118.00,115.00,5365.2
120.00,115.00,4793.0
122.00,115.00,4179.0
124.00,115.00,3559.7
126.00,115.00,2969.1
128.00,115.00,2442.1
130.00,115.00,1999.4
132.00,115.00,1652.5
134.00,115.00,1401.4
136.00,115.00,1196.8
138.00,115.00,1032.6
140.00,115.00,900.0
142.00,115.00,792.1
144.00,115.00,703.9
146.00,115.00,631.5
148.00,115.00,572.1
150.00,115.00,523.1
152.00,115.00,482.7
154.00,115.00,449.4
156.00,115.00,421.9
158.00,115.00,399.2
160.00,115.00,380.5
162.00,115.00,365.1
164.00,115.00,352.5
166.00,115.00,342.2
168.00,115.00,333.7
170.00,115.00,326.9
172.00,115.00,321.3
174.00,115.00,316.9
176.00,115.00,313.3
178.00,115.00,310.4
180.00,115.00,308.1
182.00,115.00,306.3
184.00,115.00,304.9
186.00,115.00,303.8
188.00,115.00,302.9
190.00,115.00,302.3
192.00,115.00,301.8
194.00,115.00,301.5
196.00,115.00,301.3
198.00,115.00,301.2
0.00,117.00,301.0
2.00,117.00,301.1
4.00,117.00,301.3
6.00,117.00,301.6
8.00,117.00,302.0
10.00,117.00,302.6
12.00,117.00,303.3
14.00,117.00,304.3
16.00,117.00,305.6
18.00,117.00,307.2
20.00,117.00,309.3
22.00,117.00,312.0
24.00,117.00,315.3
26.00,117.00,319.4
28.00,117.00,324.6
30.00,117.00,331.0
32.00,117.00,338.9
34.00,117.00,348.6
36.00,117.00,360.4
38.00,117.00,374.9
40.00,117.00,392.5
42.00,117.00,413.9
44.00,117.00,439.7
46.00,117.00,471.1
48.00,117.00,508.9
50.00,117.00,554.7
52.00,117.00,610.0
54.00,117.00,677.0
56.00,117.00,758.2
58.00,117.00,857.0
60.00,117.00,977.4
62.00,117.00,1125.3
64.00,117.00,1308.6
66.00,117.00,1538.5
68.00,117.00,1837.4
70.00,117.00,2220.8
72.00,117.00,2696.6
74.00,117.00,3247.2
76.00,117.00,3843.6
78.00,117.00,4447.3
80.00,117.00,5024.0
82.00,117.00,5547.9
84.00,117.00,6015.4
86.00,117.00,6434.3
88.00,117.00,6816.9
90.00,117.00,7164.5
92.00,117.00,7474.6
94.00,117.00,7738.4
96.00,117.00,7943.8
98.00,117.00,8074.2
100.00,117.00,8119.3
102.00,117.00,8074.2
104.00,117.00,7943.8
106.00,117.00,7738.4
108.00,117.00,7474.7
110.00,117.00,7164.5
112.00,117.00,6817.0
114.00,117.00,6434.4
116.00,117.00,6015.4
118.00,117.00,5547.9
120.00,117.00,5024.0
122.00,117.00,4447.3
124.00,117.00,3843.7
126.00,117.00,3247.3
128.00,117.00,2696.6
130.00,117.00,2220.9
132.00,117.00,1837.4
134.00,117.00,1538.5
136.00,117.00,1308.6
138.00,117.00,1125.3
140.00,117.00,977.5
142.00,117.00,857.0
144.00,117.00,758.3
146.00,117.00,677.0
148.00,117.00,610.0
150.00,117.00,554.7
152.00,117.00,508.9
154.00,117.00,471.1
156.00,117.00,439.7
158.00,117.00,413.9
160.00,117.00,392.5
162.00,117.00,374.9
164.00,117.00,360.4
166.00,117.00,348.6
168.00,117.00,338.9
170.00,117.00,331.0
172.00,117.00,324.6
174.00,117.00,319.4
176.00,117.00,315.3
178.00,117.00,312.0
180.00,117.00,309.3
182.00,117.00,307.3
184.00,117.00,305.6
186.00,117.00,304.4
188.00,117.00,303.4
190.00,117.00,302.6
192.00,117.00,302.1
194.00,117.00,301.7
196.00,117.00,301.5
198.00,117.00,301.4
0.00,119.00,301.1
2.00,119.00,301.2
4.00,119.00,301.5
6.00,119.00,301.8
8.00,119.00,302.3
10.00,119.00,302.9
12.00,119.00,303.8
14.00,119.00,304.9
16.00,119.00,306.4
18.00,119.00,308.3
20.00,119.00,310.7
22.00,119.00,313.7
24.00,119.00,317.5
26.00,119.00,322.2
28.00,119.00,328.1
30.00,119.00,335.4
32.00,119.00,344.4
34.00,119.00,355.5
36.00,119.00,369.0
38.00,119.00,385.4
40.00,119.00,405.5
42.00,119.00,429.7
44.00,119.00,459.0
46.00,119.00,494.4
48.00,119.00,537.0
50.00,119.00,588.3
52.00,119.00,650.2
54.00,119.00,724.7
56.00,119.00,814.8
58.00,119.00,923.8
60.00,119.00,1056.2
62.00,119.00,1218.0
64.00,119.00,1417.0
66.00,119.00,1656.3
68.00,119.00,2001.5
70.00,119.00,2416.8
72.00,119.00,2912.3
74.00,119.00,3466.3
76.00,119.00,4046.6
78.00,119.00,4615.1
80.00,119.00,5144.2
82.00,119.00,5621.9
84.00,119.00,6058.9
86.00,119.00,6465.5
88.00,119.00,6852.2
90.00,119.00,7215.0
92.00,119.00,7546.7
94.00,119.00,7833.8
96.00,119.00,8060.9
98.00,119.00,8206.9
100.00,119.00,8257.6
102.00,119.00,8206.9
104.00,119.00,8060.9
106.00,119.00,7833.8
108.00,119.00,7546.7
110.00,119.00,7215.0
112.00,119.00,6852.2
114.00,119.00,6465.5
116.00,119.00,6058.9
118.00,119.00,5621.9
120.00,119.00,5144.3
122.00,119.00,4615.1
124.00,119.00,4046.7
126.00,119.00,3466.4
128.00,119.00,2912.4
130.00,119.00,2416.8
132.00,119.00,2001.5
134.00,119.00,1656.3
136.00,119.00,1417.0
138.00,119.00,1218.0
140.00,119.00,1056.2
142.00,119.00,923.8
144.00,119.00,814.8
146.00,119.00,724.7
148.00,119.00,650.2
150.00,119.00,588.3
152.00,119.00,537.0
154.00,119.00,494.4
156.00,119.00,459.0
158.00,119.00,429.7
160.00,119.00,405.5
162.00,119.00,385.5
164.00,119.00,369.0
166.00,119.00,355.5
168.00,119.00,344.4
170.00,119.00,335.4
172.00,119.00,328.1
174.00,119.00,322.2
176.00,119.00,317.5
178.00,119.00,313.7
180.00,119.00,310.7
182.00,119.00,308.3
184.00,119.00,306.4
186.00,119.00,305.0
188.00,119.00,303.9
190.00,119.00,303.0
192.00,119.00,302.4
194.00,119.00,302.0
196.00,119.00,301.7
198.00,119.00,301.6
0.00,121.00,301.3
2.00,121.00,301.4
4.00,121.00,301.7
6.00,121.00,302.0
8.00,121.00,302.6
10.00,121.00,303.3
12.00,121.00,304.3
14.00,121.00,305.6
16.00,121.00,307.3
18.00,121.00,309.4
20.00,121.00,312.1
22.00,121.00,315.5
24.00,121.00,319.8
26.00,121.00,325.2
28.00,121.00,331.9
30.00,121.00,340.2
32.00,121.00,350.4
34.00,121.00,362.9
36.00,121.00,378.2
38.00,121.00,396.8
40.00,121.00,419.3
42.00,121.00,446.6
44.00,121.00,479.5
46.00,121.00,519.1
48.00,121.00,566.6
50.00,121.00,623.7
52.00,121.00,692.1
54.00,121.00,774.2
56.00,121.00,872.8
58.00,121.00,991.5
60.00,121.00,1134.8
62.00,121.00,1309.1
64.00,121.00,1524.3
66.00,121.00,1797.1
68.00,121.00,2150.9
70.00,121.00,2581.4
72.00,121.00,3080.7
74.00,121.00,3620.8
76.00,121.00,4170.6
78.00,121.00,4695.5
80.00,121.00,5181.1
82.00,121.00,5629.4
84.00,121.00,6052.6
86.00,121.00,6461.0
88.00,121.00,6861.3
90.00,121.00,7248.1
92.00,121.00,7610.2
94.00,121.00,7927.4
96.00,121.00,8180.2
98.00,121.00,8343.8
100.00,121.00,8400.8
102.00,121.00,8343.8
104.00,121.00,8180.2
106.00,121.00,7927.4
108.00,121.00,7610.2
110.00,121.00,7248.2
112.00,121.00,6861.4
114.00,121.00,6461.0
116.00,121.00,6052.6
118.00,121.00,5629.4
120.00,121.00,5181.1
122.00,121.00,4695.6
124.00,121.00,4170.7
126.00,121.00,3620.8
128.00,121.00,3080.7
130.00,121.00,2581.4
132.00,121.00,2151.0
134.00,121.00,1797.1
136.00,121.00,1524.3
138.00,121.00,1309.1
140.00,121.00,1134.8
142.00,121.00,991.5
144.00,121.00,872.8
146.00,121.00,774.2
148.00,121.00,692.1
150.00,121.00,623.7
152.00,121.00,566.6
154.00,121.00,519.1
156.00,121.00,479.5
158.00,121.00,446.6
160.00,121.00,419.3
162.00,121.00,396.8
164.00,121.00,378.2
166.00,121.00,362.9
168.00,121.00,350.4
170.00,121.00,340.2
172.00,121.00,331.9
174.00,121.00,325.2
176.00,121.00,319.8
178.00,121.00,315.5
180.00,121.00,312.1
182.00,121.00,309.4
184.00,121.00,307.3
186.00,121.00,305.6
188.00,121.00,304.4
190.00,121.00,303.4
192.00,121.00,302.7
194.00,121.00,302.2
196.00,121.00,301.9
198.00,121.00,301.8
0.00,123.00,301.5
2.00,123.00,301.6
4.00,123.00,301.9
6.00,123.00,302.3
8.00,123.00,302.9
10.00,123.00,303.7
12.00,123.00,304.8
14.00,123.00,306.3
16.00,123.00,308.2
18.00,123.00,310.6
20.00,123.00,313.6
22.00,123.00,317.5
24.00,123.00,322.3
26.00,123.00,328.4
28.00,123.00,335.9
30.00,123.00,345.2
32.00,123.00,356.7
34.00,123.00,370.8
36.00,123.00,387.9
38.00,123.00,408.8
40.00,123.00,434.0
42.00,123.00,464.5
44.00,123.00,501.1
46.00,123.00,545.0
48.00,123.00,597.6
50.00,123.00,660.5
52.00,123.00,735.5
54.00,123.00,825.0
56.00,123.00,931.8
58.00,123.00,1059.5
60.00,123.00,1212.2
62.00,123.00,1395.7
64.00,123.00,1620.0
66.00,123.00,1914.4
68.00,123.00,2279.2
70.00,123.00,2712.3
72.00,123.00,3200.8
74.00,123.00,3715.0
76.00,123.00,4226.8
78.00,123.00,4708.6
80.00,123.00,5160.2
82.00,123.00,5588.7
84.00,123.00,6011.3
86.00,123.00,6435.0
88.00,123.00,6862.1
90.00,123.00,7281.2
92.00,123.00,7677.8
94.00,123.00,8027.3
96.00,123.00,8307.4
98.00,123.00,8489.8
100.00,123.00,8553.6
102.00,123.00,8489.8
104.00,123.00,8307.4
106.00,123.00,8027.3
108.00,123.00,7677.9
110.00,123.00,7281.2
112.00,123.00,6862.1
114.00,123.00,6435.1
116.00,123.00,6011.3
118.00,123.00,5588.8
120.00,123.00,5160.3
122.00,123.00,4708.6
124.00,123.00,4226.9
126.00,123.00,3715.1
128.00,123.00,3200.8
130.00,123.00,2712.3
132.00,123.00,2279.2
134.00,123.00,1914.5
136.00,123.00,1620.0
138.00,123.00,1395.7
140.00,123.00,1212.2
142.00,123.00,1059.5
144.00,123.00,931.8
146.00,123.00,825.0
148.00,123.00,735.5
150.00,123.00,660.5
152.00,123.00,597.6
154.00,123.00,545.0
156.00,123.00,501.1
158.00,123.00,464.5
160.00,123.00,434.0
162.00,123.00,408.8
164.00,123.00,387.9
166.00,123.00,370.8
168.00,123.00,356.7
170.00,123.00,345.2
172.00,123.00,335.9
174.00,123.00,328.4
176.00,123.00,322.3
178.00,123.00,317.5
180.00,123.00,313.6
182.00,123.00,310.6
184.00,123.00,308.2
186.00,123.00,306.3
188.00,123.00,304.9
190.00,123.00,303.8
192.00,123.00,303.0
194.00,123.00,302.5
196.00,123.00,302.1
198.00,123.00,302.0
0.00,125.00,301.6
2.00,125.00,301.8
4.00,125.00,302.1
6.00,125.00,302.5
8.00,125.00,303.2
10.00,125.00,304.2
12.00,125.00,305.4
14.00,125.00,307.0
16.00,125.00,309.1
18.00,125.00,311.8
20.00,125.00,315.2
22.00,125.00,319.5
24.00,125.00,324.9
26.00,125.00,331.7
28.00,125.00,340.1
30.00,125.00,350.5
32.00,125.00,363.3
34.00,125.00,379.0
36.00,125.00,398.1
38.00,125.00,421.3
40.00,125.00,449.4
42.00,125.00,483.1
44.00,125.00,523.7
46.00,125.00,572.1
48.00,125.00,629.9
50.00,125.00,698.5
52.00,125.00,780.1
54.00,125.00,876.8
56.00,125.00,991.3
58.00,125.00,1127.0
60.00,125.00,1287.4
62.00,125.00,1475.4
64.00,125.00,1687.4
66.00,125.00,2013.9
68.00,125.00,2384.9
70.00,125.00,2810.2
72.00,125.00,3277.4
74.00,125.00,3759.5
76.00,125.00,4229.7
78.00,125.00,4678.1
80.00,125.00,5107.4
82.00,125.00,5530.4
84.00,125.00,5962.3
86.00,125.00,6407.5
88.00,125.00,6865.7
90.00,125.00,7322.3
92.00,125.00,7755.2
94.00,125.00,8137.9
96.00,125.00,8446.0
98.00,125.00,8648.0
100.00,125.00,8718.9
102.00,125.00,8648.0
104.00,125.00,8446.0
106.00,125.00,8137.9
108.00,125.00,7755.3
110.00,125.00,7322.3
112.00,125.00,6865.8
114.00,125.00,6407.6
116.00,125.00,5962.3
118.00,125.00,5530.4
120.00,125.00,5107.4
122.00,125.00,4678.2
124.00,125.00,4229.7
126.00,125.00,3759.5
128.00,125.00,3277.5
130.00,125.00,2810.2
132.00,125.00,2384.9
134.00,125.00,2013.9
136.00,125.00,1687.4
138.00,125.00,1475.4
140.00,125.00,1287.4
142.00,125.00,1127.0
144.00,125.00,991.3
146.00,125.00,876.8
148.00,125.00,780.1
150.00,125.00,698.5
152.00,125.00,629.9
154.00,125.00,572.1
156.00,125.00,523.7
158.00,125.00,483.1
160.00,125.00,449.4
162.00,125.00,421.3
164.00,125.00,398.1
166.00,125.00,379.0
168.00,125.00,363.3
170.00,125.00,350.5
172.00,125.00,340.1
174.00,125.00,331.7
176.00,125.00,324.9
178.00,125.00,319.5
180.00,125.00,315.2
182.00,125.00,311.8
184.00,125.00,309.2
186.00,125.00,307.1
188.00,125.00,305.5
190.00,125.00,304.3
192.00,125.00,303.4
194.00,125.00,302.8
196.00,125.00,302.4
198.00,125.00,302.2
0.00,127.00,301.8
2.00,127.00,301.9
4.00,127.00,302.3
6.00,127.00,302.8
8.00,127.00,303.6
10.00,127.00,304.6
12.00,127.00,306.0
14.00,127.00,307.8
16.00,127.00,310.1
18.00,127.00,313.0
20.00,127.00,316.8
22.00,127.00,321.6
24.00,127.00,327.6
26.00,127.00,335.1
28.00,127.00,344.4
30.00,127.00,356.0
32.00,127.00,370.2
34.00,127.00,387.5
36.00,127.00,408.7
38.00,127.00,434.3
40.00,127.00,465.3
42.00,127.00,502.5
44.00,127.00,547.0
46.00,127.00,600.0
48.00,127.00,663.0
50.00,127.00,737.6
52.00,127.00,825.6
54.00,127.00,929.2
56.00,127.00,1051.1
58.00,127.00,1194.2
60.00,127.00,1362.4
62.00,127.00,1561.2
64.00,127.00,1801.6
66.00,127.00,2109.2
68.00,127.00,2471.2
70.00,127.00,2879.5
72.00,127.00,3319.2
74.00,127.00,3765.3
76.00,127.00,4203.8
78.00,127.00,4626.5
80.00,127.00,5044.4
82.00,127.00,5470.5
84.00,127.00,5918.6
86.00,127.00,6393.6
88.00,127.00,6885.2
90.00,127.00,7377.4
92.00,127.00,7846.4
94.00,127.00,8262.2
96.00,127.00,8598.7
98.00,127.00,8820.5
100.00,127.00,8898.5
102.00,127.00,8820.5
104.00,127.00,8598.7
106.00,127.00,8262.2
108.00,127.00,7846.4
110.00,127.00,7377.4
112.00,127.00,6885.2
114.00,127.00,6393.6
116.00,127.00,5918.6
118.00,127.00,5470.5
120.00,127.00,5044.4
122.00,127.00,4626.5
124.00,127.00,4203.9
126.00,127.00,3765.4
128.00,127.00,3319.3
130.00,127.00,2879.6
132.00,127.00,2471.2
134.00,127.00,2109.2
136.00,127.00,1801.6
138.00,127.00,1561.2
140.00,127.00,1362.4
142.00,127.00,1194.2
144.00,127.00,1051.1
146.00,127.00,929.2
148.00,127.00,825.6
150.00,127.00,737.6
152.00,127.00,663.0
154.00,127.00,600.0
156.00,127.00,547.0
158.00,127.00,502.5
160.00,127.00,465.3
162.00,127.00,434.3
164.00,127.00,408.7
166.00,127.00,387.5
168.00,127.00,370.2
170.00,127.00,356.0
172.00,127.00,344.5
174.00,127.00,335.1
176.00,127.00,327.6
178.00,127.00,321.6
180.00,127.00,316.9
182.00,127.00,313.1
184.00,127.00,310.1
186.00,127.00,307.8
188.00,127.00,306.1
190.00,127.00,304.7
192.00,127.00,303.8
194.00,127.00,303.1
196.00,127.00,302.6
198.00,127.00,302.4
0.00,129.00,302.0
2.00,129.00,302.1
4.00,129.00,302.5
6.00,129.00,303.1
8.00,129.00,303.9
10.00,129.00,305.0
12.00,129.00,306.5
14.00,129.00,308.5
16.00,129.00,311.1
18.00,129.00,314.3
20.00,129.00,318.5
22.00,129.00,323.8
24.00,129.00,330.4
26.00,129.00,338.6
28.00,129.00,348.9
30.00,129.00,361.6
32.00,129.00,377.2
34.00,129.00,396.2
36.00,129.00,419.5
38.00,129.00,447.6
40.00,129.00,481.5
42.00,129.00,522.2
44.00,129.00,570.8
46.00,129.00,628.5
48.00,129.00,696.8
50.00,129.00,777.3
52.00,129.00,871.8
54.00,129.00,982.2
56.00,129.00,1110.9
58.00,129.00,1260.3
60.00,129.00,1433.7
62.00,129.00,1636.6
64.00,129.00,1890.2
66.00,129.00,2191.7
68.00,129.00,2540.4
70.00,129.00,2927.2
72.00,129.00,3337.8
74.00,129.00,3753.2
76.00,129.00,4164.5
78.00,129.00,4571.8
80.00,129.00,4986.9
82.00,129.00,5423.5
84.00,129.00,5894.2
86.00,129.00,6393.4
88.00,129.00,6922.1
90.00,129.00,7450.3
92.00,129.00,7954.6
94.00,129.00,8402.6
96.00,129.00,8767.1
98.00,129.00,9009.0
100.00,129.00,9094.4
102.00,129.00,9009.0
104.00,129.00,8767.1
106.00,129.00,8402.6
108.00,129.00,7954.6
110.00,129.00,7450.3
112.00,129.00,6922.1
114.00,129.00,6393.4
116.00,129.00,5894.2
118.00,129.00,5423.6
120.00,129.00,4987.0
122.00,129.00,4571.8
124.00,129.00,4164.6
126.00,129.00,3753.3
128.00,129.00,3337.8
130.00,129.00,2927.3
132.00,129.00,2540.5
134.00,129.00,2191.7
136.00,129.00,1890.2
138.00,129.00,1636.6
140.00,129.00,1433.7
142.00,129.00,1260.3
144.00,129.00,1110.9
146.00,129.00,982.2
148.00,129.00,871.8
150.00,129.00,777.3
152.00,129.00,696.8
154.00,129.00,628.5
156.00,129.00,570.8
158.00,129.00,522.2
160.00,129.00,481.5
162.00,129.00,447.6
164.00,129.00,419.5
166.00,129.00,396.2
168.00,129.00,377.2
170.00,129.00,361.6
172.00,129.00,348.9
174.00,129.00,338.6
176.00,129.00,330.4
178.00,129.00,323.8
180.00,129.00,318.5
182.00,129.00,314.4
184.00,129.00,311.1
186.00,129.00,308.6
188.00,129.00,306.7
190.00,129.00,305.2
192.00,129.00,304.1
194.00,129.00,303.4
196.00,129.00,302.9
198.00,129.00,302.7
0.00,131.00,302.1
2.00,131.00,302.3
4.00,131.00,302.7
6.00,131.00,303.3
8.00,131.00,304.2
10.00,131.00,305.5
12.00,131.00,307.1
14.00,131.00,309.3
16.00,131.00,312.1
18.00,131.00,315.6
20.00,131.00,320.2
22.00,131.00,325.9
24.00,131.00,333.1
26.00,131.00,342.1
28.00,131.00,353.3
30.00,131.00,367.2
32.00,131.00,384.2
34.00,131.00,405.0
36.00,131.00,430.3
38.00,131.00,461.0
40.00,131.00,497.9
42.00,131.00,542.1
44.00,131.00,594.8
46.00,131.00,657.3
48.00,131.00,731.0
50.00,131.00,817.5
52.00,131.00,918.5
54.00,131.00,1035.6
56.00,131.00,1170.9
58.00,131.00,1326.0
60.00,131.00,1501.3
62.00,131.00,1691.3
64.00,131.00,1965.2
66.00,131.00,2263.8
68.00,131.00,2598.1
70.00,131.00,2962.4
72.00,131.00,3346.0
74.00,131.00,3736.1
76.00,131.00,4129.3
78.00,131.00,4529.4
80.00,131.00,4949.9
82.00,131.00,5401.8
84.00,131.00,5890.8
86.00,131.00,6422.2
88.00,131.00,6981.6
90.00,131.00,7543.8
92.00,131.00,8082.5
94.00,131.00,8561.6
96.00,131.00,8953.1
98.00,131.00,9215.2
100.00,131.00,9308.1
102.00,131.00,9215.2
104.00,131.00,8953.2
106.00,131.00,8561.6
108.00,131.00,8082.5
110.00,131.00,7543.8
112.00,131.00,6981.6
114.00,131.00,6422.2
116.00,131.00,5890.9
118.00,131.00,5401.8
120.00,131.00,4950.0
122.00,131.00,4529.4
124.00,131.00,4129.3
126.00,131.00,3736.1
128.00,131.00,3346.1
130.00,131.00,2962.5
132.00,131.00,2598.1
134.00,131.00,2263.8
136.00,131.00,1965.2
138.00,131.00,1691.3
140.00,131.00,1501.3
142.00,131.00,1326.0
144.00,131.00,1170.9
146.00,131.00,1035.6
148.00,131.00,918.5
150.00,131.00,817.5
152.00,131.00,731.0
154.00,131.00,657.3
156.00,131.00,594.8
158.00,131.00,542.1
160.00,131.00,497.9
162.00,131.00,461.0
164.00,131.00,430.3
166.00,131.00,405.0
168.00,131.00,384.2
170.00,131.00,367.2
172.00,131.00,353.3
174.00,131.00,342.1
176.00,131.00,333.1
178.00,131.00,325.9
180.00,131.00,320.2
182.00,131.00,315.7
184.00,131.00,312.1
186.00,131.00,309.4
188.00,131.00,307.2
190.00,131.00,305.6
192.00,131.00,304.5
194.00,131.00,303.7
196.00,131.00,303.1
198.00,131.00,302.9
0.00,133.00,302.3
2.00,133.00,302.5
4.00,133.00,302.9
6.00,133.00,303.6
8.00,133.00,304.6
10.00,133.00,305.9
12.00,133.00,307.7
14.00,133.00,310.0
16.00,133.00,313.0
18.00,133.00,316.9
20.00,133.00,321.8
22.00,133.00,328.0
24.00,133.00,335.8
26.00,133.00,345.6
28.00,133.00,357.7
30.00,133.00,372.7
32.00,133.00,391.1
34.00,133.00,413.7
36.00,133.00,441.1
38.00,133.00,474.3
40.00,133.00,514.2
42.00,133.00,562.0
44.00,133.00,618.9
46.00,133.00,686.2
48.00,133.00,765.3
50.00,133.00,857.9
52.00,133.00,965.5
54.00,133.00,1089.6
56.00,133.00,1232.0
58.00,133.00,1394.3
60.00,133.00,1578.5
62.00,133.00,1790.5
64.00,133.00,2046.3
66.00,133.00,2333.8
68.00,133.00,2652.1
70.00,133.00,2995.3
72.00,133.00,3356.6
74.00,133.00,3728.4
76.00,133.00,4111.0
78.00,133.00,4511.1
80.00,133.00,4939.7
82.00,133.00,5406.2
84.00,133.00,5920.6
86.00,133.00,6477.8
88.00,133.00,7066.8
90.00,133.00,7661.2
92.00,133.00,8232.7
94.00,133.00,8741.8
96.00,133.00,9159.2
98.00,133.00,9440.6
100.00,133.00,9540.9
102.00,133.00,9440.6
104.00,133.00,9159.2
106.00,133.00,8741.8
108.00,133.00,8232.7
110.00,133.00,7661.2
112.00,133.00,7066.8
114.00,133.00,6477.9
116.00,133.00,5920.7
118.00,133.00,5406.2
120.00,133.00,4939.7
122.00,133.00,4511.2
124.00,133.00,4111.0
126.00,133.00,3728.4
128.00,133.00,3356.7
130.00,133.00,2995.4
132.00,133.00,2652.1
134.00,133.00,2333.8
136.00,133.00,2046.3
138.00,133.00,1790.5
140.00,133.00,1578.6
142.00,133.00,1394.3
144.00,133.00,1232.0
146.00,133.00,1089.6
148.00,133.00,965.5
150.00,133.00,857.9
152.00,133.00,765.3
154.00,133.00,686.2
156.00,133.00,618.9
158.00,133.00,562.0
160.00,133.00,514.2
162.00,133.00,474.3
164.00,133.00,441.1
166.00,133.00,413.7
168.00,133.00,391.1
170.00,133.00,372.7
172.00,133.00,357.7
174.00,133.00,345.6
176.00,133.00,335.8
178.00,133.00,328.0
180.00,133.00,321.8
182.00,133.00,316.9
184.00,133.00,313.1
186.00,133.00,310.1
188.00,133.00,307.8
190.00,133.00,306.1
192.00,133.00,304.8
194.00,133.00,303.9
196.00,133.00,303.4
198.00,133.00,303.1
0.00,135.00,302.4
2.00,135.00,302.7
4.00,135.00,303.1
6.00,135.00,303.9
8.00,135.00,304.9
10.00,135.00,306.3
12.00,135.00,308.2
14.00,135.00,310.7
16.00,135.00,314.0
18.00,135.00,318.1
20.00,135.00,323.4
22.00,135.00,330.0
24.00,135.00,338.4
26.00,135.00,348.9
28.00,135.00,361.9
30.00,135.00,378.0
32.00,135.00,397.8
34.00,135.00,422.1
36.00,135.00,451.5
38.00,135.00,487.2
40.00,135.00,530.1
42.00,135.00,581.4
44.00,135.00,642.4
46.00,135.00,714.6
48.00,135.00,799.3
50.00,135.00,898.1
52.00,135.00,1012.5
54.00,135.00,1143.9
56.00,135.00,1293.7
58.00,135.00,1463.2
60.00,135.00,1651.7
62.00,135.00,1878.0
64.00,135.00,2129.9
66.00,135.00,2408.3
68.00,135.00,2712.5
70.00,135.00,3038.5
72.00,135.00,3382.9
74.00,135.00,3743.2
76.00,135.00,4122.5
78.00,135.00,4527.1
80.00,135.00,4967.5
82.00,135.00,5451.9
84.00,135.00,5984.8
86.00,135.00,6564.5
88.00,135.00,7181.1
90.00,135.00,7806.1
92.00,135.00,8408.2
94.00,135.00,8945.8
96.00,135.00,9388.0
98.00,135.00,9686.8
100.00,135.00,9793.5
102.00,135.00,9686.8
104.00,135.00,9388.0
106.00,135.00,8945.8
108.00,135.00,8408.3
110.00,135.00,7806.2
112.00,135.00,7181.1
114.00,135.00,6564.5
116.00,135.00,5984.8
118.00,135.00,5451.9
120.00,135.00,4967.5
122.00,135.00,4527.1
124.00,135.00,4122.5
126.00,135.00,3743.3
128.00,135.00,3382.9
130.00,135.00,3038.5
132.00,135.00,2712.5
134.00,135.00,2408.4
136.00,135.00,2129.9
138.00,135.00,1878.0
140.00,135.00,1651.7
142.00,135.00,1463.3
144.00,135.00,1293.7
146.00,135.00,1143.9
148.00,135.00,1012.5
150.00,135.00,898.1
152.00,135.00,799.3
154.00,135.00,714.6
156.00,135.00,642.4
158.00,135.00,581.4
160.00,135.00,530.1
162.00,135.00,487.2
164.00,135.00,451.5
166.00,135.00,422.1
168.00,135.00,397.8
170.00,135.00,378.0
172.00,135.00,361.9
174.00,135.00,348.9
176.00,135.00,338.4
178.00,135.00,330.0
180.00,135.00,323.4
182.00,135.00,318.1
184.00,135.00,314.0
186.00,135.00,310.8
188.00,135.00,308.4
190.00,135.00,306.5
192.00,135.00,305.2
194.00,135.00,304.2
196.00,135.00,303.6
198.00,135.00,303.3
0.00,137.00,302.6
2.00,137.00,302.8
4.00,137.00,303.3
6.00,137.00,304.1
8.00,137.00,305.2
10.00,137.00,306.7
12.00,137.00,308.7
14.00,137.00,311.4
16.00,137.00,314.8
18.00,137.00,319.2
20.00,137.00,324.8
22.00,137.00,331.9
24.00,137.00,340.8
26.00,137.00,352.0
28.00,137.00,365.9
30.00,137.00,383.1
32.00,137.00,404.2
34.00,137.00,430.0
36.00,137.00,461.5
38.00,137.00,499.5
40.00,137.00,545.3
42.00,137.00,600.1
44.00,137.00,665.2
46.00,137.00,742.1
48.00,137.00,832.4
50.00,137.00,937.6
52.00,137.00,1059.2
54.00,137.00,1198.5
56.00,137.00,1356.5
58.00,137.00,1535.0
60.00,137.00,1737.6
62.00,137.00,1968.3
64.00,137.00,2221.4
66.00,137.00,2494.9
68.00,137.00,2789.3
70.00,137.00,3103.6
72.00,137.00,3437.7
74.00,137.00,3792.3
76.00,137.00,4173.2
78.00,137.00,4585.9
80.00,137.00,5038.0
82.00,137.00,5536.1
84.00,137.00,6085.9
86.00,137.00,6686.5
88.00,137.00,7328.6
90.00,137.00,7982.3
92.00,137.00,8613.3
94.00,137.00,9176.0
96.00,137.00,9640.4
98.00,137.00,9954.5
100.00,137.00,10065.7
102.00,137.00,9954.5
104.00,137.00,9640.4
106.00,137.00,9176.0
108.00,137.00,8613.3
110.00,137.00,7982.3
112.00,137.00,7328.6
114.00,137.00,6686.6
116.00,137.00,6085.9
118.00,137.00,5536.2
120.00,137.00,5038.0
122.00,137.00,4585.9
124.00,137.00,4173.2
126.00,137.00,3792.3
128.00,137.00,3437.7
130.00,137.00,3103.6
132.00,137.00,2789.4
134.00,137.00,2494.9
136.00,137.00,2221.4
138.00,137.00,1968.3
140.00,137.00,1737.6
142.00,137.00,1535.0
144.00,137.00,1356.5
146.00,137.00,1198.5
148.00,137.00,1059.2
150.00,137.00,937.7
152.00,137.00,832.4
154.00,137.00,742.1
156.00,137.00,665.2
158.00,137.00,600.1
160.00,137.00,545.3
162.00,137.00,499.5
164.00,137.00,461.5
166.00,137.00,430.0
168.00,137.00,404.2
170.00,137.00,383.1
172.00,137.00,365.9
174.00,137.00,352.0
176.00,137.00,340.9
178.00,137.00,331.9
180.00,137.00,324.9
182.00,137.00,319.3
184.00,137.00,314.9
186.00,137.00,311.5
188.00,137.00,308.9
190.00,137.00,306.9
192.00,137.00,305.5
194.00,137.00,304.5
196.00,137.00,303.8
198.00,137.00,303.5
0.00,139.00,302.7
2.00,139.00,303.0
4.00,139.00,303.5
6.00,139.00,304.3
8.00,139.00,305.5
10.00,139.00,307.1
12.00,139.00,309.2
14.00,139.00,312.0
16.00,139.00,315.6
18.00,139.00,320.3
20.00,139.00,326.2
22.00,139.00,333.7
24.00,139.00,343.1
26.00,139.00,354.9
28.00,139.00,369.5
30.00,139.00,387.7
32.00,139.00,410.0
34.00,139.00,437.4
36.00,139.00,470.6
38.00,139.00,510.9
40.00,139.00,559.4
42.00,139.00,617.5
44.00,139.00,686.6
46.00,139.00,768.2
48.00,139.00,864.1
50.00,139.00,975.9
52.00,139.00,1105.1
54.00,139.00,1252.9
56.00,139.00,1420.2
58.00,139.00,1608.7
60.00,139.00,1827.7
62.00,139.00,2068.6
64.00,139.00,2326.8
66.00,139.00,2600.4
68.00,139.00,2891.0
70.00,139.00,3200.3
72.00,139.00,3531.2
74.00,139.00,3886.7
76.00,139.00,4272.0
78.00,139.00,4692.1
80.00,139.00,5153.8
82.00,139.00,5663.8
84.00,139.00,6228.9
86.00,139.00,6849.3
88.00,139.00,7513.9
90.00,139.00,8191.8
92.00,139.00,8849.2
94.00,139.00,9432.7
96.00,139.00,9913.8
98.00,139.00,10240.4
100.00,139.00,10354.8
102.00,139.00,10240.4
104.00,139.00,9913.8
106.00,139.00,9432.7
108.00,139.00,8849.2
110.00,139.00,8191.8
112.00,139.00,7513.9
114.00,139.00,6849.4
116.00,139.00,6228.9
118.00,139.00,5663.8
120.00,139.00,5153.8
122.00,139.00,4692.2
124.00,139.00,4272.0
126.00,139.00,3886.7
128.00,139.00,3531.2
130.00,139.00,3200.3
132.00,139.00,2891.0
134.00,139.00,2600.4
136.00,139.00,2326.8
138.00,139.00,2068.6
140.00,139.00,1827.7
142.00,139.00,1608.7
144.00,139.00,1420.2
146.00,139.00,1252.9
148.00,139.00,1105.1
150.00,139.00,975.9
152.00,139.00,864.1
154.00,139.00,768.2
156.00,139.00,686.6
158.00,139.00,617.5
160.00,139.00,559.4
162.00,139.00,510.9
164.00,139.00,470.6
166.00,139.00,437.4
168.00,139.00,410.0
170.00,139.00,387.7
172.00,139.00,369.5
174.00,139.00,354.9
176.00,139.00,343.1
178.00,139.00,333.7
180.00,139.00,326.2
182.00,139.00,320.3
184.00,139.00,315.7
186.00,139.00,312.1
188.00,139.00,309.4
190.00,139.00,307.3
192.00,139.00,305.8
194.00,139.00,304.7
196.00,139.00,304.0
198.00,139.00,303.7
0.00,141.00,302.8
2.00,141.00,303.1
4.00,141.00,303.6
6.00,141.00,304.5
8.00,141.00,305.7
10.00,141.00,307.4
12.00,141.00,309.6
14.00,141.00,312.5
16.00,141.00,316.3
18.00,141.00,321.2
20.00,141.00,327.3
22.00,141.00,335.2
24.00,141.00,345.0
26.00,141.00,357.4
28.00,141.00,372.7
30.00,141.00,391.8
32.00,141.00,415.2
34.00,141.00,443.9
36.00,141.00,478.8
38.00,141.00,521.1
40.00,141.00,572.1
42.00,141.00,633.2
44.00,141.00,706.0
46.00,141.00,792.2
48.00,141.00,893.6
50.00,141.00,1012.0
52.00,141.00,1149.1
54.00,141.00,1306.1
56.00,141.00,1482.9
58.00,141.00,1674.7
60.00,141.00,1922.2
62.00,141.00,2179.3
64.00,141.00,2447.9
66.00,141.00,2727.8
68.00,141.00,3021.9
70.00,141.00,3333.7
72.00,141.00,3668.1
74.00,141.00,4029.2
76.00,141.00,4421.0
78.00,141.00,4848.4
80.00,141.00,5317.9
82.00,141.00,5838.2
84.00,141.00,6417.7
86.00,141.00,7055.0
88.00,141.00,7737.7
90.00,141.00,8432.1
92.00,141.00,9107.3
94.00,141.00,9707.9
96.00,141.00,10199.0
98.00,141.00,10533.5
100.00,141.00,10650.4
102.00,141.00,10533.5
104.00,141.00,10199.0
106.00,141.00,9707.9
108.00,141.00,9107.3
110.00,141.00,8432.1
112.00,141.00,7737.7
114.00,141.00,7055.0
116.00,141.00,6417.8
118.00,141.00,5838.2
120.00,141.00,5318.0
122.00,141.00,4848.4
124.00,141.00,4421.0
126.00,141.00,4029.2
128.00,141.00,3668.2
130.00,141.00,3333.7
132.00,141.00,3021.9
134.00,141.00,2727.8
136.00,141.00,2447.9
138.00,141.00,2179.3
140.00,141.00,1922.2
142.00,141.00,1674.7
144.00,141.00,1482.9
146.00,141.00,1306.1
148.00,141.00,1149.1
150.00,141.00,1012.0
152.00,141.00,893.6
154.00,141.00,792.2
156.00,141.00,706.0
158.00,141.00,633.2
160.00,141.00,572.1
162.00,141.00,521.1
164.00,141.00,478.8
166.00,141.00,443.9
168.00,141.00,415.2
170.00,141.00,391.8
172.00,141.00,372.8
174.00,141.00,357.4
176.00,141.00,345.1
178.00,141.00,335.2
180.00,141.00,327.4
182.00,141.00,321.2
184.00,141.00,316.4
186.00,141.00,312.6
188.00,141.00,309.8
190.00,141.00,307.6
192.00,141.00,306.0
194.00,141.00,304.9
196.00,141.00,304.2
198.00,141.00,303.9
0.00,143.00,302.9
2.00,143.00,303.2
4.00,143.00,303.8
6.00,143.00,304.6
8.00,143.00,305.9
10.00,143.00,307.6
12.00,143.00,309.9
14.00,143.00,313.0
16.00,143.00,316.9
18.00,143.00,321.9
20.00,143.00,328.3
22.00,143.00,336.5
24.00,143.00,346.7
26.00,143.00,359.5
28.00,143.00,375.4
30.00,143.00,395.2
32.00,143.00,419.5
34.00,143.00,449.4
36.00,143.00,485.7
38.00,143.00,529.8
40.00,143.00,583.0
42.00,143.00,646.8
44.00,143.00,723.0
46.00,143.00,813.3
48.00,143.00,919.9
50.00,143.00,1044.7
52.00,143.00,1189.9
54.00,143.00,1357.4
56.00,143.00,1549.2
58.00,143.00,1768.5
60.00,143.00,2023.0
62.00,143.00,2295.0
64.00,143.00,2578.5
66.00,143.00,2871.8
68.00,143.00,3177.5
70.00,143.00,3499.9
72.00,143.00,3844.9
74.00,143.00,4216.3
76.00,143.00,4617.0
78.00,143.00,5053.2
80.00,143.00,5528.6
82.00,143.00,6055.4
84.00,143.00,6644.7
86.00,143.00,7293.0
88.00,143.00,7985.5
90.00,143.00,8685.4
92.00,143.00,9357.2
94.00,143.00,9949.4
96.00,143.00,10425.2
98.00,143.00,10746.3
100.00,143.00,10860.1
102.00,143.00,10746.3
104.00,143.00,10425.2
106.00,143.00,9949.4
108.00,143.00,9357.2
110.00,143.00,8685.4
112.00,143.00,7985.5
114.00,143.00,7293.0
116.00,143.00,6644.8
118.00,143.00,6055.4
120.00,143.00,5528.7
122.00,143.00,5053.2
124.00,143.00,4617.0
126.00,143.00,4216.3
128.00,143.00,3844.9
130.00,143.00,3499.9
132.00,143.00,3177.5
134.00,143.00,2871.9
136.00,143.00,2578.5
138.00,143.00,2295.0
140.00,143.00,2023.0
142.00,143.00,1768.5
144.00,143.00,1549.2
146.00,143.00,1357.4
148.00,143.00,1189.9
150.00,143.00,1044.7
152.00,143.00,919.9
154.00,143.00,813.4
156.00,143.00,723.0
158.00,143.00,646.8
160.00,143.00,583.0
162.00,143.00,529.8
164.00,143.00,485.7
166.00,143.00,449.4
168.00,143.00,419.5
170.00,143.00,395.2
172.00,143.00,375.5
174.00,143.00,359.5
176.00,143.00,346.7
178.00,143.00,336.5
180.00,143.00,328.4
182.00,143.00,322.0
184.00,143.00,317.0
186.00,143.00,313.1
188.00,143.00,310.1
190.00,143.00,307.9
192.00,143.00,306.2
194.00,143.00,305.1
196.00,143.00,304.4
198.00,143.00,304.0
0.00,145.00,303.0
2.00,145.00,303.3
4.00,145.00,303.9
6.00,145.00,304.8
8.00,145.00,306.1
10.00,145.00,307.8
12.00,145.00,310.2
14.00,145.00,313.3
16.00,145.00,317.3
18.00,145.00,322.5
20.00,145.00,329.1
22.00,145.00,337.4
24.00,145.00,348.0
26.00,145.00,361.1
28.00,145.00,377.5
30.00,145.00,397.9
32.00,145.00,422.9
34.00,145.00,453.7
36.00,145.00,491.2
38.00,145.00,536.7
40.00,145.00,591.7
42.00,145.00,657.7
44.00,145.00,736.7
46.00,145.00,830.7
48.00,145.00,941.9
50.00,145.00,1072.6
52.00,145.00,1225.3
54.00,145.00,1402.5
56.00,145.00,1607.1
58.00,145.00,1844.3
60.00,145.00,2112.3
62.00,145.00,2400.0
64.00,145.00,2701.5
66.00,145.00,3016.0
68.00,145.00,3343.1
70.00,145.00,3686.7
72.00,145.00,4051.3
74.00,145.00,4438.4
76.00,145.00,4849.7
78.00,145.00,5293.0
80.00,145.00,5768.5
82.00,145.00,6284.7
84.00,145.00,6850.3
86.00,145.00,7471.6
88.00,145.00,8139.1
90.00,145.00,8810.6
92.00,145.00,9457.1
94.00,145.00,10025.3
96.00,145.00,10475.1
98.00,145.00,10782.0
100.00,145.00,10892.0
102.00,145.00,10782.0
104.00,145.00,10475.1
106.00,145.00,10025.3
108.00,145.00,9457.1
110.00,145.00,8810.6
112.00,145.00,8139.1
114.00,145.00,7471.6
116.00,145.00,6850.3
118.00,145.00,6284.7
120.00,145.00,5768.5
122.00,145.00,5293.0
124.00,145.00,4849.7
126.00,145.00,4438.4
128.00,145.00,4051.3
130.00,145.00,3686.7
132.00,145.00,3343.1
134.00,145.00,3016.0
136.00,145.00,2701.5
138.00,145.00,2400.0
140.00,145.00,2112.3
142.00,145.00,1844.3
144.00,145.00,1607.1
146.00,145.00,1402.5
148.00,145.00,1225.3
150.00,145.00,1072.6
152.00,145.00,941.9
154.00,145.00,830.7
156.00,145.00,736.7
158.00,145.00,657.7
160.00,145.00,591.7
162.00,145.00,536.7
164.00,145.00,491.2
166.00,145.00,453.7
168.00,145.00,422.9
170.00,145.00,397.9
172.00,145.00,377.6
174.00,145.00,361.1
176.00,145.00,348.0
178.00,145.00,337.5
180.00,145.00,329.1
182.00,145.00,322.6
184.00,145.00,317.4
186.00,145.00,313.4
188.00,145.00,310.4
190.00,145.00,308.1
192.00,145.00,306.4
194.00,145.00,305.2
196.00,145.00,304.5
198.00,145.00,304.1
0.00,147.00,303.1
2.00,147.00,303.4
4.00,147.00,303.9
6.00,147.00,304.9
8.00,147.00,306.2
10.00,147.00,308.0
12.00,147.00,310.4
14.00,147.00,313.5
16.00,147.00,317.6
18.00,147.00,322.9
20.00,147.00,329.6
22.00,147.00,338.1
24.00,147.00,348.8
26.00,147.00,362.3
28.00,147.00,379.0
30.00,147.00,399.7
32.00,147.00,425.3
34.00,147.00,456.6
36.00,147.00,494.9
38.00,147.00,541.5
40.00,147.00,597.7
42.00,147.00,665.5
44.00,147.00,746.6
46.00,147.00,843.4
48.00,147.00,958.2
50.00,147.00,1093.8
52.00,147.00,1252.6
54.00,147.00,1437.3
56.00,147.00,1650.1
58.00,147.00,1901.2
60.00,147.00,2179.8
62.00,147.00,2481.5
64.00,147.00,2806.2
66.00,147.00,3155.3
68.00,147.00,3520.9
70.00,147.00,3898.1
72.00,147.00,4288.5
74.00,147.00,4686.8
76.00,147.00,5083.1
78.00,147.00,5485.7
80.00,147.00,5917.5
82.00,147.00,6373.7
84.00,147.00,6874.5
86.00,147.00,7394.3
88.00,147.00,7908.4
90.00,147.00,8408.4
92.00,147.00,8869.6
94.00,147.00,9273.0
96.00,147.00,9567.2
98.00,147.00,9796.5
100.00,147.00,9884.4
102.00,147.00,9796.5
104.00,147.00,9567.2
106.00,147.00,9273.0
108.00,147.00,8869.7
110.00,147.00,8408.4
112.00,147.00,7908.4
114.00,147.00,7394.3
116.00,147.00,6874.5
118.00,147.00,6373.7
120.00,147.00,5917.5
122.00,147.00,5485.7
124.00,147.00,5083.1
126.00,147.00,4686.8
128.00,147.00,4288.5
130.00,147.00,3898.1
132.00,147.00,3520.9
134.00,147.00,3155.3
136.00,147.00,2806.2
138.00,147.00,2481.5
140.00,147.00,2179.8
142.00,147.00,1901.2
144.00,147.00,1650.1
146.00,147.00,1437.3
148.00,147.00,1252.6
150.00,147.00,1093.8
152.00,147.00,958.2
154.00,147.00,843.4
156.00,147.00,746.6
158.00,147.00,665.5
160.00,147.00,597.7
162.00,147.00,541.5
164.00,147.00,494.9
166.00,147.00,456.7
168.00,147.00,425.3
170.00,147.00,399.7
172.00,147.00,379.0
174.00,147.00,362.3
176.00,147.00,348.9
178.00,147.00,338.2
180.00,147.00,329.7
182.00,147.00,323.0
184.00,147.00,317.7
186.00,147.00,313.7
188.00,147.00,310.6
190.00,147.00,308.2
192.00,147.00,306.5
194.00,147.00,305.3
196.00,147.00,304.5
198.00,147.00,304.2
0.00,149.00,303.1
2.00,149.00,303.4
4.00,149.00,304.0
6.00,149.00,304.9
8.00,149.00,306.2
10.00,149.00,308.0
12.00,149.00,310.5
14.00,149.00,313.7
16.00,149.00,317.8
18.00,149.00,323.1
20.00,149.00,329.9
22.00,149.00,338.5
24.00,149.00,349.3
26.00,149.00,362.8
28.00,149.00,379.7
30.00,149.00,400.7
32.00,149.00,426.5
34.00,149.00,458.2
36.00,149.00,496.9
38.00,149.00,543.9
40.00,149.00,600.9
42.00,149.00,669.5
44.00,149.00,751.9
46.00,149.00,850.3
48.00,149.00,967.4
50.00,149.00,1106.0
52.00,149.00,1268.7
54.00,149.00,1457.2
56.00,149.00,1670.0
58.00,149.00,1947.6
60.00,149.00,2254.5
62.00,149.00,2596.2
64.00,149.00,2975.0
66.00,149.00,3383.6
68.00,149.00,3803.5
70.00,149.00,4205.6
72.00,149.00,4565.9
74.00,149.00,4876.3
76.00,149.00,5142.9
78.00,149.00,5377.7
80.00,149.00,5591.2
82.00,149.00,5787.4
84.00,149.00,5967.8
86.00,149.00,6131.6
88.00,149.00,6274.9
90.00,149.00,6399.9
92.00,149.00,6503.6
94.00,149.00,6585.4
96.00,149.00,6643.6
98.00,149.00,6681.6
100.00,149.00,6694.7
102.00,149.00,6681.6
104.00,149.00,6643.6
106.00,149.00,6585.4
108.00,149.00,6503.6
110.00,149.00,6399.9
112.00,149.00,6274.9
114.00,149.00,6131.7
116.00,149.00,5967.8
118.00,149.00,5787.4
120.00,149.00,5591.2
122.00,149.00,5377.7
124.00,149.00,5142.9
126.00,149.00,4876.3
128.00,149.00,4565.9
130.00,149.00,4205.6
132.00,149.00,3803.5
134.00,149.00,3383.6
136.00,149.00,2975.0
138.00,149.00,2596.2
140.00,149.00,2254.5
142.00,149.00,1947.6
144.00,149.00,1670.0
146.00,149.00,1457.3
148.00,149.00,1268.7
150.00,149.00,1106.0
152.00,149.00,967.4
154.00,149.00,850.3
156.00,149.00,751.9
158.00,149.00,669.5
160.00,149.00,600.9
162.00,149.00,543.9
164.00,149.00,496.9
166.00,149.00,458.2
168.00,149.00,426.5
170.00,149.00,400.7
172.00,149.00,379.7
174.00,149.00,362.8
176.00,149.00,349.3
178.00,149.00,338.5
180.00,149.00,329.9
182.00,149.00,323.2
184.00,149.00,317.9
186.00,149.00,313.8
188.00,149.00,310.7
190.00,149.00,308.3
192.00,149.00,306.6
194.00,149.00,305.3
196.00,149.00,304.6
198.00,149.00,304.2
